StartDate,EndDate,Status,IPAddress,Progress,Duration (in seconds),Finished,RecordedDate,ResponseId,RecipientLastName,RecipientFirstName,RecipientEmail,ExternalReference,LocationLatitude,LocationLongitude,DistributionChannel,UserLanguage,Instructions,Gender,Age,Q218,Q219,Ethnicity,Education,Language,MultiLg,Country,Q758_First Click,Q758_Last Click,Q758_Page Submit,Q758_Click Count,item_1,item_1_rt_First Click,item_1_rt_Last Click,item_1_rt_Page Submit,item_1_rt_Click Count,item_2,Q412_First Click,Q412_Last Click,Q412_Page Submit,Q412_Click Count,item_3,Q413_First Click,Q413_Last Click,Q413_Page Submit,Q413_Click Count,item_4,Q414_First Click,Q414_Last Click,Q414_Page Submit,Q414_Click Count,item_5,Q415_First Click,Q415_Last Click,Q415_Page Submit,Q415_Click Count,item_6,Q416_First Click,Q416_Last Click,Q416_Page Submit,Q416_Click Count,item_7,Q417_First Click,Q417_Last Click,Q417_Page Submit,Q417_Click Count,item_8,Q418_First Click,Q418_Last Click,Q418_Page Submit,Q418_Click Count,item_9,Q419_First Click,Q419_Last Click,Q419_Page Submit,Q419_Click Count,item_10,Q420_First Click,Q420_Last Click,Q420_Page Submit,Q420_Click Count,item_11,Q421_First Click,Q421_Last Click,Q421_Page Submit,Q421_Click Count,item_12,Q422_First Click,Q422_Last Click,Q422_Page Submit,Q422_Click Count,item_13,Q423_First Click,Q423_Last Click,Q423_Page Submit,Q423_Click Count,item_14,Q424_First Click,Q424_Last Click,Q424_Page Submit,Q424_Click Count,item_15,check1,Q425_First Click,Q425_Last Click,Q425_Page Submit,Q425_Click Count,Q951_First Click,Q951_Last Click,Q951_Page Submit,Q951_Click Count,item_1_glo,Q953_First Click,Q953_Last Click,Q953_Page Submit,Q953_Click Count,item_2_glo,Q426_First Click,Q426_Last Click,Q426_Page Submit,Q426_Click Count,item_3_glo,Q427_First Click,Q427_Last Click,Q427_Page Submit,Q427_Click Count,item_4_glo,Q428_First Click,Q428_Last Click,Q428_Page Submit,Q428_Click Count,item_5_glo,Q429_First Click,Q429_Last Click,Q429_Page Submit,Q429_Click Count,item_6_glo,Q430_First Click,Q430_Last Click,Q430_Page Submit,Q430_Click Count,item_7_glo,Q431_First Click,Q431_Last Click,Q431_Page Submit,Q431_Click Count,item_8_glo,Q432_First Click,Q432_Last Click,Q432_Page Submit,Q432_Click Count,item_9_glo,Q433_First Click,Q433_Last Click,Q433_Page Submit,Q433_Click Count,item_10_glo,Q434_First Click,Q434_Last Click,Q434_Page Submit,Q434_Click Count,item_11_glo,Q435_First Click,Q435_Last Click,Q435_Page Submit,Q435_Click Count,item_12_glo,Q436_First Click,Q436_Last Click,Q436_Page Submit,Q436_Click Count,item_13_glo,Q437_First Click,Q437_Last Click,Q437_Page Submit,Q437_Click Count,item_14_glo,Q438_First Click,Q438_Last Click,Q438_Page Submit,Q438_Click Count,item_15_glo,check2,Q439_First Click,Q439_Last Click,Q439_Page Submit,Q439_Click Count,Cultural Competence_1,Cultural Competence_2,Cultural Competence_3,Cultural Competence_4,Cultural Competence_5,Cultural Competence_6,Cultural Competence_7,Cultural Competence_8,Cultural Competence_9,Cultural Competence_10,Cultural Competence_11,Cultural Competence_12,Cultural Competence_13,Cultural Competence_14,Cultural Competence_15,Cultural Competence_16,Cultural Competence_17,Cultural Competence_18,Cultural Competence_19,Cultural Competence_20,Cultural Competence_21,Cultural Competence_22,Cultural Competence_23,Cultural Competence_24,Cultural Competence_25,Cultural Competence_26,Cultural Competence_27,Cultural Competence_28,Cultural Competence_29,Cultural Competence_30,Cultural Competence_31,Cultural Competence_32,Cultural Competence_33,Cultural Competence_34,Cultural Competence_35,Cultural Competence_36,SC0,item_1_sa,item_2_sa,item_3_sa,item_4_sa,item_5_sa,item_6_sa,item_7_sa,item_8_sa,item_9_sa,item_10_sa,item_11_sa,item_12_sa,item_13_sa,item_14_sa,item_15_sa,item_1_sa_betw,item_2_sa_betw,item_3_sa_betw,item_4_sa_betw,item_5_sa_betw,item_6_sa_betw,item_7_sa_betw,item_8_sa_betw,item_9_sa_betw,item_10_sa_betw,item_11_sa_betw,item_12_sa_betw,item_13_sa_betw,item_14_sa_betw,item_15_sa_betw,item_1_chi,item_2_chi,item_3_chi,item_4_chi,item_5_chi,item_6_chi,item_7_chi,item_8_chi,item_9_chi,item_10_chi,item_11_chi,item_12_chi,item_13_chi,item_14_chi,item_15_chi,item_1_chi_betw,item_2_chi_betw,item_3_chi_betw,item_4_chi_betw,item_5_chi_betw,item_6_chi_betw,item_7_chi_betw,item_8_chi_betw,item_9_chi_betw,item_10_chi_betw,item_11_chi_betw,item_12_chi_betw,item_13_chi_betw,item_14_chi_betw,item_15_chi_betw,sa_within,sa_between,chile_within,chile_between,crossed_item_1_sa,crossed_item_2_sa,crossed_item_3_sa,crossed_item_4_sa,crossed_item_5_sa,crossed_item_6_sa,crossed_item_7_sa,crossed_item_8_sa,crossed_item_9_sa,crossed_item_10_sa,crossed_item_11_sa,crossed_item_12_sa,crossed_item_13_sa,crossed_item_14_sa,crossed_item_15_sa,crossed_item_1_sa_betw,crossed_item_2_sa_betw,crossed_item_3_sa_betw,crossed_item_4_sa_betw,crossed_item_5_sa_betw,crossed_item_6_sa_betw,crossed_item_7_sa_betw,crossed_item_8_sa_betw,crossed_item_9_sa_betw,crossed_item_10_sa_betw,crossed_item_11_sa_betw,crossed_item_12_sa_betw,crossed_item_13_sa_betw,crossed_item_14_sa_betw,crossed_item_15_sa_betw,crossed_item_1_chi,crossed_item_2_chi,crossed_item_3_chi,crossed_item_4_chi,crossed_item_5_chi,crossed_item_6_chi,crossed_item_7_chi,crossed_item_8_chi,crossed_item_9_chi,crossed_item_10_chi,crossed_item_11_chi,crossed_item_12_chi,crossed_item_13_chi,crossed_item_14_chi,crossed_item_15_chi,crossed_item_1_chi_betw,crossed_item_2_chi_betw,crossed_item_3_chi_betw,crossed_item_4_chi_betw,crossed_item_5_chi_betw,crossed_item_6_chi_betw,crossed_item_7_chi_betw,crossed_item_8_chi_betw,crossed_item_9_chi_betw,crossed_item_10_chi_betw,crossed_item_11_chi_betw,crossed_item_12_chi_betw,crossed_item_13_chi_betw,crossed_item_14_chi_betw,crossed_item_15_chi_betw,crossed_sa_within,crossed_sa_between,crossed_chile_within,crossed_chile_between,crossed_within_item_1_sa,crossed_within_item_2_sa,crossed_within_item_3_sa,crossed_within_item_4_sa,crossed_within_item_5_sa,crossed_within_item_6_sa,crossed_within_item_7_sa,crossed_within_item_8_sa,crossed_within_item_9_sa,crossed_within_item_10_sa,crossed_within_item_11_sa,crossed_within_item_12_sa,crossed_within_item_13_sa,crossed_within_item_14_sa,crossed_within_item_15_sa,crossed_within_item_1_sa_betw,crossed_within_item_2_sa_betw,crossed_within_item_3_sa_betw,crossed_within_item_4_sa_betw,crossed_within_item_5_sa_betw,crossed_within_item_6_sa_betw,crossed_within_item_7_sa_betw,crossed_within_item_8_sa_betw,crossed_within_item_9_sa_betw,crossed_within_item_10_sa_betw,crossed_within_item_11_sa_betw,crossed_within_item_12_sa_betw,crossed_within_item_13_sa_betw,crossed_within_item_14_sa_betw,crossed_within_item_15_sa_betw,crossed_within_item_1_chi,crossed_within_item_2_chi,crossed_within_item_3_chi,crossed_within_item_4_chi,crossed_within_item_5_chi,crossed_within_item_6_chi,crossed_within_item_7_chi,crossed_within_item_8_chi,crossed_within_item_9_chi,crossed_within_item_10_chi,crossed_within_item_11_chi,crossed_within_item_12_chi,crossed_within_item_13_chi,crossed_within_item_14_chi,crossed_within_item_15_chi,crossed_within_item_1_chi_betw,crossed_within_item_2_chi_betw,crossed_within_item_3_chi_betw,crossed_within_item_4_chi_betw,crossed_within_item_5_chi_betw,crossed_within_item_6_chi_betw,crossed_within_item_7_chi_betw,crossed_within_item_8_chi_betw,crossed_within_item_9_chi_betw,crossed_within_item_10_chi_betw,crossed_within_item_11_chi_betw,crossed_within_item_12_chi_betw,crossed_within_item_13_chi_betw,crossed_within_item_14_chi_betw,crossed_within_item_15_chi_betw,crossed_within_sa_within,crossed_within_sa_between,crossed_within_chile_within,crossed_within_chile_between,within_stand_11,within_crossed_12,between_stand_21,between_crossed_22,within_crossed_with_12,between_crossed_with_22,knowledge,aware_others,proactive_skills,aware_self,cultural_competence
start date,end date,response type,ip address,progress,duration (in seconds),finished,recorded date,response id,recipient last name,recipient first name,recipient email,external data reference,location latitude,location longitude,distribution channel,user language,"welcome to the coordinating judgement study!  

 

please read the following information before starting the study.

 

what is the purpose of this study? 

the purpose of this study is to investigate your intuitive judgements on questions where there may be no single “correct” answer.



what does this study involve? 

your participation in this study may last up to 30 minutes. you will expected to complete a few sociodemographic questions and a questionnaire with 36 questions.



to ensure the quality of survey data, your responses will be subject to sophisticated statistical control methods. responding without much effort will be flagged for low-quality data. though you will receive payment regardless of your data quality, please note that your honest and thoughtful responses are important to us and to the study.

 

other important items you should know



benefits from participation: you will receive £6 for participating in this study. additionally, you may experience indirect benefits (e.g. learning more about experimental psychology).





risks associated with participation: whilst participating in this study, you will encounter no greater risks of discomfort than found in routine daily activities.





withdrawing from the study: participation in this study is completely voluntary and you may choose to stop your participation at any time. you can also withdraw all or part of your data up to one month after participation by contacting the researchers (see below for contact details).





data collection: the data collected in this study will include your responses in all sections of the survey, as well as basic demographic information. the data collected will be used only for the purpose described in this form. the raw data will only be available to the principal investigator listed in this consent form and other personnel involved in this study at the university of birmingham.  during the data collection process, the data will be stored on qualtrics' secure servers. when the data collection is complete, data will be stored on a secure computer. once the study is complete, a copy of the anonymised data may be made available to journals to publish on their website to accompany publications arising from this study. fully anonymised datasets may be shared with other researchers according to open access data sharing 2ments. data gathered from this study will be maintained as long as required by regulations: up to 10 years following the publication of empirical articles or communications describing the results of the study.





confidentiality: every effort will be taken to protect the names of the participants in this study. your identity will not be recorded as part of your data, and will not be revealed in any publication that may result from this study; your consent form will not be stored with your data, to ensure that your identity cannot be linked in any way to your data. all information you provide will be kept confidential, except as governed by law.





who should you contact if you have questions about this study? 



daniel perez-zapata (principal investigator), school of psychology, university of birmingham, 

d.perezzapata@bham.ac.uk



professor ian apperly (supervisor), school of psychology, university of birmingham, i.a.apperly@bham.ac.uk





selecting the ""i consent"" option, indicates that

- you have read the information above.

- you voluntarily 2 to participate in this study and understand you can withdraw at any time.- you consent to anonymised versions of the study data being shared in the future.

- you are 18 years of age or older.",gender - selected choice,age (years):,nationality:,what country do you live in?,"ethnicity. what is your ethnic background? 
please use whatever term or terms you would choose to describe yourself. for example, mixed-****, black-****, white-****, or asian-****, arab-****, latin american-****, where **** provides any additional detail that you would use to describe yourself.",,is english your native language?,"based on the number of languages you are fluent in, do you consider yourself:",,timing - first click,timing - last click,timing - page submit,timing - click count,"type a suggestion for the category named below that you think your partner will also suggest.

 




 

1. name a city",timing - first click,timing - last click,timing - page submit,timing - click count,"type a suggestion for the category named below that you think your partner will also suggest.

 




 

2. name a sport player",timing - first click,timing - last click,timing - page submit,timing - click count,"type a suggestion for the category named below that you think your partner will also suggest.

 




 

3. name a world leader",timing - first click,timing - last click,timing - page submit,timing - click count,"type a suggestion for the category named below that you think your partner will also suggest.

 




 

4. name a building",timing - first click,timing - last click,timing - page submit,timing - click count,"type a suggestion for the category named below that you think your partner will also suggest.

 




 

5. name a mountain",timing - first click,timing - last click,timing - page submit,timing - click count,"type a suggestion for the category named below that you think your partner will also suggest.

 




 

6. name a dish",timing - first click,timing - last click,timing - page submit,timing - click count,"type a suggestion for the category named below that you think your partner will also suggest.

 




 

7. name a landmark",timing - first click,timing - last click,timing - page submit,timing - click count,"type a suggestion for the category named below that you think your partner will also suggest.

 




 

8. name a male singer",timing - first click,timing - last click,timing - page submit,timing - click count,"type a suggestion for the category named below that you think your partner will also suggest.

 




 

9. name a book",timing - first click,timing - last click,timing - page submit,timing - click count,"type a suggestion for the category named below that you think your partner will also suggest.

 




 

10. name a tv broadcast organisation",timing - first click,timing - last click,timing - page submit,timing - click count,"type a suggestion for the category named below that you think your partner will also suggest.

 




 

11. name a tourist city",timing - first click,timing - last click,timing - page submit,timing - click count,"type a suggestion for the category named below that you think your partner will also suggest.

 




 

12. name a female world leader",timing - first click,timing - last click,timing - page submit,timing - click count,"type a suggestion for the category named below that you think your partner will also suggest.

 




 

13. name a currency",timing - first click,timing - last click,timing - page submit,timing - click count,"type a suggestion for the category named below that you think your partner will also suggest.

 




 

14. name a flower",timing - first click,timing - last click,timing - page submit,timing - click count,"type a suggestion for the category named below that you think your partner will also suggest.

 




 

15. name a sport","type a suggestion for the category named below that you think your partner will also suggest.

 
 



 

please name the colour of grass.",timing - first click,timing - last click,timing - page submit,timing - click count,timing - first click,timing - last click,timing - page submit,timing - click count,"type a suggestion for the category named below that you think your partner will also suggest.



 


 

1. name a city",timing - first click,timing - last click,timing - page submit,timing - click count,"type a suggestion for the category named below that you think your partner will also suggest.




 

2. name a sport player",timing - first click,timing - last click,timing - page submit,timing - click count,"type a suggestion for the category named below that you think your partner will also suggest.




 

3. name a world leader",timing - first click,timing - last click,timing - page submit,timing - click count,"type a suggestion for the category named below that you think your partner will also suggest.




 

4. name a building",timing - first click,timing - last click,timing - page submit,timing - click count,"type a suggestion for the category named below that you think your partner will also suggest.




 

5. name a mountain",timing - first click,timing - last click,timing - page submit,timing - click count,"type a suggestion for the category named below that you think your partner will also suggest.




 

6. name a dish",timing - first click,timing - last click,timing - page submit,timing - click count,"type a suggestion for the category named below that you think your partner will also suggest.




 

7. name a landmark",timing - first click,timing - last click,timing - page submit,timing - click count,"type a suggestion for the category named below that you think your partner will also suggest.




 

8. name a male singer",timing - first click,timing - last click,timing - page submit,timing - click count,"type a suggestion for the category named below that you think your partner will also suggest.




 

9. name a book",timing - first click,timing - last click,timing - page submit,timing - click count,"type a suggestion for the category named below that you think your partner will also suggest.




 

10. name a tv broadcast organisation",timing - first click,timing - last click,timing - page submit,timing - click count,"type a suggestion for the category named below that you think your partner will also suggest.




 

11. name a tourist city",timing - first click,timing - last click,timing - page submit,timing - click count,"type a suggestion for the category named below that you think your partner will also suggest.




 

12. name a female world leader",timing - first click,timing - last click,timing - page submit,timing - click count,"type a suggestion for the category named below that you think your partner will also suggest.




 

13. name a currency",timing - first click,timing - last click,timing - page submit,timing - click count,"type a suggestion for the category named below that you think your partner will also suggest.




 

14. name a flower",timing - first click,timing - last click,timing - page submit,timing - click count,"type a suggestion for the category named below that you think your partner will also suggest.




 

15. name a sport","type a suggestion for the category named below that you think your partner will also suggest.

 

 

 

please name the temperature of boiling water.",timing - first click,timing - last click,timing - page submit,timing - click count,,,,,,,,,,,,,,,,,,,,,,,,,,,,,,,,,,,,,score,,,,,,,,,,,,,,,,,,,,,,,,,,,,,,,,,,,,,,,,,,,,,,,,,,,,,,,,,,,,,,,,,,,,,,,,,,,,,,,,,,,,,,,,,,,,,,,,,,,,,,,,,,,,,,,,,,,,,,,,,,,,,,,,,,,,,,,,,,,,,,,,,,,,,,,,,,,,,,,,,,,,,,,,,,,,,,,,,,,,,,,,,,,,,,,,,,,,,,,,,,,
"{""importid"":""startdate"",""timezone"":""europe/london""}","{""importid"":""enddate"",""timezone"":""europe/london""}","{""importid"":""status""}","{""importid"":""ipaddress""}","{""importid"":""progress""}","{""importid"":""duration""}","{""importid"":""finished""}","{""importid"":""recordeddate"",""timezone"":""europe/london""}","{""importid"":""_recordid""}","{""importid"":""recipientlastname""}","{""importid"":""recipientfirstname""}","{""importid"":""recipientemail""}","{""importid"":""externaldatareference""}","{""importid"":""locationlatitude""}","{""importid"":""locationlongitude""}","{""importid"":""distributionchannel""}","{""importid"":""userlanguage""}","{""importid"":""qid172807553""}","{""importid"":""qid208""}","{""importid"":""qid9_text""}","{""importid"":""qid704_text""}","{""importid"":""qid705_text""}","{""importid"":""qid209_text""}",,"{""importid"":""qid12""}","{""importid"":""qid13""}",,"{""importid"":""qid758_first_click""}","{""importid"":""qid758_last_click""}","{""importid"":""qid758_page_submit""}","{""importid"":""qid758_click_count""}","{""importid"":""qid763_text""}","{""importid"":""qid764_first_click""}","{""importid"":""qid764_last_click""}","{""importid"":""qid764_page_submit""}","{""importid"":""qid764_click_count""}","{""importid"":""qid936_text""}","{""importid"":""qid970_first_click""}","{""importid"":""qid970_last_click""}","{""importid"":""qid970_page_submit""}","{""importid"":""qid970_click_count""}","{""importid"":""qid937_text""}","{""importid"":""qid971_first_click""}","{""importid"":""qid971_last_click""}","{""importid"":""qid971_page_submit""}","{""importid"":""qid971_click_count""}","{""importid"":""qid938_text""}","{""importid"":""qid972_first_click""}","{""importid"":""qid972_last_click""}","{""importid"":""qid972_page_submit""}","{""importid"":""qid972_click_count""}","{""importid"":""qid939_text""}","{""importid"":""qid973_first_click""}","{""importid"":""qid973_last_click""}","{""importid"":""qid973_page_submit""}","{""importid"":""qid973_click_count""}","{""importid"":""qid940_text""}","{""importid"":""qid974_first_click""}","{""importid"":""qid974_last_click""}","{""importid"":""qid974_page_submit""}","{""importid"":""qid974_click_count""}","{""importid"":""qid941_text""}","{""importid"":""qid975_first_click""}","{""importid"":""qid975_last_click""}","{""importid"":""qid975_page_submit""}","{""importid"":""qid975_click_count""}","{""importid"":""qid942_text""}","{""importid"":""qid976_first_click""}","{""importid"":""qid976_last_click""}","{""importid"":""qid976_page_submit""}","{""importid"":""qid976_click_count""}","{""importid"":""qid943_text""}","{""importid"":""qid977_first_click""}","{""importid"":""qid977_last_click""}","{""importid"":""qid977_page_submit""}","{""importid"":""qid977_click_count""}","{""importid"":""qid944_text""}","{""importid"":""qid978_first_click""}","{""importid"":""qid978_last_click""}","{""importid"":""qid978_page_submit""}","{""importid"":""qid978_click_count""}","{""importid"":""qid945_text""}","{""importid"":""qid979_first_click""}","{""importid"":""qid979_last_click""}","{""importid"":""qid979_page_submit""}","{""importid"":""qid979_click_count""}","{""importid"":""qid946_text""}","{""importid"":""qid980_first_click""}","{""importid"":""qid980_last_click""}","{""importid"":""qid980_page_submit""}","{""importid"":""qid980_click_count""}","{""importid"":""qid947_text""}","{""importid"":""qid981_first_click""}","{""importid"":""qid981_last_click""}","{""importid"":""qid981_page_submit""}","{""importid"":""qid981_click_count""}","{""importid"":""qid948_text""}","{""importid"":""qid982_first_click""}","{""importid"":""qid982_last_click""}","{""importid"":""qid982_page_submit""}","{""importid"":""qid982_click_count""}","{""importid"":""qid949_text""}","{""importid"":""qid998_text""}","{""importid"":""qid983_first_click""}","{""importid"":""qid983_last_click""}","{""importid"":""qid983_page_submit""}","{""importid"":""qid983_click_count""}","{""importid"":""qid951_first_click""}","{""importid"":""qid951_last_click""}","{""importid"":""qid951_page_submit""}","{""importid"":""qid951_click_count""}","{""importid"":""qid952_text""}","{""importid"":""qid953_first_click""}","{""importid"":""qid953_last_click""}","{""importid"":""qid953_page_submit""}","{""importid"":""qid953_click_count""}","{""importid"":""qid954_text""}","{""importid"":""qid984_first_click""}","{""importid"":""qid984_last_click""}","{""importid"":""qid984_page_submit""}","{""importid"":""qid984_click_count""}","{""importid"":""qid955_text""}","{""importid"":""qid985_first_click""}","{""importid"":""qid985_last_click""}","{""importid"":""qid985_page_submit""}","{""importid"":""qid985_click_count""}","{""importid"":""qid956_text""}","{""importid"":""qid986_first_click""}","{""importid"":""qid986_last_click""}","{""importid"":""qid986_page_submit""}","{""importid"":""qid986_click_count""}","{""importid"":""qid957_text""}","{""importid"":""qid987_first_click""}","{""importid"":""qid987_last_click""}","{""importid"":""qid987_page_submit""}","{""importid"":""qid987_click_count""}","{""importid"":""qid958_text""}","{""importid"":""qid988_first_click""}","{""importid"":""qid988_last_click""}","{""importid"":""qid988_page_submit""}","{""importid"":""qid988_click_count""}","{""importid"":""qid959_text""}","{""importid"":""qid989_first_click""}","{""importid"":""qid989_last_click""}","{""importid"":""qid989_page_submit""}","{""importid"":""qid989_click_count""}","{""importid"":""qid960_text""}","{""importid"":""qid990_first_click""}","{""importid"":""qid990_last_click""}","{""importid"":""qid990_page_submit""}","{""importid"":""qid990_click_count""}","{""importid"":""qid961_text""}","{""importid"":""qid991_first_click""}","{""importid"":""qid991_last_click""}","{""importid"":""qid991_page_submit""}","{""importid"":""qid991_click_count""}","{""importid"":""qid962_text""}","{""importid"":""qid992_first_click""}","{""importid"":""qid992_last_click""}","{""importid"":""qid992_page_submit""}","{""importid"":""qid992_click_count""}","{""importid"":""qid963_text""}","{""importid"":""qid993_first_click""}","{""importid"":""qid993_last_click""}","{""importid"":""qid993_page_submit""}","{""importid"":""qid993_click_count""}","{""importid"":""qid964_text""}","{""importid"":""qid994_first_click""}","{""importid"":""qid994_last_click""}","{""importid"":""qid994_page_submit""}","{""importid"":""qid994_click_count""}","{""importid"":""qid965_text""}","{""importid"":""qid995_first_click""}","{""importid"":""qid995_last_click""}","{""importid"":""qid995_page_submit""}","{""importid"":""qid995_click_count""}","{""importid"":""qid966_text""}","{""importid"":""qid996_first_click""}","{""importid"":""qid996_last_click""}","{""importid"":""qid996_page_submit""}","{""importid"":""qid996_click_count""}","{""importid"":""qid967_text""}","{""importid"":""qid999_text""}","{""importid"":""qid997_first_click""}","{""importid"":""qid997_last_click""}","{""importid"":""qid997_page_submit""}","{""importid"":""qid997_click_count""}",,,,,,,,,,,,,,,,,,,,,,,,,,,,,,,,,,,,,"{""importid"":""sc_1wznsv5kxrsww3z""}",,,,,,,,,,,,,,,,,,,,,,,,,,,,,,,,,,,,,,,,,,,,,,,,,,,,,,,,,,,,,,,,,,,,,,,,,,,,,,,,,,,,,,,,,,,,,,,,,,,,,,,,,,,,,,,,,,,,,,,,,,,,,,,,,,,,,,,,,,,,,,,,,,,,,,,,,,,,,,,,,,,,,,,,,,,,,,,,,,,,,,,,,,,,,,,,,,,,,,,,,,,
,,,,100,879,TRUE,14/02/2024 19:47,,,,,,,,anonymous,en,"i consent, begin the study",female,30,zimbabwean,south africa,"black, african",0,no,bilingual (2),south_african,0,0,14.173,0,johanessburg,1.556,1.556,9.162,1,messi,1.268,1.268,4.607,1,cyril ramaphosa,1.031,1.031,10.187,1,effle tower,1.638,1.638,10.192,1,table mountain,1.462,1.462,7.469,1,bunny chow,1.267,1.267,10.636,1,kruger park,3.597,3.597,9.315,1,usher,1.453,9.989,15.073,4,harry potter,0.64,0.64,6.869,1,sabc,1.994,1.994,8.142,1,cape town,0.796,0.796,5.899,1,greta,1.61,2.777,9.268,2,rand,2.279,2.279,5.569,1,rose,2.1,2.1,4.987,1,soccer,green,,,,,,,,,london,2.38,2.38,10.374,1,messi,1.181,1.181,6.504,1,joe bidden,0.621,0.621,10.226,1,effle tower,1.001,1.001,7.6,1,mount everest,1.131,1.131,8.585,1,pasta,1.046,1.046,5.825,1,yellowstone,1.594,1.594,7.247,1,usher,1.657,1.657,7,1,harry potter and the goblet of fire,0.814,0.814,14.819,1,bbc,0.679,5.718,6.279,2,cape town,1.036,1.036,10.39,1,dont know one,1.637,1.637,19.875,1,the doller,1.159,1.159,10.8,1,rose,2.104,2.104,5.746,1,soccer,100c,2.812,12.685,20.973,4,1,2,1,1,1,1,1,1,1,1,3,1,1,1,2,1,1,1,1,2,2,2,3,4,4,1,4,4,3,1,1,1,1,1,1,1,10,0.373737374,0.050505051,0.262626263,0.02020202,0.747474747,0.060606061,0.111111111,0.070707071,0.060606061,0.828282828,0.737373737,0.010204082,0.909090909,0.272727273,0.525252525,0.080808081,0.424242424,0.252525253,0.171717172,0.606060606,0.232323232,0,0.090909091,0.141414141,0.353535354,0.121212121,0,0.838383838,0.535353535,0.808080808,,,,,,,,,,,,,,,,,,,,,,,,,,,,,,,0.336033807,0.31043771,,,0,0.676767677,0,0.444444444,0,0,0,0.04040404,0.242424242,0,0,0.04040404,0,0.656565657,0.868686869,0.080808081,0.676767677,0.323232323,0.444444444,0.787878788,0.161616162,0,0.04040404,0.242424242,0.353535354,0,0,0.878787879,0.656565657,0.868686869,,,,,,,,,,,,,,,,,,,,,,,,,,,,,,,0.197979798,0.367676768,,,0,0.101010101,0,0.03030303,0,0,0,0,0.121212121,0,0,0.01010101,0,0.313131313,0.97979798,0,0.101010101,0.141414141,0.03030303,0.181818182,0.03030303,0,0,0.121212121,0,0,0,0.141414141,0.313131313,0.97979798,,,,,,,,,,,,,,,,,,,,,,,,,,,,,,,0.103703704,0.136026936,,,0.336033807,0.197979798,0.31043771,0.367676768,0.103703704,0.136026936,1.25,1.4,3.285714286,1,1.733928571
,,,,100,1124,TRUE,14/02/2024 19:51,,,,,,,,anonymous,en,"i consent, begin the study",female,40,british,south africa,white,0,yes,monolingual (1),south_african,0,0,19.015,0,johannesburg,8.6,18.04,20.265,2,francois pienaar,3.537,33.778,38.767,3,nelson mandela,5.799,13.157,14.413,3,parliament,4.817,34.326,35.702,3,table mountain,2.426,10.138,11.722,3,babotie,4.744,24.284,30.886,5,sterkfontein caves,6.287,27.218,29.443,4,johnny clegg,2.573,14.975,16.065,2,jock of the bushveld,2.856,12.729,13.861,2,sabc,3.59,8.376,9.413,2,cape town,2.296,10.081,11.374,2,theresa may,4.783,21.131,23.745,2,rand,2.672,7.751,8.975,2,protea,2.45,8.79,10.248,2,rugby,green,,,,,,,,,new york,2.325,4.012,9.593,2,messi,2.728,11.27,17.159,2,jo biden,2.082,7.02,8.369,2,empire state building,1.834,11.747,12.768,2,table mountain,2.355,10.034,11.001,2,pasta,2.038,11.276,12.383,2,great pyramid of giza,1.722,22.443,23.51,2,elton john,2.035,18.004,19.067,2,lord of the rings,1.594,9.671,10.722,2,bbc,6.054,12.127,13.223,2,paris,2.272,11.95,13.151,2,teresa may,2,16.77,18.342,2,dollar,1.686,5.98,7.3,2,rose,1.633,6.95,8.087,2,football,100 degrees celsius,1.917,15.235,29.665,4,2,2,1,1,2,1,2,1,3,2,2,1,1,1,2,1,1,1,1,2,1,2,3,2,3,4,4,4,2,2,2,3,3,3,2,3,8,0.373737374,0,0.373737374,0.050505051,0.747474747,0.03030303,0,0.01010101,0,0.828282828,0.737373737,0.010204082,0.909090909,0.494949495,0.434343434,0.525252525,0.424242424,0.252525253,0.252525253,0.080808081,0.232323232,0.070707071,0,0.03030303,0.353535354,0.363636364,0.010204082,0.838383838,0.535353535,0.808080808,,,,,,,,,,,,,,,,,,,,,,,,,,,,,,,0.333340205,0.31852539,,,0,0,0.01010101,0,0,0,0,0,0,0,0,0,0,0,0.01010101,0.646464646,0.676767677,0.323232323,0.313131313,0,0.161616162,0.04040404,0,0.101010101,0.353535354,0.454545455,0,0.878787879,0.656565657,0.868686869,,,,,,,,,,,,,,,,,,,,,,,,,,,,,,,0.001346801,0.364983165,,,0,0,0.01010101,0,0,0,0,0,0,0,0,0,0,0,0,0,0.101010101,0.141414141,0,0,0.03030303,0,0,0.01010101,0,0.01010101,0,0.141414141,0.313131313,0.97979798,,,,,,,,,,,,,,,,,,,,,,,,,,,,,,,0.000673401,0.115151515,,,0.333340205,0.001346801,0.31852539,0.364983165,0.000673401,0.115151515,1.666666667,1.3,3.142857143,2.571428571,2.170238095
,,,,100,1227,TRUE,14/02/2024 19:52,,,,,,,,anonymous,en,"i consent, begin the study",male,30,south african,south africa,black,0,yes,multilingual (more than 2),south_african,0,0,15.205,0,johannesburg,6.518,6.518,12.551,1,siya kolisi,1.608,1.608,8.607,1,vladimir putin,4.3,4.3,14.203,1,union building,4.238,4.238,9.731,1,drakensburg mountain,1.399,1.399,8.447,1,mogodu,3.18,3.18,8.338,1,table mountain,1.562,1.562,7.886,1,vusi nova,1.212,1.212,5.545,1,48 laws of power,0.876,0.876,6.044,1,sabc,1.409,1.409,5.677,1,durban,0.868,0.868,5.522,1,deputy president of the usa,1.214,1.214,10.628,1,zar,0.87,0.87,3.66,1,protea flower,0.868,0.868,5.739,1,soccer,green,,,,,,,,,amsterdam,0.938,0.938,6.858,1,messi,0.912,0.912,6.259,1,vladimir putin,186.58,186.58,191.777,1,the white house,3.219,3.219,16.778,1,mount everest,106.424,106.424,113.629,1,pasta,0.695,0.695,4.805,1,grand canyons,0.809,0.809,12.871,1,bruno mars,1.078,1.078,5.047,1,"rich dad, poor dad",1.514,1.514,12.732,1,cbs,1.286,1.286,5.676,1,new york city,0.569,0.569,7.674,1,deputy president of the usa,0.868,0.868,11.001,1,$,0.484,0.484,4.339,1,rose,0.52,0.52,3.457,1,soccer,100 degrees celsius,6.472,39.285,41.685,6,2,2,2,1,2,2,2,2,2,2,1,2,2,2,1,1,1,1,1,1,1,1,1,2,3,2,2,2,3,1,1,1,1,1,1,1,9,0.373737374,0.343434343,0.080808081,0.424242424,0.070707071,0.03030303,0.171717172,0.050505051,0.02020202,0.828282828,0.101010101,0.020408163,0.909090909,0.494949495,0.525252525,0,0.424242424,0.222222222,0.090909091,0.606060606,0.232323232,0.01010101,0.01010101,0.090909091,0,0.121212121,0.040816327,0.838383838,0.535353535,0.808080808,,,,,,,,,,,,,,,,,,,,,,,,,,,,,,,0.296310039,0.268714354,,,0,0,0.181818182,0,0,0,0,0,0,0,0,0.070707071,0,0,0.868686869,0,0.676767677,0.181818182,0,0.787878788,0.161616162,0.02020202,0.01010101,0,0.01010101,0.121212121,0.070707071,0.878787879,0.656565657,0.868686869,,,,,,,,,,,,,,,,,,,,,,,,,,,,,,,0.074747475,0.296296296,,,0,0,0.070707071,0,0,0,0,0,0,0,0,0.02020202,0,0,0.97979798,0,0.101010101,0.070707071,0,0.181818182,0.03030303,0,0,0,0,0,0.02020202,0.141414141,0.313131313,0.97979798,,,,,,,,,,,,,,,,,,,,,,,,,,,,,,,0.071380471,0.122558923,,,0.296310039,0.074747475,0.268714354,0.296296296,0.071380471,0.122558923,1.833333333,1.2,2.142857143,1,1.544047619
,,,,100,1231,TRUE,14/02/2024 19:53,,,,,,,,anonymous,en,"i consent, begin the study",male,26,south african,south africa,black,0,no,bilingual (2),south_african,28.543,28.543,29.387,1,joburg,1.847,1.847,17.295,1,soccer,1.532,1.532,5.16,1,ramaphosa,1.74,1.74,8.709,1,union building,1.568,1.568,17.82,1,table mountain,1.668,1.668,8.677,1,pap and vleis,1.703,1.703,12.786,1,table mountain,1.531,1.531,14.512,1,chris brown,2.087,11.69,13.69,2,bible,1.141,1.141,8.489,1,sabc,1.284,1.284,6.528,1,cape town,1.575,1.575,7.277,1,,2.069,2.069,10.29,1,rand,1.193,1.193,4.2,1,rose,1.275,1.275,3.755,1,soccer,green,,,,,,,,,paris,15.421,15.421,19.882,1,messi,2.805,2.805,11.212,1,joe biden,2.643,2.643,17.687,1,empire state building,2.259,2.259,19.676,1,everest,1.734,18.585,20.903,2,pasta,2.52,2.52,11.445,1,colesseum,2.364,2.364,38.741,1,justin bieber,1.384,1.384,17.824,1,animal farm,1.758,1.758,9.162,1,espn,4.752,4.752,13.984,1,paris,2.511,2.511,9.086,1,,2.97,40.19,41.46,2,dollar,1.751,1.751,6.448,1,rose,2.178,2.178,4.758,1,football,100,18.815,44.009,58.111,2,2,2,2,3,2,2,2,2,2,2,4,2,2,2,1,2,1,1,1,2,1,2,1,3,4,2,4,3,4,1,1,2,1,1,1,1,9,0,0.02020202,0.262626263,0.424242424,0.747474747,0.282828283,0.171717172,0.090909091,0.080808081,0.828282828,0.737373737,,0.909090909,0.272727273,0.525252525,0.060606061,0.424242424,0.252525253,0.252525253,0.606060606,0.232323232,0,0.111111111,0.01010101,0.04040404,0.363636364,,0.838383838,0.535353535,0.808080808,,,,,,,,,,,,,,,,,,,,,,,,,,,,,,,0.382395382,0.323953824,,,0,0,0,0,0,0,0,0,0.212121212,0,0,0,0,0.656565657,0.868686869,0.080808081,0.676767677,0.323232323,0.313131313,0.787878788,0.161616162,0,0.101010101,0,0.02020202,0.454545455,0,0.878787879,0.656565657,0.868686869,,,,,,,,,,,,,,,,,,,,,,,,,,,,,,,0.115824916,0.354882155,,,0,0,0,0,0,0,0,0,0.080808081,0,0,0,0,0.313131313,0.97979798,0,0.101010101,0.141414141,0,0.181818182,0.03030303,0,0.04040404,0,0,0.01010101,0,0.141414141,0.313131313,0.97979798,,,,,,,,,,,,,,,,,,,,,,,,,,,,,,,0.091582492,0.129292929,,,0.382395382,0.115824916,0.323953824,0.354882155,0.091582492,0.129292929,2.25,1.5,3,1.142857143,1.973214286
,,,,100,1231,TRUE,14/02/2024 19:53,,,,,,,,anonymous,en,"i consent, begin the study",female,66,south african,south africa,white,-1,no,bilingual (2),south_african,0,0,13.999,0,cape town,18.717,18.717,29.941,1,percy tau,3.495,3.495,63.867,1,cyril rhamaphosa,2.499,2.499,19.159,1,union building,3.759,3.759,11.523,1,table mountain,1.587,1.587,8.7,1,pap and chops,1.96,1.96,23.67,1,robben island,1.848,1.848,41.092,1,lucky dube,2.057,2.057,30.69,1,blood in jerusalem,1.485,1.485,33.964,1,sabc,1.667,1.667,7.32,1,durban,1.956,1.956,9.122,1,angela merkel,1.504,1.504,40.404,1,pounds,1.63,1.63,5.909,1,sunflower,1.397,1.397,5.796,1,soccer,green,,,,,,,,,london,2.109,2.109,6.342,1,joe marhant,2.111,2.111,57.422,1,donald trump,1.118,1.118,10.158,1,colosseum,1.233,1.233,30.329,1,mount everest,0.777,0.777,23.581,1,sushi,0.922,0.922,25.189,1,eiffel tower,1.124,1.124,26.155,1,cliff richard,1.237,9.884,13.938,2,pride and prejudice,1.434,1.434,24.388,1,bbc,3.623,3.623,35.743,1,paris,1.226,1.226,17.946,1,winny mandela,1.623,1.623,31.366,1,dollar,1.178,1.178,6.88,1,rose,1.676,1.676,33.843,1,rugby,98 degrees celsius,1.346,9.296,52.052,2,2,2,2,3,2,1,1,1,2,2,2,3,2,2,1,1,1,1,1,1,2,1,2,3,3,1,3,4,4,2,1,1,4,4,2,4,9,0.424242424,0.03030303,0.262626263,0.424242424,0.747474747,0.282828283,0.222222222,0.01010101,0,0.828282828,0.101010101,0.030612245,0.01010101,0.131313131,0.525252525,0.080808081,0,0.131313131,0.02020202,0.606060606,0.161616162,0.313131313,0,0.02020202,0.353535354,0.363636364,0,0.838383838,0.535353535,0.050505051,,,,,,,,,,,,,,,,,,,,,,,,,,,,,,,0.268707483,0.231649832,,,0,0,0,0,0,0,0,0,0,0,0,0.272727273,0,0.141414141,0.868686869,0.080808081,0,0.212121212,0.01010101,0.787878788,0.060606061,0.222222222,0,0.01010101,0.353535354,0.454545455,0,0.878787879,0.656565657,0.01010101,,,,,,,,,,,,,,,,,,,,,,,,,,,,,,,0.085521886,0.249158249,,,0,0,0,0,0,0,0,0,0,0,0,0.03030303,0,0.060606061,0.97979798,0,0,0.101010101,0,0.181818182,0,0.02020202,0,0,0,0.01010101,0,0.141414141,0.313131313,0,,,,,,,,,,,,,,,,,,,,,,,,,,,,,,,0.071380471,0.051178451,,,0.268707483,0.085521886,0.231649832,0.249158249,0.071380471,0.051178451,1.916666667,1.3,2.857142857,2.571428571,2.161309524
,,,,100,1306,TRUE,14/02/2024 19:54,,,,,,,,anonymous,en,"i consent, begin the study",female,25,african,south africa,black,0,yes,multilingual (more than 2),south_african,0,0,17.039,0,cape town,11.462,11.462,21.988,1,thembinkosi lorch,3.936,3.936,12.102,1,nelson mandela,2.173,2.173,22.246,1,tower house,3.247,3.247,24.201,1,table mountain,1.793,1.793,8.401,1,etalian dish,1.378,1.378,22.858,1,gruger national park,3.105,3.105,27.444,1,aka,1.668,1.668,8.16,1,what happened to you,1.016,1.016,14.971,1,disney,1.71,1.71,22.801,1,cape town,1.501,1.501,8.6,1,beyonce,1.482,1.482,5.901,1,rand,1.163,1.163,4.048,1,rose,1.092,1.092,4.199,1,soccer,green,,,,,,,,,newyork city,2.04,2.04,18.577,1,messi,0.76,8.859,9.301,5,beyonce,0.819,7.958,8.467,2,paris tower,0.771,9.65,10.001,2,table mountain,0.7,8.6,9.086,2,italian dish,0.742,8.499,8.801,2,cruger national park,0.634,13.562,13.996,2,drake,1.352,9.187,9.671,2,5am club,0.684,3.535,14.471,2,hbo,1.571,1.571,10.751,1,switzerland,1.401,35.03,35.566,3,michelle obama,2.487,16.129,16.541,3,dollar,1.658,5.399,5.801,3,rose,0.843,4.134,4.597,2,ruby,30 degrees celcious,0.587,33.701,34.283,6,1,1,3,3,2,3,1,2,2,2,4,4,1,4,2,2,2,1,1,1,1,1,3,4,4,2,2,3,3,1,1,1,1,1,1,1,10,0.424242424,0.03030303,0.373737374,0,0.747474747,0.060606061,0.111111111,0.111111111,0,0,0.737373737,0.010204082,0.909090909,0.272727273,0.525252525,0.525252525,0.424242424,0,0.171717172,0.080808081,0,0.02020202,0.060606061,0,0.02020202,0,0.12244898,0.838383838,0.535353535,0.050505051,,,,,,,,,,,,,,,,,,,,,,,,,,,,,,,0.287548959,0.189981447,,,0,0,0.01010101,0,0,0.161616162,0,0,0,0,0,0,0,0.656565657,0.868686869,0.646464646,0.676767677,0,0.444444444,0,0,0,0.03030303,0,0.01010101,0,0.050505051,0.878787879,0.656565657,0.01010101,,,,,,,,,,,,,,,,,,,,,,,,,,,,,,,0.113131313,0.226936027,,,0,0,0.01010101,0,0,0.03030303,0,0,0,0,0,0,0,0.313131313,0.97979798,0,0.101010101,0,0.03030303,0,0,0,0,0,0,0,0.02020202,0.141414141,0.313131313,0,,,,,,,,,,,,,,,,,,,,,,,,,,,,,,,0.088888889,0.04040404,,,0.287548959,0.113131313,0.189981447,0.226936027,0.088888889,0.04040404,2.333333333,1.6,3,1,1.983333333
,,,,100,1213,TRUE,14/02/2024 19:59,,,,,,,,anonymous,en,"i consent, begin the study",male,24,indian,south africa,asian-indian,0,yes,monolingual (1),south_african,7.634,33.382,35.577,6,cape town,1.321,1.321,5.111,1,faf de klerk,0,0,23.842,0,cyril ramaphosa,0,0,23.408,0,leaning tower of pisa,0,0,27.537,0,mount kilimanjaro,0,0,14.806,0,bunny chow,0.324,0.324,9.983,1,cape point,0,0,23.139,0,john lennon,0,0,42.466,0,romeo and juliet,0,0,19.555,0,sabc,0,0,4.167,0,cape town,0,0,5.302,0,angela merkel,0,0,40.748,0,south african rand,0,0,5.814,0,rose,0,0,2.563,0,rugby,green,,,,,,,,,new york,6.027,15.6,17.061,3,cristiano ronaldo,3.483,32.028,32.8,3,vladimir putin,0.959,22.504,29.771,5,the leaning tower of pisa,0.837,20.373,21.344,2,mount everest,0.3,0.3,9.931,1,sushi,0.279,12.332,13.414,2,the eiffel tower,0.205,0.205,23.464,1,zain malik,0.444,0.965,27.956,3,the holy quran,0.387,0.387,29.499,1,aljazeera,0.229,12.965,14.407,6,paris,0.421,0.421,4.202,1,angela merkel,0.073,2.086,60.266,2,u.s dollar,0.566,20.596,20.978,3,rose,0.303,0.303,5.773,1,football,100 degrees celcius,4.336,55.94,80.485,6,1,1,1,1,1,1,1,1,1,1,1,1,1,1,1,1,1,1,1,1,1,1,1,2,3,4,4,4,2,2,2,3,4,4,3,2,7,0.424242424,0.02020202,0.262626263,0,0.101010101,0.060606061,0,0,0.01010101,0.828282828,0.737373737,0.030612245,0.909090909,0.272727273,0.434343434,0.525252525,0.282828283,0.222222222,0.01010101,0.606060606,0.161616162,0.313131313,0,0,0.02020202,0.363636364,0.142857143,0.838383838,0.535353535,0.808080808,,,,,,,,,,,,,,,,,,,,,,,,,,,,,,,0.272747887,0.321981722,,,0,0,0,0,0,0,0,0,0.01010101,0,0,0.272727273,0,0.656565657,0.01010101,0.646464646,0.080808081,0.181818182,0,0.787878788,0.060606061,0.222222222,0,0,0,0.454545455,0.272727273,0.878787879,0.656565657,0.868686869,,,,,,,,,,,,,,,,,,,,,,,,,,,,,,,0.063299663,0.340740741,,,0,0,0,0,0,0,0,0,0,0,0,0.03030303,0,0.313131313,0,0,0.01010101,0.070707071,0,0.181818182,0,0.02020202,0,0,0,0.01010101,0.03030303,0.141414141,0.313131313,0.97979798,,,,,,,,,,,,,,,,,,,,,,,,,,,,,,,0.022895623,0.117171717,,,0.272747887,0.063299663,0.321981722,0.340740741,0.022895623,0.117171717,1,1,2.857142857,2.857142857,1.928571429
,,,,100,1917,TRUE,14/02/2024 20:04,,,,,,,,anonymous,en,"i consent, begin the study",male,24,south african,south africa,black,0,no,bilingual (2),south_african,0,0,20.398,0,cape town city,1.542,1.542,52.745,1,lorch,2.225,2.225,56.339,1,president ramaphosa,1.262,1.262,13.06,1,national building,1.676,1.676,53.216,1,table mountain,1.443,1.443,10.643,1,boerewors,1.378,26.02,38.918,2,lion's head,3.328,5.976,21.727,2,sjava,1.792,1.792,16.9,1,impi yabomdabu,1.432,17.434,25.897,2,sabc,2.009,2.009,20.036,1,durban,1.661,1.661,9.024,1,naledi pandor,1.891,3.005,50.844,2,rand,1.424,1.424,8.726,1,protea,1.214,1.214,21.5,1,soccer,green,,,,,,,,,johannesburg,25.65,25.65,42.129,1,messi,12.978,12.978,17.138,1,president biden,1.908,1.908,17.2,1,white house,2.33,53.391,58.938,2,table mountain,1.947,1.947,8.986,1,sushi,2.241,2.241,31.701,1,robben island,2.01,63.994,70.199,2,bryson tiller,2.038,5.761,31.174,2,mindset,1.753,1.753,12.806,1,sabc,2.772,2.772,11.068,1,cape town,6.844,6.844,42.697,1,thuli madonsela,4.492,4.492,67.451,1,dollar,1.379,1.379,14.586,1,lily,1.607,1.607,28.501,1,soccer,100 degrees celsius,1.433,20.269,44.695,3,2,2,2,2,3,3,2,2,2,1,3,3,2,2,1,2,3,2,2,3,2,3,3,3,3,2,3,3,3,3,3,4,4,4,4,3,9,0.424242424,0.03030303,0.262626263,0.01010101,0.747474747,0.02020202,0.01010101,0.01010101,0,0.828282828,0.101010101,0.112244898,0.909090909,0.494949495,0.525252525,0.060606061,0.424242424,0.252525253,0.090909091,0.080808081,0.161616162,0.02020202,0.01010101,0,0.121212121,0.121212121,0,0.838383838,0.090909091,0.808080808,,,,,,,,,,,,,,,,,,,,,,,,,,,,,,,0.299065485,0.205387205,,,0,0,0,0,0,0,0,0,0,0,0,0,0,0,0.868686869,0,0.676767677,0.323232323,0,0,0.060606061,0,0,0,0,0,0,0.878787879,0.03030303,0.868686869,,,,,,,,,,,,,,,,,,,,,,,,,,,,,,,0.057912458,0.189225589,,,0,0,0,0,0,0,0,0,0,0,0,0,0,0,0.97979798,0,0.101010101,0.141414141,0,0,0,0,0,0,0,0,0,0.141414141,0,0.97979798,,,,,,,,,,,,,,,,,,,,,,,,,,,,,,,0.065319865,0.090909091,,,0.299065485,0.057912458,0.205387205,0.189225589,0.065319865,0.090909091,2.25,2.2,2.857142857,3.571428571,2.719642857
,,,,100,2147,TRUE,14/02/2024 20:09,,,,,,,,anonymous,en,"i consent, begin the study",female,29,south african,south africa,black,0,yes,multilingual (more than 2),south_african,19.763,22.861,28.901,3,cape town,1.405,1.405,6.961,1,ronwen williams,1.11,1.11,12.501,1,nelson mandela,14.206,14.206,23.865,1,union building,6.136,6.136,12.2,1,kilimanjaro,1.142,1.142,10.376,1,rice,7.227,7.227,18.701,1,craddle of humankind,6.721,33.972,55.306,2,aka,3.706,3.706,19.165,1,bible,13.806,13.806,17.687,1,dstv,0.899,0.899,4.686,1,capetown,2.317,2.317,13.801,1,winni mandela,4.861,78.968,109.328,3,rand,0.607,0.607,5.58,1,rose,7.403,7.403,10.485,1,rugby,green,,,,,,,,,south america,20.345,103.503,133.802,10,christiano ronaldo,14.351,24.145,24.866,2,nelson mandela,1.081,10.897,11.69,2,white house,13.089,20.917,21.35,2,kilimanjaro,14.718,20.692,21.001,2,fried rice,0.833,24.33,44.085,3,pyramids,0.96,42.99,52.2,2,chris brown,5.718,12.896,13.263,2,bible,9.482,12.306,12.701,2,aljazera,3.416,3.416,22.9,1,paris,9.346,22.399,22.895,2,michelle bachelet,2.484,79.305,79.905,4,usd,1.841,5.545,6.188,2,rose,4.732,7.825,8.101,3,soccer,golf,1.464,37.013,37.491,5,2,1,1,2,2,2,1,1,2,1,2,1,2,2,1,2,1,1,1,1,1,2,4,1,2,1,3,2,2,1,1,1,1,1,1,1,10,0.424242424,0.060606061,0.373737374,0.424242424,0.101010101,0,0,0.111111111,0.080808081,0.03030303,0.737373737,0.132653061,0.909090909,0.272727273,0.434343434,0,0.282828283,0.101010101,0.090909091,0.232323232,0.02020202,0.070707071,0.141414141,0.171717172,0.02020202,0.363636364,0,0.838383838,0.535353535,0.808080808,,,,,,,,,,,,,,,,,,,,,,,,,,,,,,,0.272816601,0.245117845,,,0,0,0.01010101,0,0,0,0,0,0.212121212,0,0,0,0,0.656565657,0.01010101,0,0.080808081,0.01010101,0,0,0,0.04040404,0,0.212121212,0,0.454545455,0.101010101,0.878787879,0.656565657,0.868686869,,,,,,,,,,,,,,,,,,,,,,,,,,,,,,,0.059259259,0.22020202,,,0,0,0.01010101,0,0,0,0,0,0.080808081,0,0,0,0,0.313131313,0,0,0.01010101,0.01010101,0,0,0,0,0,0.080808081,0,0.01010101,0.696969697,0.141414141,0.313131313,0.97979798,,,,,,,,,,,,,,,,,,,,,,,,,,,,,,,0.026936027,0.149494949,,,0.272816601,0.059259259,0.245117845,0.22020202,0.026936027,0.149494949,1.5,1.4,2.142857143,1,1.510714286
,,,,100,733,TRUE,14/02/2024 21:58,,,,,,,,anonymous,en,"i consent, begin the study",female,22,zimbabwean,south africa,black,-1,no,multilingual (more than 2),south_african,0,0,12.607,0,johannesburg,2.522,2.522,8.816,1,siya kolisi,3.215,3.215,8.39,1,vladimir putin,1.11,1.11,15.231,1,empire state building,1.441,1.441,11.476,1,mount kilimanjaro,1.218,16.314,18.281,2,bunny chow,0.965,0.965,13.144,1,union buildings,1.027,1.027,13.603,1,chris brown,0.865,0.865,10.836,1,the help,1.28,1.28,8.283,1,sabc,1.353,1.353,7.682,1,paris,1.005,1.005,9.981,1,beyonce,1.338,1.338,13.037,1,dollar,0.872,0.872,3.797,1,rose,0.513,0.513,4.757,1,soccer,green,,,,,,,,,los angeles,1.695,1.695,14.094,1,tiger woods,1.117,1.117,7.154,1,putin,1.054,1.054,9.626,1,empire state building,0.781,0.781,13.001,1,mount everest,1.055,1.055,11.395,1,sushi,1.871,1.871,8.025,1,statue of liberty,1.085,7.596,21.015,2,giveon,1.275,1.275,30.108,1,the bfg by roald dahl,0.771,0.771,21.621,1,hbo,1.436,1.436,9.201,1,rio de janeiro,0.904,0.904,13.534,1,oprah winfrey,1.332,1.332,9.706,1,euro,0.695,0.695,4.755,1,sunflower,0.752,0.752,5.223,1,cricket,100 degreees celcius,1.959,23.27,27.974,3,1,1,1,1,1,1,1,1,1,1,1,1,3,3,1,1,1,1,1,1,1,1,3,1,4,1,1,3,1,1,2,3,3,3,3,2,10,0.373737374,0.343434343,0.080808081,0.050505051,0.101010101,0.060606061,0,0.090909091,0,0.828282828,0.01010101,0.010204082,0.060606061,0.272727273,0.525252525,0.02020202,0.01010101,0.222222222,0.252525253,0.606060606,0.161616162,0.161616162,0,0,0.02020202,0,0.081632653,0.03030303,0.212121212,0.02020202,,,,,,,,,,,,,,,,,,,,,,,,,,,,,,,0.187212259,0.119920291,,,0,0,0.181818182,0.313131313,0,0,0,0,0,0,0.454545455,0,0.878787879,0.656565657,0.868686869,0,0,0.181818182,0.313131313,0.787878788,0.060606061,0.101010101,0,0,0.01010101,0.02020202,0,0.070707071,0.141414141,0,,,,,,,,,,,,,,,,,,,,,,,,,,,,,,,0.223569024,0.112457912,,,0,0,0.070707071,0,0,0,0,0,0,0,0.01010101,0,0.141414141,0.313131313,0.97979798,0,0,0.070707071,0,0.181818182,0,0.02020202,0,0,0,0,0,0,0.060606061,0,,,,,,,,,,,,,,,,,,,,,,,,,,,,,,,0.101010101,0.022222222,,,0.187212259,0.223569024,0.119920291,0.112457912,0.101010101,0.022222222,1,1.4,2,2.428571429,1.707142857
,,,,100,701,TRUE,14/02/2024 21:59,,,,,,,,anonymous,en,"i consent, begin the study",female,23,south african,south africa,black,0,no,multilingual (more than 2),south_african,3.701,7.144,10.308,3,pretoria,2.499,8.36,8.802,2,itumeleng khune,1.363,1.363,16.205,1,cyril ramaphosa,1.565,1.565,7.483,1,union building,1.434,1.434,5.606,1,table mountain,1.046,1.046,7.209,1,pap and meat,1.179,1.179,8.808,1,statue of liberty,24.822,24.822,33.114,1,chris brown,0.638,0.638,6.577,1,tale of two cities,0.605,23.496,23.924,3,sabc,0.802,0.802,4.105,1,cape town,1.203,1.203,4.1,1,naledi pandor,3.802,3.802,8.403,1,rands,0.603,0.603,3.402,1,protea flower,0.593,0.593,6.566,1,football,green,,,,,,,,,new york,0.994,0.994,6.58,1,kylian mbappe,0.943,7.052,7.485,2,joe biden,0.376,3.509,3.806,2,taj mahal,0.468,15.589,20.597,3,mount everest,0.306,6.297,6.601,2,pizza,0.569,17.287,17.559,3,statue of liberty,0.401,11.19,11.598,2,chris brown,0.476,3.99,4.476,2,the great gatsby,0.52,22.866,23.349,3,bbc,0.38,20.009,20.278,3,new york,0.203,21.239,21.571,3,indira gandhi,0.518,24.71,25.153,3,dollars,0.369,3.766,4.168,2,sunflower,0.453,5.548,5.963,2,football,celsius,0.752,7.577,15.665,5,1,2,1,2,1,2,2,2,2,1,2,1,2,3,1,1,2,1,2,1,1,1,3,2,1,1,2,1,1,1,2,2,3,3,1,2,11,0.03030303,0.04040404,0.262626263,0.424242424,0.747474747,0.282828283,0.01010101,0.090909091,0.01010101,0.828282828,0.737373737,0.112244898,0.909090909,0.494949495,0.525252525,0.525252525,0,0.252525253,0.050505051,0.606060606,0.090909091,0.161616162,0.141414141,0.050505051,0.353535354,0.121212121,0.010204082,0.838383838,0.212121212,0.808080808,,,,,,,,,,,,,,,,,,,,,,,,,,,,,,,0.367078953,0.281488353,,,0,0,0,0,0,0,0.101010101,0,0,0,0,0,0,0,0.868686869,0.646464646,0,0.323232323,0,0.787878788,0.292929293,0.101010101,0,0,0.353535354,0.121212121,0,0.878787879,0.141414141,0.868686869,,,,,,,,,,,,,,,,,,,,,,,,,,,,,,,0.064646465,0.301010101,,,0,0,0,0,0,0,0.02020202,0,0,0,0,0,0,0,0.97979798,0,0,0.141414141,0,0.181818182,0,0.02020202,0,0,0,0,0,0.141414141,0.060606061,0.97979798,,,,,,,,,,,,,,,,,,,,,,,,,,,,,,,0.066666667,0.101683502,,,0.367078953,0.064646465,0.281488353,0.301010101,0.066666667,0.101683502,1.583333333,1.5,1.571428571,2,1.663690476
,,,,100,863,TRUE,14/02/2024 22:00,,,,,,,,anonymous,en,"i consent, begin the study",male,20,south africa,south africa,black,0,no,multilingual (more than 2),south_african,0,0,9.801,0,johanessburg,4.769,4.769,11.206,1,siya kholisi,2.104,2.104,9.551,1,cyril ramaphosa,2.237,2.237,13.204,1,magistrate court,1.784,1.784,12.151,1,table mountain,2.633,2.633,11.285,1,tripe,1.768,1.768,13.221,1,table mountain,3.017,3.017,9.104,1,chris brown,2.236,2.236,11.007,1,hunger games,1.982,1.982,8.906,1,sabc,2.354,2.354,10.067,1,cape town,1.862,1.862,7.678,1,kamala harris,1.817,1.817,8.188,1,rand,1.35,1.35,10.784,1,sunflower,1.556,1.556,7.961,1,rugby,green,,,,,,,,,chicago,1.951,1.951,8.411,1,ronaldo,1.327,1.327,6.394,1,putin,1.669,1.669,6.737,1,white house,10.026,10.026,15.984,1,kilimanjaro,8.638,8.638,14.885,1,steak,1.454,1.454,32.865,1,pyramids,2.036,2.036,8.001,1,drake,1.761,1.761,5.575,1,hunger games,1.309,1.309,7.064,1,espn,2.143,2.143,6.504,1,japan,1.361,1.361,10.203,1,kamala harris,1.327,1.327,6.36,1,dollar,1.328,1.328,6.406,1,sunflower,1.41,1.41,5.713,1,football,100 degrees,1.858,9.477,18.108,3,2,2,2,2,2,1,2,2,1,1,1,2,1,1,2,2,2,1,2,2,2,3,2,3,3,1,3,3,2,2,2,2,2,2,2,2,10,0.373737374,0.343434343,0.262626263,0,0.747474747,0.02020202,0.171717172,0.090909091,0,0.828282828,0.737373737,0.020408163,0.909090909,0.131313131,0.434343434,0.01010101,0.282828283,0.222222222,0.090909091,0.232323232,0.02020202,0.070707071,0.060606061,0,0.04040404,0,0.040816327,0.838383838,0.212121212,0.808080808,,,,,,,,,,,,,,,,,,,,,,,,,,,,,,,0.338060881,0.195313681,,,0,0,0,0,0,0,0,0,0,0,0,0.070707071,0,0.141414141,0.01010101,0,0.080808081,0.181818182,0,0,0,0.04040404,0.03030303,0,0.02020202,0,0.070707071,0.878787879,0.141414141,0.868686869,,,,,,,,,,,,,,,,,,,,,,,,,,,,,,,0.014814815,0.154208754,,,0,0,0,0,0,0,0,0,0,0,0,0.02020202,0,0.060606061,0,0,0.01010101,0.070707071,0,0,0,0,0,0,0,0,0.02020202,0.141414141,0.060606061,0.97979798,,,,,,,,,,,,,,,,,,,,,,,,,,,,,,,0.005387205,0.085521886,,,0.338060881,0.014814815,0.195313681,0.154208754,0.005387205,0.085521886,1.666666667,1.8,2.428571429,2,1.973809524
,,,,100,902,TRUE,14/02/2024 22:00,,,,,,,,anonymous,en,"i consent, begin the study",female,20,south african,south africa,black,-1,yes,multilingual (more than 2),south_african,0,0,13.403,0,johannesburg,6.749,6.749,13.206,1,siya kolisi,2.949,5.825,11.253,2,vladmir putin,2.514,2.514,16.701,1,union building,1.8,3.275,10.119,2,table mountain,2.053,12.413,13.839,3,pap en vleis,1.881,1.881,15.999,1,big hole,1.444,1.444,11.701,1,vusi nova,1.825,1.825,14.431,1,the wedding,1.401,1.401,12.842,1,sabc,2.603,2.603,7.082,1,cape town,2.197,2.197,7.321,1,naledi pandor,1.991,24.087,30.346,2,rand,1.722,1.722,5.424,1,protea,1.932,1.932,6.436,1,rugby,green,,,,,,,,,new york,4.613,4.613,10.069,1,ronaldo,2.028,2.028,16.825,1,putin,2.211,2.211,7.566,1,taj mahal,2.015,2.015,17.104,1,table mountain,2.063,2.063,10.074,1,chicken ala king,1.738,1.738,21.291,1,victoria falls,1.55,1.55,9.735,1,justin bieber,1.499,1.499,8.143,1,the notebook,3.474,3.474,10.883,1,netflix,4.719,11.782,12.931,2,new york,2.026,2.026,10.592,1,naledi pandor,2.267,2.267,8.299,1,dollar,2.032,2.032,10.574,1,rose,1.922,1.922,7.414,1,football,100,1.414,36.304,100.923,3,1,1,1,1,1,1,1,1,1,1,1,1,1,1,1,1,1,1,1,1,1,1,2,1,2,1,3,1,1,1,1,1,1,1,1,1,9,0.373737374,0.343434343,0.080808081,0.424242424,0.747474747,0.282828283,0,0.050505051,0,0.828282828,0.737373737,0.112244898,0.909090909,0.494949495,0.434343434,0.525252525,0.282828283,0.222222222,0.050505051,0.080808081,0.01010101,0.03030303,0.111111111,0,0.03030303,0.121212121,0.030612245,0.838383838,0.535353535,0.808080808,,,,,,,,,,,,,,,,,,,,,,,,,,,,,,,0.387954374,0.245138459,,,0,0,0.181818182,0,0,0,0,0,0,0,0,0,0,0,0.01010101,0.646464646,0.080808081,0.181818182,0,0,0,0,0.101010101,0,0,0.121212121,0,0.878787879,0.656565657,0.868686869,,,,,,,,,,,,,,,,,,,,,,,,,,,,,,,0.012794613,0.235690236,,,0,0,0.070707071,0,0,0,0,0,0,0,0,0,0,0,0,0,0.01010101,0.070707071,0,0,0,0,0.04040404,0,0,0,0,0.141414141,0.313131313,0.97979798,,,,,,,,,,,,,,,,,,,,,,,,,,,,,,,0.004713805,0.103703704,,,0.387954374,0.012794613,0.245138459,0.235690236,0.004713805,0.103703704,1,1,1.571428571,1,1.142857143
,,,,100,910,TRUE,14/02/2024 22:01,,,,,,,,anonymous,en,"i consent, begin the study",female,40,south african,south africa,indian,0,yes,monolingual (1),south_african,0,0,10.126,0,johannesburg,2.689,3.335,7.468,2,siya kolisi,0.84,9.474,10.091,2,mandela,0.931,8.087,8.767,2,parliament,0.518,63.038,63.717,3,table mountain,1.027,8.24,8.896,2,pap en vleis,0.591,12.543,17.601,2,pyramids,0.444,30.566,31.038,3,justin bieber,2.809,14.733,15.555,3,charlie and the chocolate factory,0.633,40.767,41.468,2,sabc,1.018,4.611,5.324,2,cape town,1.172,5.53,6.158,2,naledi pandor,1.984,18.634,19.376,2,zar,0.637,4.429,5.093,2,rose,0.944,53.698,54.616,3,rugby,green,,,,,,,,,kansas,14.54,22.983,23.545,2,christiano ronaldo,3.84,27.65,28.218,2,biden,2.295,7.662,8.607,2,eiffel tower,2.043,2.043,6.012,1,everest,1.602,6.289,7.068,2,fish and chips,4.192,5.361,14.592,2,pyramids,1.129,1.129,6.044,1,bono,0.721,0.721,10.82,1,charlie and the chocolate factory,1.08,1.08,18.934,1,espn,2.344,2.344,9.312,1,philadelphia,0.959,0.959,11.746,1,benazhir butto,1.841,1.841,22.087,1,pound,0.805,0.805,7.727,1,sunflower,0.825,0.825,7.525,1,football,100 degrees,1.753,18.457,19.086,5,2,2,2,2,2,2,2,2,3,2,2,3,2,2,1,2,3,1,2,2,2,2,3,3,3,3,3,3,3,2,2,2,2,2,2,2,8,0.373737374,0.343434343,0.373737374,0.050505051,0.747474747,0.282828283,0.01010101,0.02020202,0,0.828282828,0.737373737,0.112244898,0.909090909,0.272727273,0.434343434,0,0.282828283,0.252525253,0.171717172,0.606060606,0.01010101,0.070707071,0,0,0.04040404,0,0,0.050505051,0.212121212,0.808080808,,,,,,,,,,,,,,,,,,,,,,,,,,,,,,,0.366405552,0.167003367,,,0,0,0.01010101,0,0,0,0.04040404,0.101010101,0,0,0,0,0,0.656565657,0.01010101,0,0.080808081,0.323232323,0.444444444,0.787878788,0.04040404,0.04040404,0,0,0.02020202,0,0,0,0.141414141,0.868686869,,,,,,,,,,,,,,,,,,,,,,,,,,,,,,,0.054545455,0.183164983,,,0,0,0.01010101,0,0,0,0,0.04040404,0,0,0,0,0,0.313131313,0,0,0.01010101,0.141414141,0.03030303,0.181818182,0,0,0,0,0,0,0,0,0.060606061,0.97979798,,,,,,,,,,,,,,,,,,,,,,,,,,,,,,,0.024242424,0.093602694,,,0.366405552,0.054545455,0.167003367,0.183164983,0.024242424,0.093602694,2.166666667,1.9,3,2,2.266666667
,,,,100,763,TRUE,14/02/2024 22:02,,,,,,,,anonymous,en,"i consent, begin the study",female,23,south african,south africa,black,-1,no,bilingual (2),south_african,9.682,9.682,10.174,1,cape town,1.336,1.904,5.538,2,senzo meyiwa,0.693,0.693,16.569,1,nelson mandela,0.93,0.93,8.375,1,parliament,1.809,1.809,14.421,1,table mountain,1.731,1.731,8.573,1,mopane worms,0.87,0.87,23.895,1,robben island,1.305,1.305,19.611,1,cassper nyovest,1.363,1.363,17.554,1,"the boy, the mole, the fox and the horse",1.338,1.338,43.529,1,sabc,1.3,1.3,4.493,1,cape town,1.708,1.708,5.464,1,bonang matheba,0.944,0.944,10.085,1,rand,0.853,0.853,3.662,1,protea,0.819,0.819,4.794,1,rugby,green,,,,,,,,,london,6.822,6.822,13.313,1,lionel messi,3.856,3.856,16.245,1,nelson mandela,1.168,1.168,10.09,1,the white house,1.586,1.586,34.077,1,mount kilimanjaro,1.008,1.008,8.8,1,pizza,1.004,1.004,13.361,1,taj mahal,1.32,1.32,53.257,1,usher,1.385,2.003,4.909,2,the alchemist,0.805,0.805,5.094,1,cnn,1.346,1.346,8.391,1,paris,0.969,0.969,4.19,1,oprah winfrey,0.952,0.952,12.625,1,dollar,0.753,0.753,7.005,1,rose,0.761,1.312,3.953,2,soccer,100 degrees celsius,2.247,13.814,25.022,2,2,2,2,2,2,2,2,2,2,2,2,2,2,2,2,2,2,2,2,2,2,2,2,2,2,2,2,2,2,2,2,2,2,2,2,2,9,0.424242424,0,0.373737374,0.050505051,0.747474747,0,0.222222222,0.03030303,0,0.828282828,0.737373737,0,0.909090909,0.494949495,0.434343434,0.080808081,0.424242424,0.101010101,0.090909091,0.232323232,0.090909091,0.01010101,0.090909091,0.01010101,0.111111111,0.363636364,0.081632653,0.838383838,0.535353535,0.808080808,,,,,,,,,,,,,,,,,,,,,,,,,,,,,,,0.35016835,0.257967429,,,0,0,0.01010101,0,0,0,0,0,0,0,0,0,0,0,0.01010101,0.080808081,0.676767677,0.01010101,0,0,0.292929293,0,0.04040404,0,0.343434343,0.454545455,0,0.878787879,0.656565657,0.868686869,,,,,,,,,,,,,,,,,,,,,,,,,,,,,,,0.001346801,0.286868687,,,0,0,0.01010101,0,0,0,0,0,0,0,0,0,0,0,0,0,0.101010101,0.01010101,0,0,0,0,0,0,0.04040404,0.01010101,0,0.141414141,0.313131313,0.97979798,,,,,,,,,,,,,,,,,,,,,,,,,,,,,,,0.000673401,0.106397306,,,0.35016835,0.001346801,0.257967429,0.286868687,0.000673401,0.106397306,2,2,2,2,2
,,,,100,947,TRUE,14/02/2024 22:03,,,,,,,,anonymous,en,"i consent, begin the study",female,33,south african,south africa,black,0,no,multilingual (more than 2),south_african,0,0,12.418,0,johannesburg,11.184,11.184,21.257,1,siya kholisi,3.151,3.151,25.257,1,queen elizabeth,1.372,1.372,27.403,1,union buildings,1.447,1.447,11.838,1,mount kilimanjaro,1.733,1.733,18.627,1,lamb curry,1.937,1.937,14.44,1,robben island,1.667,1.667,27.495,1,steve hofmeyr,25.041,25.041,33.493,1,the psychology of money,0.931,0.931,11.037,1,sabc 1,1.662,1.662,6.567,1,cape town,0.698,0.698,11.741,1,queen elizabeth,1.984,29.837,41.044,2,rand,2.032,2.032,5.387,1,rose,0.978,0.978,4.78,1,rugby,green,,,,,,,,,cape town,2.699,2.699,7.992,1,christiano ronaldo,1.524,1.524,14.217,1,king charles,1.378,1.378,25.62,1,london eye,1.164,1.164,10.832,1,mount kilimajaro,1.696,1.696,8.798,1,jollof rice,1.237,1.237,7.152,1,edinburgh castle,0.926,0.926,24.751,1,chris brown,0.935,0.935,7.12,1,barbarians at the gate,0.998,0.998,11.077,1,bbc,1.457,1.457,5.693,1,new york,1.322,1.322,14.051,1,queen victoria,1.351,1.351,10.98,1,us dollar,1.277,1.277,12.471,1,tulib,1.498,1.498,8.993,1,football,30 degrees,1.518,8.377,17.392,2,2,2,2,2,2,2,2,3,2,1,2,3,1,2,2,2,2,2,2,1,2,2,1,3,3,2,3,3,3,2,2,2,2,2,2,2,11,0.373737374,0.343434343,0,0.424242424,0.101010101,0.04040404,0.222222222,0.01010101,0,0.828282828,0.737373737,0.06122449,0.909090909,0.272727273,0.434343434,0.01010101,0.282828283,0,0,0.232323232,0.01010101,0,0.141414141,0,0.353535354,0.121212121,0.040816327,0.838383838,0,0.808080808,,,,,,,,,,,,,,,,,,,,,,,,,,,,,,,0.317212946,0.189253075,,,0,0,0,0,0,0,0,0,0,0,0,0.070707071,0,0.656565657,0.01010101,0,0.080808081,0,0,0,0,0,0,0,0.353535354,0.121212121,0,0.878787879,0,0.868686869,,,,,,,,,,,,,,,,,,,,,,,,,,,,,,,0.049158249,0.153535354,,,0,0,0,0,0,0,0,0,0,0,0,0,0,0.313131313,0,0,0.01010101,0,0,0,0,0,0,0,0,0,0,0.141414141,0,0.97979798,,,,,,,,,,,,,,,,,,,,,,,,,,,,,,,0.020875421,0.075420875,,,0.317212946,0.049158249,0.189253075,0.153535354,0.020875421,0.075420875,2.083333333,1.8,2.571428571,2,2.113690476
,,,,100,943,TRUE,14/02/2024 22:03,,,,,,,,anonymous,en,"i consent, begin the study",male,29,south african,south africa,african,1,yes,multilingual (more than 2),south_african,0,0,43.24,0,durban,1.723,7.351,8.822,2,kolisi,1.334,9.079,10.296,4,joe biden,1.285,8.595,9.799,2,union buildings,0.856,9.497,21.634,2,mount everest,1.316,8.064,10.045,3,pasta,1.269,6.586,8.19,2,n3,1.049,12.989,15.896,2,bruno mars,1.569,8.653,10.084,2,the wife,0.801,16.543,18.395,2,sabc,1.424,5.047,6.392,2,durban,1.242,6.422,7.712,2,queen elizabeth,1.143,12.436,13.666,2,rand,1.241,6.483,8.124,2,protea,0.922,5.851,7.184,2,soccer,green,,,,,,,,,new york,10.878,10.878,22.006,1,cristiano ronaldo,2.261,2.261,11.421,1,joe biden,1.899,1.899,7.659,1,empire state building,1.375,1.375,15.744,1,mount everest,1.614,1.614,8.819,1,pasta,1.462,1.462,6.167,1,stone hedge,1.363,13.18,23.825,2,bruno mars,1.765,1.765,18.844,1,the alchemist,1.818,1.818,12.074,1,cnn,1.492,1.492,6.733,1,rome,1.599,1.599,5.157,1,angela merkel,1.905,1.905,8.54,1,us dollar,1.763,1.763,8.071,1,rose,1.438,1.438,4.934,1,football,100 degrees celcius,1.204,20.296,59.858,4,1,3,2,1,2,2,2,1,2,2,1,2,1,1,3,2,1,1,2,2,1,1,2,4,2,1,3,2,1,2,2,1,2,3,1,2,10,0.101010101,0.343434343,0.080808081,0.424242424,0.02020202,0.060606061,0,0,0,0.828282828,0.101010101,0.06122449,0.909090909,0.494949495,0.525252525,0.525252525,0.282828283,0.252525253,0.252525253,0.606060606,0.232323232,0.02020202,0.01010101,0.01010101,0.111111111,0.03030303,0.142857143,0.838383838,0.535353535,0.808080808,,,,,,,,,,,,,,,,,,,,,,,,,,,,,,,0.263340892,0.310533911,,,0,0,0.323232323,0,0.787878788,0.161616162,0,0.01010101,0,0,0,0.070707071,0,0,0.868686869,0.646464646,0.080808081,0.323232323,0.313131313,0.787878788,0.161616162,0.02020202,0.01010101,0,0.343434343,0.080808081,0.272727273,0.878787879,0.656565657,0.868686869,,,,,,,,,,,,,,,,,,,,,,,,,,,,,,,0.148148148,0.362962963,,,0,0,0.141414141,0,0.181818182,0.03030303,0,0,0,0,0,0,0,0,0.97979798,0,0.01010101,0.141414141,0,0.181818182,0.03030303,0,0,0,0.04040404,0,0.03030303,0.141414141,0.313131313,0.97979798,,,,,,,,,,,,,,,,,,,,,,,,,,,,,,,0.088888889,0.124579125,,,0.263340892,0.148148148,0.310533911,0.362962963,0.088888889,0.124579125,1.75,1.5,2.142857143,1.857142857,1.8125
,,,,100,886,TRUE,14/02/2024 22:04,,,,,,,,anonymous,en,"i consent, begin the study",female,23,south african,south africa,coloured,0,yes,bilingual (2),south_african,0,0,23.034,0,cape town,1.098,1.098,6.372,1,damiane willemse,0.984,0.984,9.37,1,nelson mandela,1.406,1.406,8.21,1,empire state building,2.351,2.351,18.4,1,table mountain,0.587,0.587,6.923,1,pap en vleis,1.249,1.249,14.809,1,table mountain,1.188,1.188,8.536,1,kurt darren,1.091,1.091,8.775,1,harry potter,0.91,0.91,7.982,1,sabc,1.121,1.121,7.261,1,cape town,1.226,1.226,5.581,1,winnie,1.188,1.188,13.358,1,rand,1.044,1.044,3.967,1,protea,1.105,1.105,5.087,1,rugby,green,,,,,,,,,paris,2.716,2.716,16.935,1,neymar,1.539,1.539,20.774,1,nelson mandela,1.71,1.71,11.628,1,empire state building,1.301,1.301,10.694,1,mount everest,3.029,3.029,16.85,1,pizza,2.562,2.562,6.472,1,statue of liberty,1.873,1.873,37.572,1,justin bieber,1.49,1.49,8.446,1,harry potter,1.41,1.41,6.543,1,bbc,1.421,1.421,5.004,1,paris,1.522,1.522,13.368,1,kamala harris,1.444,1.444,42.836,1,dollar,1.085,1.085,4.549,1,rose,1.492,1.492,4.502,1,tennis,100 degrees,1.459,16.892,41.702,2,2,2,2,2,2,2,2,1,2,2,1,1,1,1,1,1,1,1,1,1,1,1,1,2,3,2,3,3,2,1,1,1,2,2,2,3,9,0.424242424,0,0.373737374,0.050505051,0.747474747,0.282828283,0.171717172,0,0.060606061,0.828282828,0.737373737,0.132653061,0.909090909,0.494949495,0.434343434,0.060606061,0,0.101010101,0.252525253,0.606060606,0.090909091,0.161616162,0.111111111,0.141414141,0.353535354,0.363636364,0.040816327,0.838383838,0.535353535,0.01010101,,,,,,,,,,,,,,,,,,,,,,,,,,,,,,,0.376520305,0.24447193,,,0,0,0.01010101,0.313131313,0,0,0,0,0.242424242,0,0,0,0,0,0.01010101,0.080808081,0,0.01010101,0.313131313,0.787878788,0.292929293,0.101010101,0.101010101,0.242424242,0.353535354,0.454545455,0.070707071,0.878787879,0.656565657,0.03030303,,,,,,,,,,,,,,,,,,,,,,,,,,,,,,,0.038383838,0.291582492,,,0,0,0.01010101,0,0,0,0,0,0.121212121,0,0,0,0,0,0,0,0,0.01010101,0,0.181818182,0,0.02020202,0.04040404,0.121212121,0,0.01010101,0.02020202,0.141414141,0.313131313,0,,,,,,,,,,,,,,,,,,,,,,,,,,,,,,,0.008754209,0.057239057,,,0.376520305,0.038383838,0.24447193,0.291582492,0.008754209,0.057239057,1.75,1,2.285714286,1.714285714,1.6875
,,,,100,860,TRUE,14/02/2024 22:04,,,,,,,,anonymous,en,"i consent, begin the study",male,31,south african,south africa,cape coloured with european and south east asian ancestry,0,yes,multilingual (more than 2),south_african,0,0,11.14,0,cape town,1.365,1.365,5.315,1,lucas radebe,0.6,0.6,8.149,1,cyril ramaphosa,0.89,0.89,8.166,1,feather market centre,1.248,1.248,21.324,1,table mountain,0.46,4.652,5.008,2,braai,0.342,0.342,14.594,1,lion's head,0.374,0.374,23.138,1,danny k,0.64,0.64,10.261,1,harry potter,0.393,0.393,8.525,1,sabc,0.309,0.309,5.722,1,cape town,0.885,4.789,5.208,2,naledi pandor,0.595,0.595,7.992,1,south african rand,0.363,0.363,10.231,1,protea,4.322,4.322,9.007,1,rugby,green,,,,,,,,,new york,8.357,8.357,16.361,1,lionel messi,1.248,1.248,9.035,1,joe biden,0.705,0.705,9.285,1,empire state building,0.902,0.902,32.715,1,mount everest,6.128,6.128,11.364,1,sushi,6.063,6.063,11.212,1,eiffel tower,2.21,2.21,7.223,1,michael jackson,18.924,18.924,23.463,1,the hunger games,0.59,0.59,11.338,1,bbc,0.739,0.739,2.999,1,bangkok,2.928,2.928,7.396,1,angela merkel,0.521,0.521,48.967,1,united states dollar,0.686,0.686,10.923,1,protea,1.381,1.381,4.538,1,soccer,boiling point is 100°c,12.725,57.053,63.449,6,1,1,1,2,2,1,2,2,2,2,1,2,1,1,2,2,2,1,2,3,2,2,3,2,3,1,3,3,3,2,2,2,2,2,2,2,9,0.424242424,0,0.262626263,0,0.747474747,0.04040404,0.01010101,0,0.060606061,0.828282828,0.737373737,0.112244898,0.909090909,0.494949495,0.434343434,0.525252525,0.424242424,0.252525253,0.252525253,0.606060606,0.161616162,0.313131313,0.131313131,0,0.353535354,0,0.142857143,0.838383838,0.04040404,0.808080808,,,,,,,,,,,,,,,,,,,,,,,,,,,,,,,0.337449323,0.323328523,,,0,0,0,0,0,0,0,0,0.242424242,0,0,0,0,0,0.01010101,0.646464646,0.676767677,0.323232323,0.313131313,0.787878788,0.060606061,0.222222222,0.252525253,0,0.353535354,0,0.272727273,0.878787879,0,0.868686869,,,,,,,,,,,,,,,,,,,,,,,,,,,,,,,0.016835017,0.377104377,,,0,0,0,0,0,0,0,0,0.121212121,0,0,0,0,0,0,0,0.101010101,0.141414141,0,0.181818182,0,0.02020202,0.01010101,0,0,0,0.03030303,0.141414141,0,0.97979798,,,,,,,,,,,,,,,,,,,,,,,,,,,,,,,0.008080808,0.107070707,,,0.337449323,0.016835017,0.323328523,0.377104377,0.008080808,0.107070707,1.583333333,1.8,2.571428571,2,1.988690476
,,,,100,1073,TRUE,14/02/2024 22:05,,,,,,,,anonymous,en,"i consent, begin the study",male,39,angolan,south africa,black,0,yes,bilingual (2),south_african,0,0,21.161,0,cape town,2.59,2.59,8.012,1,shabalala,1.433,1.433,15.405,1,nelson mandela,1.856,12.548,19.685,3,civic centre,1.52,26.109,31.944,2,table mountain,1.855,1.855,9.563,1,chicken curry,3.393,3.393,20.412,1,roben island,1.703,1.703,10.595,1,aka,2.428,2.428,14.156,1,atomic habits,1.885,23.015,25.665,2,sabc,2.274,2.274,9.452,1,cape town,2.021,2.021,6.668,1,graca machel,2.63,2.63,12.592,1,rands,3.897,3.897,9.183,1,orquidea,4.361,10.063,13.568,2,rugby,green,,,,,,,,,sidney,19.016,19.016,42.93,1,leonel messi,3.341,3.341,10.839,1,donald trump,2.3,2.3,12.687,1,berj khalif,6.052,46.202,50.66,2,mount everest,2.133,8.821,12.881,2,pasta,1.957,1.957,10.44,1,central park,5.352,5.352,15.103,1,usher,3.994,3.994,8.703,1,harry potter,1.215,1.215,9.187,1,netflix,3.791,12.21,14.359,2,bali,4.534,4.534,13.502,1,hilary clinton,2.345,2.345,20.453,1,dollar,2.148,8.118,10.025,2,rose,4.875,4.875,13.339,1,basketball,100 degrees,4.691,19.04,37.298,2,2,2,2,2,2,2,3,2,2,2,1,3,3,2,2,3,2,2,2,2,1,3,3,1,3,3,3,3,3,1,1,2,2,2,2,2,8,0.424242424,0.01010101,0.373737374,0,0.747474747,0.04040404,0.222222222,0.111111111,0.01010101,0.828282828,0.737373737,0.010204082,0.909090909,0,0.434343434,0,0.424242424,0.131313131,0.03030303,0.606060606,0.232323232,0,0.090909091,0.141414141,0.03030303,0,0.071428571,0.838383838,0.535353535,0.03030303,,,,,,,,,,,,,,,,,,,,,,,,,,,,,,,0.323912595,0.210822511,,,0,0,0.01010101,0,0,0,0,0,0.01010101,0,0,0,0,0,0.01010101,0,0.676767677,0.212121212,0.01010101,0.787878788,0.161616162,0.01010101,0.04040404,0.242424242,0,0,0.090909091,0.878787879,0.656565657,0.02020202,,,,,,,,,,,,,,,,,,,,,,,,,,,,,,,0.002020202,0.252525253,,,0,0,0.01010101,0,0,0,0,0,0.01010101,0,0,0,0,0,0,0,0.101010101,0.101010101,0,0.181818182,0.03030303,0,0,0.121212121,0,0,0.03030303,0.141414141,0.313131313,0,,,,,,,,,,,,,,,,,,,,,,,,,,,,,,,0.001346801,0.068013468,,,0.323912595,0.002020202,0.210822511,0.252525253,0.001346801,0.068013468,2.083333333,2.2,2.714285714,1.714285714,2.17797619
,,,,100,1221,TRUE,14/02/2024 22:05,,,,,,,,anonymous,en,"i consent, begin the study",female,26,south african,south africa,coloured,0,yes,monolingual (1),south_african,0,0,10.438,0,cape town,1.022,1.022,5.533,1,siya kolisi,0.53,0.53,5.14,1,joe biden,0.543,24.775,33.24,6,parliament of south africa,0.401,48.009,53.647,3,table mountain,0.437,8.8,15.258,4,curry,0.315,0.315,57.948,1,eiffel tower,1.264,20.224,29.033,7,justin bieber,0.352,0.352,23.315,1,the stellenbosch mafia,0.447,53.471,56.178,7,sabc,0.883,0.883,11.676,1,new york,0.553,13.125,17.79,5,jacinda ardern,0.634,0.634,13.124,1,us dollar,0.669,0.669,6.125,1,sunflower,0.278,0.278,5.959,1,rugby,green,,,,,,,,,new york,8.68,8.68,17.933,1,cristina ronaldo,1.098,7.394,29.83,4,barack obama,0.437,0.437,6.64,1,taj mahal,0.969,15.8,48.102,4,mt. everest,0.526,0.526,7.978,1,pasta,0.511,0.511,20.4,1,eiffel tower,0.484,0.484,27.879,1,justin bieber,4.577,4.577,9.271,1,the subtle art of not giving a f*ck,0.542,0.542,31.608,1,bbc,0.872,0.872,5.506,1,rome,0.849,12.889,16.016,7,jacinda ardern,1.3,1.3,20.444,1,euro,0.497,0.497,9.401,1,rose,0.985,0.985,4.011,1,rugby,100 degrees celcius,0.495,46.947,52.656,7,1,1,1,1,2,2,2,1,1,1,2,2,2,1,3,1,1,1,1,2,1,1,4,4,4,4,4,2,4,1,2,1,1,4,3,2,8,0.424242424,0.343434343,0.080808081,0.050505051,0.747474747,0.04040404,0.050505051,0.02020202,0,0.828282828,0.01010101,0.020408163,0.060606061,0.131313131,0.434343434,0.525252525,0.282828283,0.111111111,0.050505051,0.606060606,0.232323232,0.313131313,0.111111111,0.01010101,0.353535354,0.03030303,0.030612245,0.03030303,0.535353535,0.050505051,,,,,,,,,,,,,,,,,,,,,,,,,,,,,,,0.216175359,0.218202432,,,0,0,0.323232323,0,0,0,0.222222222,0.101010101,0,0,0.121212121,0.02020202,0.878787879,0.141414141,0.01010101,0.646464646,0.080808081,0.131313131,0,0.787878788,0.161616162,0.222222222,0.101010101,0,0.353535354,0.080808081,0.02020202,0.070707071,0.656565657,0.01010101,,,,,,,,,,,,,,,,,,,,,,,,,,,,,,,0.121212121,0.221548822,,,0,0,0.141414141,0,0,0,0.02020202,0.04040404,0,0,0,0,0.141414141,0.060606061,0,0,0.01010101,0.131313131,0,0.181818182,0.03030303,0.02020202,0.04040404,0,0,0,0,0,0.313131313,0,,,,,,,,,,,,,,,,,,,,,,,,,,,,,,,0.026936027,0.048484848,,,0.216175359,0.121212121,0.218202432,0.221548822,0.026936027,0.048484848,1.416666667,1.4,3.714285714,2,2.132738095
,,,,100,1179,TRUE,14/02/2024 22:05,,,,,,,,anonymous,en,"i consent, begin the study",female,30,south african,south africa,black,0,no,multilingual (more than 2),south_african,0,0,11.835,0,mbombela,2.441,14.271,17.997,5,thembinkosi lorch,1.109,2.29,20.296,2,cyril ramaphosa,2.237,32.689,36.549,10,union building,2.632,15.921,16.368,3,drakensberg mountain,2.267,21.99,23.067,5,tripe,1.509,19.759,20.51,2,church square,1.161,2.792,19.607,2,neo,1.155,48.33,48.701,2,bible,1.738,7.491,8.336,2,enca,1.222,5.187,5.501,2,cape town,1.206,6.825,7.268,2,naledi pandor,2.897,12.535,13.602,2,dollar,2.003,6.828,7.981,2,rose,1.403,5.39,6.255,2,netball,green,,,,,,,,,pretoria,19.042,43.562,45.802,5,messi,2.163,2.163,7.879,1,putin,1.449,1.449,7.761,1,empire state building,1.752,1.752,17.105,1,kilamanjaro,1.496,1.496,8.849,1,sushi,1.276,1.276,12.038,1,taipei 101,1.516,1.516,37.242,1,justin timberlake,1.53,1.53,15.348,1,bible,1.35,1.35,6.157,1,cnn,1.259,1.259,5.202,1,cape town,1.306,1.306,8.25,1,angela merkel,1.563,1.563,24.867,1,rand,1.298,1.298,6.469,1,lilies,1.105,11.342,14.683,5,soccer,100 degree celcius,1.476,36.492,36.956,12,2,2,2,1,1,1,1,1,1,1,3,1,1,1,1,3,3,1,1,1,1,4,1,3,3,4,4,1,3,1,1,1,1,3,3,3,11,0,0.03030303,0.262626263,0.424242424,0.070707071,0.02020202,0,0,0.080808081,0,0.737373737,0.112244898,0.060606061,0.272727273,0.01010101,0.02020202,0.424242424,0.222222222,0.252525253,0.232323232,0.161616162,0,0.01010101,0.171717172,0.111111111,0.121212121,0.142857143,0.050505051,0.090909091,0.808080808,,,,,,,,,,,,,,,,,,,,,,,,,,,,,,,0.138796125,0.187974988,,,0,0,0,0,0,0,0,0,0.212121212,0,0,0,0.878787879,0.656565657,0,0,0.676767677,0.181818182,0.313131313,0,0.060606061,0,0,0.212121212,0.343434343,0,0.272727273,0,0.03030303,0.868686869,,,,,,,,,,,,,,,,,,,,,,,,,,,,,,,0.116498316,0.197306397,,,0,0,0,0,0,0,0,0,0.080808081,0,0,0,0.141414141,0.313131313,0,0,0.101010101,0.070707071,0,0,0,0,0,0.080808081,0.04040404,0,0.03030303,0,0,0.97979798,,,,,,,,,,,,,,,,,,,,,,,,,,,,,,,0.035690236,0.086868687,,,0.138796125,0.116498316,0.187974988,0.197306397,0.035690236,0.086868687,1.416666667,1.7,2.714285714,1.857142857,1.92202381
,,,,100,1009,TRUE,14/02/2024 22:05,,,,,,,,anonymous,en,"i consent, begin the study",female,38,south african,south africa,white,-1,yes,multilingual (more than 2),south_african,6.336,8.13,15.07,3,cape town,11.227,11.227,27.624,1,faf de clerk,4.801,31.848,36.248,3,cyril ramaphosa,3.934,3.934,10.872,1,voortrekker monument,1.16,1.16,10.611,1,tafelberg,1.664,7.337,9.44,2,pap en wors,1.021,1.021,6.774,1,robben island,11.704,11.704,16.592,1,matthew mole,2.257,2.257,9.834,1,long walk to freedom,1.093,24.224,24.569,2,sabc,3.722,5.078,18.457,3,cape town,1.36,1.36,8.487,1,ferial haffajee,25.396,27.394,30.067,2,rand,1.336,1.336,4.259,1,protea,1.445,1.445,4.599,1,rugby,green,,,,,,,,,new york,1.411,1.411,7.648,1,ronaldo,2.983,2.983,7.431,1,adolf hitler,14.6,14.6,19.163,1,the huggenheim,2.688,32.145,37.827,2,mount everest,0.907,0.907,6.422,1,spaghetti,1.069,1.069,8.539,1,great wall of china,12.751,12.751,18.767,1,elvis prestley,1.704,1.704,12.838,1,harry potter,1.374,1.374,6.062,1,bbc,5.212,6.612,18.663,3,paris,1.858,17.468,20.259,2,jacinda ardern,21.423,22.241,29.367,2,pound,1.02,1.02,5.343,1,sunflower,0.822,0.822,4.952,1,soccer,farenheit,0.772,15.501,30.869,5,2,2,2,2,2,1,2,2,2,2,2,3,2,2,1,2,2,1,2,1,2,1,3,3,3,1,2,2,2,1,2,2,2,2,2,3,9,0.424242424,0.02020202,0.262626263,0.01010101,0.01010101,0.282828283,0.222222222,0,0.151515152,0.828282828,0.737373737,0,0.909090909,0.494949495,0.434343434,0.525252525,0.282828283,0,0,0.606060606,0.232323232,0.03030303,0.01010101,0.141414141,0.353535354,0.363636364,0.030612245,0.050505051,0.212121212,0.808080808,,,,,,,,,,,,,,,,,,,,,,,,,,,,,,,0.319191919,0.243118257,,,0,0,0,0,0,0,0,0,0,0,0,0,0,0,0.01010101,0.646464646,0.080808081,0,0,0.787878788,0.161616162,0.050505051,0,0.242424242,0.353535354,0.454545455,0.02020202,0,0.141414141,0.868686869,,,,,,,,,,,,,,,,,,,,,,,,,,,,,,,0.000673401,0.253872054,,,0,0,0,0,0,0,0,0,0,0,0,0,0,0,0,0,0.01010101,0,0,0.181818182,0.03030303,0,0,0.121212121,0,0.01010101,0,0,0.060606061,0.97979798,,,,,,,,,,,,,,,,,,,,,,,,,,,,,,,0,0.092929293,,,0.319191919,0.000673401,0.243118257,0.253872054,0,0.092929293,2,1.6,2.285714286,2,1.971428571
,,,,100,1249,TRUE,14/02/2024 22:05,,,,,,,,anonymous,en,"i consent, begin the study",female,25,south african,south africa,black,-1,no,multilingual (more than 2),south_african,0,0,17.342,0,durban,6.35,6.35,12.002,1,teko modise,2.234,2.234,9.014,1,cyril ramaphosa,2.651,11.428,18.395,2,home affairs,0.953,0.953,10.176,1,kilimanjaro,1.084,1.084,10.356,1,pap and wors,0.842,0.842,15.648,1,kruger national park,0.963,0.963,14.564,1,daliwonga,0.856,0.856,21.666,1,atomic habits,0.588,0.588,9.315,1,sabc,0.76,0.76,7.824,1,cape town,0.442,0.442,11.631,1,thuli madonsela,1.221,93.045,95.634,7,rand,0.934,1.568,5.559,2,protea,0.783,0.783,4.9,1,soccer,green,,,,,,,,,johannesburg,1.4,1.4,11.725,1,itumeleng khune,0.598,30.972,41.375,2,joe baiden,0.77,0.77,11.305,1,department of labour,0.784,0.784,19.967,1,drakensburg,21.045,21.045,34.243,1,pasta,0.832,0.832,6.318,1,eiffel tower,20.859,40.639,51.435,4,ed sheeran,0.614,0.614,5.896,1,the bible,0.907,0.907,12.947,1,etv,0.427,0.427,6.213,1,durban,1.054,1.054,5.775,1,taylor swift,0.504,0.504,7.801,1,euro,0.554,1.098,9.895,2,lily,0.804,0.804,4.31,1,rugby,celsius,0.697,5.782,14.306,2,2,2,2,2,2,2,2,2,2,2,2,2,2,2,2,2,2,2,2,1,1,2,3,2,3,2,2,2,2,3,3,3,3,2,3,3,10,0.101010101,0.02020202,0.262626263,0,0.101010101,0.282828283,0.111111111,0.01010101,0.01010101,0.828282828,0.737373737,0.010204082,0.909090909,0.494949495,0.525252525,0.060606061,0,0.252525253,0,0.01010101,0.232323232,0.313131313,0.02020202,0.171717172,0,0,0,0.03030303,0.090909091,0.050505051,,,,,,,,,,,,,,,,,,,,,,,,,,,,,,,0.293609565,0.082154882,,,0,0,0,0,0,0,0,0,0.01010101,0,0,0,0,0,0.868686869,0,0,0.323232323,0,0,0.161616162,0.222222222,0.01010101,0.212121212,0,0,0.02020202,0.070707071,0.03030303,0.01010101,,,,,,,,,,,,,,,,,,,,,,,,,,,,,,,0.058585859,0.070707071,,,0,0,0,0,0,0,0,0,0.01010101,0,0,0,0,0,0.97979798,0,0,0.141414141,0,0,0.03030303,0.02020202,0,0.080808081,0,0,0.01010101,0,0,0,,,,,,,,,,,,,,,,,,,,,,,,,,,,,,,0.065993266,0.018855219,,,0.293609565,0.058585859,0.082154882,0.070707071,0.065993266,0.018855219,2,1.8,2.285714286,2.857142857,2.235714286
,,,,100,839,TRUE,14/02/2024 22:07,,,,,,,,anonymous,en,"i consent, begin the study",female,21,south african,south africa,black african,0,no,multilingual (more than 2),south_african,0,0,8.838,0,johannesburg,2.249,13.766,18.858,5,siya kolisi,1.766,3.203,17.506,2,nelson mandela,1.664,3.147,13.764,2,the colosseum,1.222,24.234,25.775,4,table mountain,3.427,11.042,12.253,3,boerewors roll,1.031,8.68,26.391,3,kruger national park,2.855,3.996,25.963,2,aka,1.175,2.31,8.631,2,all about love by bell hooks,1.661,2.954,15.603,2,sabc,1.042,2.496,6.308,2,cape town,1.047,2.731,8.357,2,mother theresa,3.248,12.043,13.105,3,rand,1.094,2.179,4.606,2,rose,0.779,1.938,6.481,2,soccer,green,,,,,,,,,new york,1.187,6.872,9.301,3,lionel messi,1.176,25.347,28.796,3,nelson mandela,1.103,17.352,18.404,3,the louvre,0.886,2.045,6.782,2,mount everest,0.969,2.35,7.511,2,sushi,1.302,12.521,13.607,2,great wall of china,1.231,14.7,15.831,2,usher,1.031,8.857,9.976,2,the bible,0.803,2.019,7.9,2,tlc,0.86,1.929,28.337,2,rome,1.07,2.083,13.594,2,madonna,1.866,3.079,14.339,2,dollar,1.032,2.771,5.603,3,lilly,0.76,4.171,5.28,2,tennis,100 degrees celsius,0.851,34.518,35.635,10,2,1,1,1,1,1,1,1,1,1,2,1,1,1,3,1,1,1,1,1,1,1,1,1,1,1,2,2,4,1,1,1,2,2,1,3,11,0.373737374,0.343434343,0.373737374,0,0.747474747,0.02020202,0.111111111,0.111111111,0,0.828282828,0.737373737,0.010204082,0.909090909,0.272727273,0.525252525,0.525252525,0.424242424,0.101010101,0,0.606060606,0.161616162,0.03030303,0.090909091,0.171717172,0,0.03030303,0,0.838383838,0.090909091,0.01010101,,,,,,,,,,,,,,,,,,,,,,,,,,,,,,,0.357582629,0.205387205,,,0,0,0.01010101,0,0,0,0,0,0,0,0,0,0,0.656565657,0.868686869,0.646464646,0.676767677,0.01010101,0,0.787878788,0.060606061,0.050505051,0.04040404,0.212121212,0,0.080808081,0,0.878787879,0.03030303,0.03030303,,,,,,,,,,,,,,,,,,,,,,,,,,,,,,,0.102356902,0.233670034,,,0,0,0.01010101,0,0,0,0,0,0,0,0,0,0,0.313131313,0.97979798,0,0.101010101,0.01010101,0,0.181818182,0,0,0,0.080808081,0,0,0,0.141414141,0,0,,,,,,,,,,,,,,,,,,,,,,,,,,,,,,,0.086868687,0.034343434,,,0.357582629,0.102356902,0.205387205,0.233670034,0.086868687,0.034343434,1.166666667,1.2,1.714285714,1.571428571,1.413095238
,,,,100,1061,TRUE,14/02/2024 22:07,,,,,,,,anonymous,en,"i consent, begin the study",female,61,south african,south africa,caucasian,-1,yes,bilingual (2),south_african,0,0,10.926,0,johannesburg,12.603,20.627,23.231,2,siya kolisi,5.44,34.984,37.354,3,joe biden,3.873,3.873,20.326,1,empire state building,4.745,4.745,16.179,1,table mountain,2.394,2.394,12.289,1,spaghetti,2.944,2.944,14.734,1,table mountain,2.539,2.539,15.854,1,pavarotti,2.331,2.331,8.134,1,the bible,3.26,3.26,12.642,1,dstv,4.406,4.406,8.416,1,cape town,2.239,2.239,6.86,1,angela merkel,4.456,4.456,36.134,1,dollar,2.089,2.089,6.431,1,rose,3.177,3.177,7.211,1,football,green,,,,,,,,,new york,2.481,2.481,7.723,1,novak djokovic,51.285,51.734,53.394,2,joe biden,2.13,2.13,7.158,1,empire state building,1.772,1.772,10.522,1,table mountain,2.328,2.328,14.208,1,spaghetti,1.656,1.656,8.434,1,table mountain,3.478,4.18,11.082,2,pavarotti,2.879,2.879,9.086,1,the bible,1.183,1.183,5.844,1,cnn,2.436,2.436,10.325,1,new york,1.682,1.682,6.232,1,angela merkel,1.575,1.575,21.686,1,dollar,1.203,1.203,8.288,1,rose,1.163,1.163,4.634,1,football,100 degrees,1.159,10.463,19.038,2,1,2,2,2,2,2,2,2,2,2,2,2,1,1,1,1,1,1,1,1,1,1,1,1,2,1,3,3,1,2,3,3,3,3,3,3,8,0.373737374,0.343434343,0.080808081,0.050505051,0.747474747,0.060606061,0.171717172,0,0.080808081,0.03030303,0.737373737,0.030612245,0.060606061,0.272727273,0.525252525,0.525252525,0,0.252525253,0.252525253,0.080808081,0.232323232,0.01010101,0,0.171717172,0.111111111,0.121212121,0.142857143,0.838383838,0.535353535,0.808080808,,,,,,,,,,,,,,,,,,,,,,,,,,,,,,,0.237731052,0.272150072,,,0,0,0.323232323,0.313131313,0,0.161616162,0,0,0.212121212,0,0,0.272727273,0.878787879,0.656565657,0.868686869,0.646464646,0.01010101,0.323232323,0.313131313,0,0.161616162,0,0,0.212121212,0.343434343,0.121212121,0.272727273,0.878787879,0.656565657,0.868686869,,,,,,,,,,,,,,,,,,,,,,,,,,,,,,,0.245791246,0.320538721,,,0,0,0.141414141,0,0,0.03030303,0,0,0.080808081,0,0,0.03030303,0.141414141,0.313131313,0.97979798,0,0,0.141414141,0,0,0.03030303,0,0,0.080808081,0.04040404,0,0.03030303,0.141414141,0.313131313,0.97979798,,,,,,,,,,,,,,,,,,,,,,,,,,,,,,,0.114478114,0.117171717,,,0.237731052,0.245791246,0.272150072,0.320538721,0.114478114,0.117171717,1.916666667,1,1.714285714,2.857142857,1.87202381
,,,,100,1060,TRUE,14/02/2024 22:07,,,,,,,,anonymous,en,"i consent, begin the study",male,31,south african,south africa,black,0,yes,multilingual (more than 2),south_african,0,0,31.839,0,cape town,8.939,8.939,13.604,1,siya kolisi,0.929,0.929,6.397,1,vladimir putin,10.279,12.415,18.561,3,constitutional court building,0.517,0.517,17.845,1,table mountain,0.759,0.759,6.022,1,tshisanyama,0.754,0.754,10.771,1,robben island,0.719,0.719,6.436,1,loyiso bala,0.743,0.743,5.488,1,a tale of two cities,0.421,0.421,10.406,1,generations,2.657,6.305,6.767,2,cape town,2.226,2.226,5.674,1,margaret thatcher,0.839,1.279,10.8,2,rand,1.83,1.83,4.183,1,sunflower,0.842,0.842,4.099,1,soccer,green,,,,,,,,,new york city,1.057,1.057,6.099,1,tom brady,0.868,0.868,5.59,1,joe biden,1.323,1.572,6.23,2,empire state building,0.786,0.786,11.683,1,mount everest,1.395,1.395,7.055,1,sushi,0.475,0.475,3.797,1,stonehenge,1.439,1.439,7.849,1,michael jackson,0.792,0.792,5.309,1,oliver twist,0.239,1.007,8.494,2,nbc,0.554,0.897,12.228,2,tokyo,1.264,1.264,6.606,1,benizir bhutto,1.503,1.503,15.289,1,dollar,0.917,3.573,3.949,2,daffodil,0.871,0.871,12.305,1,football,100 degrees celsius,1.027,7.859,17.412,2,2,1,2,2,1,1,2,2,2,1,2,2,1,1,1,2,2,2,2,2,1,2,2,2,3,1,3,3,2,2,3,1,1,3,3,2,9,0.424242424,0.343434343,0.080808081,0,0.747474747,0,0.222222222,0.050505051,0.01010101,0,0.737373737,0,0.909090909,0.131313131,0.525252525,0.525252525,0,0.252525253,0.252525253,0.606060606,0.161616162,0.02020202,0.131313131,0,0.01010101,0.02020202,0,0.838383838,0,0.808080808,,,,,,,,,,,,,,,,,,,,,,,,,,,,,,,0.278787879,0.241750842,,,0,0,0.181818182,0,0,0,0,0,0,0,0,0.050505051,0,0.141414141,0.868686869,0.646464646,0,0.323232323,0.313131313,0.787878788,0.060606061,0.02020202,0.252525253,0,0,0.02020202,0,0.878787879,0.01010101,0.868686869,,,,,,,,,,,,,,,,,,,,,,,,,,,,,,,0.082828283,0.278787879,,,0,0,0.070707071,0,0,0,0,0,0,0,0,0.04040404,0,0.060606061,0.97979798,0,0,0.141414141,0,0.181818182,0,0,0.01010101,0,0,0,0,0.141414141,0,0.97979798,,,,,,,,,,,,,,,,,,,,,,,,,,,,,,,0.076767677,0.096969697,,,0.278787879,0.082828283,0.241750842,0.278787879,0.076767677,0.096969697,1.666666667,1.6,2.285714286,2.142857143,1.923809524
,,,,100,975,TRUE,14/02/2024 22:08,,,,,,,,anonymous,en,"i consent, begin the study",male,29,zimbabwean,south africa,black,1,yes,bilingual (2),south_african,0,0,8.852,0,cape town,1.137,1.137,9.901,1,lionel messi,0.853,0.853,15.805,1,cyril ramaphosa,0.888,0.888,10.592,1,carlton tower,0.902,25.928,26.199,2,table mountain,0.609,0.609,6.179,1,pap,0.971,23.179,23.695,2,table mountain,0.568,0.568,14.469,1,michael jackson,0.731,0.731,22.301,1,long walk to freedom,0.764,0.764,13.931,1,sabc,0.739,0.739,5.03,1,cape town,0.646,5.247,5.601,2,theresa may,0.863,0.863,13.502,1,rand,0.789,0.789,4.101,1,protea,0.581,4.829,5.227,2,rugby,green,,,,,,,,,london,8.382,12.87,13.666,2,lionel messi,1.587,1.587,8.498,1,joe biden,2.154,2.154,11.817,1,empire state building,2.036,2.036,11.231,1,mount everest,1.451,1.451,10.649,1,pizza,1.473,1.473,7.024,1,the eiffel tower,5.156,5.156,25.637,1,michael jackson,1.045,1.045,12.696,1,the bible,1.332,1.332,18.94,1,cnn,1.798,15.582,18.626,3,venice,1.277,39.991,44.562,2,theresa may,1.176,1.176,24.544,1,pounds,1.01,1.01,5.894,1,rose,0.79,0.79,5.586,1,football,100 degrees celsius,4.637,18.565,36.489,2,1,1,1,2,2,2,1,1,3,2,2,2,1,1,2,2,2,1,2,2,2,2,1,4,3,2,4,3,3,2,2,1,1,1,1,1,9,0.424242424,0.050505051,0.262626263,0.060606061,0.747474747,0.282828283,0.171717172,0,0.151515152,0.828282828,0.737373737,0.010204082,0.909090909,0.494949495,0.434343434,0.080808081,0.424242424,0.252525253,0.252525253,0.606060606,0.090909091,0.313131313,0.131313131,0.171717172,0.111111111,0,0.010204082,0.050505051,0.535353535,0.808080808,,,,,,,,,,,,,,,,,,,,,,,,,,,,,,,0.371050642,0.255899127,,,0,0.676767677,0,0,0,0,0,0.252525253,0,0,0,0,0,0,0.01010101,0.080808081,0.676767677,0.323232323,0.313131313,0.787878788,0.292929293,0.222222222,0.252525253,0.212121212,0.343434343,0.02020202,0,0,0.656565657,0.868686869,,,,,,,,,,,,,,,,,,,,,,,,,,,,,,,0.062626263,0.336700337,,,0,0.101010101,0,0,0,0,0,0.01010101,0,0,0,0,0,0,0,0,0.101010101,0.141414141,0,0.181818182,0,0.02020202,0.01010101,0.080808081,0.04040404,0,0,0,0.313131313,0.97979798,,,,,,,,,,,,,,,,,,,,,,,,,,,,,,,0.007407407,0.124579125,,,0.371050642,0.062626263,0.255899127,0.336700337,0.007407407,0.124579125,1.666666667,1.7,2.857142857,1.285714286,1.877380952
,,,,100,1064,TRUE,14/02/2024 22:08,,,,,,,,anonymous,en,"i consent, begin the study",male,34,south african,south africa,black african,0,yes,multilingual (more than 2),south_african,0,0,15.816,0,johannesburg,9.339,9.339,16.868,1,christiano ronaldo,5.297,5.297,16.74,1,trump,6.927,6.927,17.787,1,union building,2.247,16.015,21.484,2,drankensberg,1.474,1.474,9.386,1,pap and vleis,1.324,1.324,12.307,1,voortreker monument,1.439,1.439,9.48,1,justin bieber,1.007,1.007,8.817,1,the alchemist,2.264,2.264,10.145,1,sabc,1.603,1.603,5.79,1,cape town,2.409,2.409,5.983,1,president of newzealand (i don't know her name :( ),1.483,1.483,35.152,1,south african rand (zar),1.194,1.194,11.332,1,protea,1.142,1.142,5.559,1,soccer,green,,,,,,,,,new york,1.554,1.554,6.464,1,christiano ronaldo,1.163,1.163,11.826,1,trump,1.053,1.053,11.1,1,empire state building,0.888,0.888,9.397,1,mount everest,1.222,1.222,7.653,1,lasagna,1.117,1.117,8.825,1,statue of liberty,1.361,10.406,18.162,2,john mayer,0.963,0.963,10.822,1,the bible,1.195,1.9,9.586,2,bbc,1.802,7.825,10.55,2,paris,1.328,1.328,6.596,1,new zealand president/prime minister,1.773,1.773,18.18,1,american dollar,0.93,0.93,10.442,1,rose,1.032,1.032,4.101,1,soccer/football,general knowledge,1.232,16.801,52.082,3,1,2,1,1,1,1,1,1,2,2,1,1,2,1,3,1,1,1,1,1,1,2,2,1,4,1,4,4,2,1,2,2,3,3,2,3,9,0.373737374,0.04040404,0.03030303,0.424242424,0.070707071,0.282828283,0.02020202,0.02020202,0,0.828282828,0.737373737,0.020408163,0.909090909,0.494949495,0.525252525,0.525252525,0.282828283,0.131313131,0.252525253,0.606060606,0.04040404,0.161616162,0,0.171717172,0.353535354,0.363636364,0.030612245,0.838383838,0.535353535,0.808080808,,,,,,,,,,,,,,,,,,,,,,,,,,,,,,,0.318532261,0.340087954,,,0,0.080808081,0.212121212,0,0,0,0,0.101010101,0,0,0,0.02020202,0,0,0.868686869,0.646464646,0.080808081,0.212121212,0.313131313,0.787878788,0.060606061,0.101010101,0,0.212121212,0.353535354,0.454545455,0.02020202,0.878787879,0.656565657,0.868686869,,,,,,,,,,,,,,,,,,,,,,,,,,,,,,,0.085521886,0.376430976,,,0,0.01010101,0.101010101,0,0,0,0,0.04040404,0,0,0,0,0,0,0.97979798,0,0.01010101,0.101010101,0,0.181818182,0,0.02020202,0,0.080808081,0,0.01010101,0,0.141414141,0.313131313,0.97979798,,,,,,,,,,,,,,,,,,,,,,,,,,,,,,,0.075420875,0.122558923,,,0.318532261,0.085521886,0.340087954,0.376430976,0.075420875,0.122558923,1.25,1.4,2.571428571,2.285714286,1.876785714
,,,,100,1095,TRUE,14/02/2024 22:09,,,,,,,,anonymous,en,"i consent, begin the study",female,27,south african,south africa,black,-1,yes,bilingual (2),south_african,0.865,0.865,17.286,1,cape town,1.462,1.462,6.082,1,caster semenya,0.823,0.823,14.993,1,nelson mandela,1.179,1.179,12.601,1,castle of good hope,1.026,1.026,14.201,1,table mountain,0.601,0.601,9.688,1,bobotjie,1.144,1.144,19.9,1,robben island,0.677,0.677,16.073,1,aka,0.909,0.909,9.344,1,long walk to freedom,0.834,0.834,13.582,1,sabc,1.128,1.128,5.4,1,cape town,0.719,0.719,6.092,1,winnie madikizela mandela,1.434,1.434,17.651,1,rand,0.767,0.767,5.601,1,protea,0.472,0.472,4.869,1,rugby,green,,,,,,,,,new york,4.01,4.01,8.801,1,usain bolt,1.412,1.412,11.776,1,donald trump,1.154,19.955,29.154,3,eiffel tower,1.191,1.191,38.572,1,mount everest,0.74,0.74,26.798,1,pasta,0.849,0.849,5.164,1,great wall of china,3.441,3.441,24.583,1,sam smith,1.674,3.192,20.398,2,bible,1.058,1.058,26.391,1,bbc,1.768,1.768,7.601,1,london,1.339,1.339,10.301,1,michelle obama,1.361,1.361,35.071,1,dollar,0.981,0.981,6.092,1,rose,0.952,0.952,4.001,1,football,normal boiling point,0.829,35.384,37.18,5,2,2,2,1,1,1,1,2,1,1,1,1,1,1,3,2,2,1,2,1,1,2,1,1,3,2,2,2,1,1,1,1,1,1,1,1,8,0.424242424,0,0.373737374,0,0.747474747,0.03030303,0.222222222,0.111111111,0.151515152,0.828282828,0.737373737,0.132653061,0.909090909,0.494949495,0.434343434,0.525252525,0,0.131313131,0.171717172,0.606060606,0.232323232,0.03030303,0.01010101,0.171717172,0.353535354,0.02020202,0.12244898,0.838383838,0.535353535,0.808080808,,,,,,,,,,,,,,,,,,,,,,,,,,,,,,,0.373153302,0.303786161,,,0,0,0.01010101,0,0,0,0,0,0,0,0,0,0,0,0.01010101,0.646464646,0,0.212121212,0.444444444,0.787878788,0.161616162,0.050505051,0,0.212121212,0.353535354,0.02020202,0.050505051,0.878787879,0.656565657,0.868686869,,,,,,,,,,,,,,,,,,,,,,,,,,,,,,,0.001346801,0.356228956,,,0,0,0.01010101,0,0,0,0,0,0,0,0,0,0,0,0,0,0,0.101010101,0.03030303,0.181818182,0.03030303,0,0,0.080808081,0,0,0.02020202,0.141414141,0.313131313,0.97979798,,,,,,,,,,,,,,,,,,,,,,,,,,,,,,,0.000673401,0.125252525,,,0.373153302,0.001346801,0.303786161,0.356228956,0.000673401,0.125252525,1.333333333,1.6,1.714285714,1,1.411904762
,,,,100,918,TRUE,14/02/2024 22:09,,,,,,,,anonymous,en,"i consent, begin the study",male,24,south african,south africa,black,-1,yes,bilingual (2),south_african,0,0,18.261,0,cape town,0.868,1.467,5.701,2,cheslin kobe,0.796,20.388,20.767,3,ciryl ramaphoza,0.614,10.022,10.48,3,healthcare building,0.813,19.701,20.158,3,table mountain,0.53,5.922,6.323,3,mac & cheese,0.67,11.062,11.472,3,gas station,0.681,9.625,12.106,3,donald,0.779,15.691,16.125,3,rich dad poor dad,0.854,9.587,10.028,3,sabc,0.752,5.219,5.65,3,cape town,0.645,5.438,5.904,3,helen zilla,0.883,7.191,7.622,3,rands,0.617,3.967,5.889,3,rose,0.614,4.152,4.564,3,football,green,,,,,,,,,cape town,12.124,34.033,34.62,4,lebron james,2.619,8.762,9.962,2,barack obama,3.136,29.054,29.825,2,residential,1.014,33.69,34.193,3,mount everest,1.549,12.256,12.936,2,mac & cheese,1.301,9.628,10.03,4,gas station,1.229,7.232,7.699,2,justin beiber,1.172,5.788,6.2,2,rich dad poor dad,1.408,9.046,9.53,2,cnn,1.997,7.107,7.66,2,cape town,1.306,7.396,7.904,2,sirimavo bandaranaike,1.104,32.479,34.268,3,dollar,1.941,5.069,5.453,2,rose,1.652,3.77,4.103,2,football,100 degrees,0.897,42.791,44.068,6,1,1,1,1,1,1,1,1,1,1,1,1,1,1,1,1,1,1,1,1,1,4,1,3,1,1,3,3,1,1,1,1,1,1,1,1,7,0.424242424,0.01010101,0.262626263,0,0.747474747,0,0,0.01010101,0.01010101,0.828282828,0.737373737,0,0.909090909,0.272727273,0.525252525,0.01010101,0.02020202,0.111111111,0,0.606060606,0.060606061,0,0.111111111,0.090909091,0.111111111,0.121212121,0,0.838383838,0.535353535,0.808080808,,,,,,,,,,,,,,,,,,,,,,,,,,,,,,,0.315824916,0.228282828,,,0,0,0,0,0,0,0,0,0,0,0,0,0,0.656565657,0.868686869,0,0,0.131313131,0,0.787878788,0,0,0.101010101,0,0.343434343,0,0,0.878787879,0.656565657,0.868686869,,,,,,,,,,,,,,,,,,,,,,,,,,,,,,,0.101683502,0.251178451,,,0,0,0,0,0,0,0,0,0,0,0,0,0,0.313131313,0.97979798,0,0,0.131313131,0,0.181818182,0,0,0.04040404,0,0.04040404,0,0,0.141414141,0.313131313,0.97979798,,,,,,,,,,,,,,,,,,,,,,,,,,,,,,,0.086195286,0.121885522,,,0.315824916,0.101683502,0.228282828,0.251178451,0.086195286,0.121885522,1,1.3,1.857142857,1,1.289285714
,,,,100,1235,TRUE,14/02/2024 22:09,,,,,,,,anonymous,en,"i consent, begin the study",female,25,african,south  african,black,-1,no,bilingual (2),south_african,0,0,16.154,0,johannesburg,9.724,29.948,31.538,3,siya kolisi,2.865,15.134,16.702,2,joe biden,1.864,52,53.381,2,mall,1.858,30.858,32.007,3,table mountain,1.615,9.196,10.501,2,pap and boerewors,1.499,32.943,34.515,4,gautrain,1.464,31.801,32.948,2,lloyiso,1.918,11.401,12.556,2,born a crime by trevor noah,2.003,14.826,16.036,2,sabc,1.815,9.205,10.45,3,cape town,1.642,9.524,11.496,2,queen elizabeth the 2nd,1.556,28.154,29.862,3,rand,2.768,7.361,8.7,2,protea,1.98,8.571,10.167,2,rugby,green,,,,,,,,,new york city,3.137,11.646,12.757,2,lionel messi,1.465,1.465,21.551,1,vladimir putin,2.595,4.268,33.573,2,effiel tower,1.243,9.457,12.477,2,mount everest,1.316,1.316,24.821,1,lasagna,1.965,8.593,10.534,2,eiffel tower,1.408,1.408,24.812,1,justin bieber,1.578,1.578,8.144,1,the bible,2.184,2.184,10.688,1,fox news,1.984,1.984,9.585,1,paris,1.766,1.766,12.169,1,queen elizabeth ii,2.164,2.164,15.549,1,dollar,2.116,14.555,15.884,4,sunflower,1.832,1.832,11.985,1,soccer,100 degrees celsuis,2.417,13.952,30.152,3,1,3,2,1,2,2,2,2,3,2,2,3,2,2,1,1,1,1,1,2,1,2,1,2,3,1,2,2,2,2,3,1,2,3,1,2,9,0.373737374,0.343434343,0.080808081,0,0.747474747,0.282828283,0,0.050505051,0.03030303,0.828282828,0.737373737,0.06122449,0.909090909,0.494949495,0.434343434,0.525252525,0.424242424,0.222222222,0.171717172,0.606060606,0.04040404,0.313131313,0.111111111,0.171717172,0.01010101,0.363636364,0.091836735,0.838383838,0.212121212,0.808080808,,,,,,,,,,,,,,,,,,,,,,,,,,,,,,,0.358290387,0.32733457,,,0,0,0.323232323,0,0,0,0,0,0,0,0,0.070707071,0,0,0.01010101,0.646464646,0.676767677,0.181818182,0.444444444,0.787878788,0.060606061,0.222222222,0.101010101,0.212121212,0.070707071,0.454545455,0.070707071,0.878787879,0.141414141,0.868686869,,,,,,,,,,,,,,,,,,,,,,,,,,,,,,,0.026936027,0.387878788,,,0,0,0.141414141,0,0,0,0,0,0,0,0,0,0,0,0,0,0.101010101,0.070707071,0.03030303,0.181818182,0,0.02020202,0.04040404,0.080808081,0,0.01010101,0,0.141414141,0.060606061,0.97979798,,,,,,,,,,,,,,,,,,,,,,,,,,,,,,,0.009427609,0.114478114,,,0.358290387,0.026936027,0.32733457,0.387878788,0.009427609,0.114478114,2.083333333,1.4,1.857142857,2,1.835119048
,,,,100,1176,TRUE,14/02/2024 22:09,,,,,,,,anonymous,en,"i consent, begin the study",female,23,south africa,south africa,black,0,yes,bilingual (2),south_african,0,0,15.244,0,cape town,6.989,6.989,26.014,1,siya kolisi,4.456,4.456,19.73,1,nelson mandela,4.575,18.725,21.302,2,union bulidings,4.523,4.523,37.548,1,table mountain,2.256,2.256,17.413,1,bobotie,18.081,18.081,25.233,1,vilakazi street,1.957,1.957,39.681,1,usher,2.236,2.236,70.275,1,spud,1.039,1.039,10.096,1,sabc,2.985,2.985,9.592,1,cape town,6.936,6.936,19.11,1,queen elizabeth,6.302,6.302,20.693,1,rand,3.442,3.442,7.966,1,sunflower,1.795,1.795,12.599,1,rugby,green,,,,,,,,,new york,8.526,9.526,18.883,2,lionel messi,1.587,1.587,18.578,1,joe biden,2.722,2.722,11.646,1,empire state,1.446,1.446,11.371,1,mount everest,1.376,1.376,20.5,1,sushi,7.144,7.144,15.568,1,eiffel tower,2.155,2.155,13.695,1,micheal jackson,3.459,3.459,34.947,1,harry potter,1.906,1.906,17.463,1,nbc,1.662,1.662,7.549,1,paris,1.808,1.808,6.946,1,hillary clinton,1.574,1.574,40.065,1,dollar,1.487,1.487,6.359,1,rose,1.352,1.352,6.959,1,soccer,100,1.691,29.359,34.152,3,1,1,2,2,2,2,2,2,2,1,4,1,1,2,4,2,1,1,2,1,1,2,2,2,4,2,4,2,2,2,3,3,3,3,4,2,9,0.424242424,0.343434343,0.373737374,0.424242424,0.747474747,0.03030303,0.01010101,0.070707071,0,0.828282828,0.737373737,0.06122449,0.909090909,0.131313131,0.434343434,0.525252525,0.424242424,0.252525253,0.252525253,0.606060606,0.161616162,0.313131313,0.131313131,0.141414141,0.01010101,0.363636364,0.071428571,0.838383838,0.535353535,0.808080808,,,,,,,,,,,,,,,,,,,,,,,,,,,,,,,0.368391397,0.362337662,,,0,0,0.01010101,0,0,0,0,0.04040404,0,0,0,0.070707071,0,0.141414141,0.01010101,0.646464646,0.676767677,0.323232323,0.313131313,0.787878788,0.060606061,0.222222222,0.252525253,0.242424242,0,0.454545455,0.090909091,0.878787879,0.656565657,0.868686869,,,,,,,,,,,,,,,,,,,,,,,,,,,,,,,0.018181818,0.431649832,,,0,0,0.01010101,0,0,0,0,0,0,0,0,0,0,0.060606061,0,0,0.101010101,0.141414141,0,0.181818182,0,0.02020202,0.01010101,0.121212121,0,0.01010101,0.03030303,0.141414141,0.313131313,0.97979798,,,,,,,,,,,,,,,,,,,,,,,,,,,,,,,0.004713805,0.136700337,,,0.368391397,0.018181818,0.362337662,0.431649832,0.004713805,0.136700337,1.833333333,1.7,2.571428571,2.857142857,2.24047619
,,,,100,1051,TRUE,14/02/2024 22:09,,,,,,,,anonymous,en,"i consent, begin the study",female,24,south african,south africa,white/caucasian,0,yes,multilingual (more than 2),south_african,0,0,11.002,0,johannesburg,3.525,6.111,19.755,2,siya kolisi,2.463,12.854,15.429,3,nelson mandela,1.732,8.05,9.544,3,the leonardo,0.945,48.117,49.555,2,table mountain,0.669,2.071,6.355,2,pap 'n vleis,0.315,1.601,15.698,2,kruger national park,8.297,28.418,34.976,2,areece,0.438,1.975,13.692,2,long walk to freedom,0.264,1.529,7.575,2,sabc,0.454,2.093,6.395,2,mbombela,0.409,2.633,12.998,2,oprah winferey,0.63,17.599,19.542,4,rand,0.414,1.77,9.794,2,protea,0.267,1.721,4.497,2,rugby,green,,,,,,,,,los vegas,1.161,2.778,11.2,2,serena williams,0.377,1.775,38.396,2,nelson mandela,0.33,1.511,6.381,2,one world trade centre,0.463,1.726,53.548,2,mount everest,0.6,2.094,6.446,2,macaroni and cheese,0.259,1.605,9.668,2,the statue of liberty,0.071,1.412,9.029,2,justin bieber,0.122,1.417,5.502,2,after,0.218,1.437,4.389,2,sabc,0.177,1.439,5.802,2,thailand,0.252,3.12,11.51,3,oprah winferey,0.546,2.017,10.389,2,dollar,0.325,1.635,10.538,2,rose,0.407,2.009,6.269,2,baseball,fahrenheit or celcius,0.295,5.699,66.31,3,1,2,1,1,2,2,3,1,1,1,1,1,1,2,1,2,2,2,1,1,2,2,2,4,3,1,1,1,1,1,1,1,1,2,1,3,10,0.373737374,0.343434343,0.373737374,0.02020202,0.747474747,0.282828283,0.111111111,0,0.151515152,0.828282828,0,0.051020408,0.909090909,0.494949495,0.434343434,0,0.01010101,0.101010101,0,0.606060606,0.060606061,0.161616162,0.111111111,0.01010101,0.121212121,0.01010101,0.081632653,0.838383838,0.535353535,0,,,,,,,,,,,,,,,,,,,,,,,,,,,,,,,0.341448499,0.176485948,,,0,0,0.01010101,0,0,0,0,0,0,0,0,0,0,0,0.01010101,0,0,0.01010101,0,0.787878788,0,0.101010101,0.101010101,0,0,0,0,0.878787879,0.656565657,0.01010101,,,,,,,,,,,,,,,,,,,,,,,,,,,,,,,0.001346801,0.16969697,,,0,0,0.01010101,0,0,0,0,0,0,0,0,0,0,0,0,0,0,0.01010101,0,0.181818182,0,0.02020202,0.04040404,0,0,0,0,0.141414141,0.313131313,0,,,,,,,,,,,,,,,,,,,,,,,,,,,,,,,0.000673401,0.047138047,,,0.341448499,0.001346801,0.176485948,0.16969697,0.000673401,0.047138047,1.416666667,1.6,1.857142857,1.428571429,1.575595238
,,,,100,1196,TRUE,14/02/2024 22:09,,,,,,,,anonymous,en,"i consent, begin the study",female,41,south african,south africa,white,-1,no,bilingual (2),south_african,0,0,17.294,0,centurion,20.589,20.589,27.559,1,bakkies botha,6.393,6.393,14.154,1,mandela,5.268,5.268,10.764,1,voortrekker monument,4.001,4.001,15.524,1,tafelberg,1.514,1.514,9.5,1,pizza,3.925,3.925,8.956,1,kimberly se gat,2.253,2.253,12.764,1,josh groban,3.494,3.494,10.748,1,the bible,5.191,5.191,16.579,1,abc,4.97,4.97,13.082,1,cape town,8.399,8.399,14.19,1,hillary clinton,5.395,5.395,27.247,1,rand,1.672,1.672,5.324,1,gerberas,2.444,2.444,14.902,1,rugby,green,,,,,,,,,new york,2.83,2.83,9.703,1,travis kelsey,1.539,1.539,14.506,1,biden,1.658,1.658,6.702,1,twin towers,1.736,10.636,16.822,2,mount everest,1.323,1.323,8.801,1,pizza,1.979,1.979,6.312,1,eifel tower,1.382,1.382,10.3,1,josh groban,1.148,1.148,7.965,1,the bible,1.179,1.179,8.374,1,abc,2.089,2.089,6.682,1,new orleans,1.264,51.422,60.794,2,kamala harris,3.503,3.503,22.213,1,dollar,1.845,1.845,6.461,1,gerberas,1.054,1.054,5.765,1,football,100 degrees celsius,1.47,12.774,70.281,2,2,2,2,3,2,2,2,2,2,2,3,2,2,2,1,2,2,2,2,2,2,2,1,3,3,2,3,3,2,2,2,2,3,2,2,3,9,0,0,0.373737374,0.01010101,0.01010101,0,0,0,0.080808081,0,0.737373737,0.020408163,0.909090909,0,0.434343434,0.525252525,0,0.252525253,0.02020202,0.606060606,0.090909091,0.313131313,0,0.171717172,0,0,0.040816327,0.838383838,0,0.808080808,,,,,,,,,,,,,,,,,,,,,,,,,,,,,,,0.171730915,0.24447193,,,0,0,0.01010101,0,0,0.292929293,0,0,0.212121212,0.02020202,0,0.090909091,0,0,0.01010101,0.646464646,0,0.323232323,0.04040404,0.787878788,0.292929293,0.222222222,0,0.212121212,0.02020202,0,0.070707071,0.878787879,0,0.868686869,,,,,,,,,,,,,,,,,,,,,,,,,,,,,,,0.042424242,0.290909091,,,0,0,0.01010101,0,0,0,0,0,0.080808081,0,0,0.03030303,0,0,0,0,0,0.141414141,0,0.181818182,0,0.02020202,0,0.080808081,0,0,0.02020202,0.141414141,0,0.97979798,,,,,,,,,,,,,,,,,,,,,,,,,,,,,,,0.008080808,0.104377104,,,0.171730915,0.042424242,0.24447193,0.290909091,0.008080808,0.104377104,2.166666667,1.9,2.428571429,2.285714286,2.195238095
,,,,100,1445,TRUE,14/02/2024 22:10,,,,,,,,anonymous,en,"i consent, begin the study",male,31,south african,south africa,black,0,no,multilingual (more than 2),south_african,0,0,19.14,0,johannesburg,26.001,28.784,42.741,2,siya kolisi,4.127,16.36,18.765,2,cyril ramaphosa,5.102,19.784,21.24,2,transnet building,3.34,28.859,30.854,2,table mountain,2.774,14.826,16.778,2,fish and chips,2.621,16.43,18.168,2,table mountain,4.098,39.252,40.813,2,vusi nova,3.256,19.141,20.995,2,things fall apart,2.058,16.614,18.294,2,sabc,3.409,9.993,12.227,2,cape town,2.888,11.275,12.977,2,winnie mandela,2.925,43.081,44.79,2,usd,2.958,13.446,15.16,2,protea,1.874,8.936,10.403,2,soccer,green,,,,,,,,,new york,9.174,28.334,29.556,2,michael jordan,3.309,3.309,20.406,1,joe biden,2.89,2.89,59.584,1,empire state building,2.169,2.169,34.207,1,mount everest,2.034,2.034,18.055,1,chinese,3.338,3.338,16.675,1,victoria falls,1.995,1.995,17.507,1,r kelly,1.892,1.892,12.498,1,guiness book of records,3.224,3.224,23.403,1,cnn,2.725,2.725,9.646,1,thailand,3.182,3.182,22.609,1,michelle obama,3.32,3.32,31.671,1,usd,1.941,1.941,8.096,1,sunflower,2.353,2.353,11.89,1,american football,celsius,2.303,20.115,89.163,3,1,1,1,1,1,1,1,1,1,1,1,1,1,1,1,1,2,1,1,1,1,2,4,2,4,1,2,1,1,1,1,1,4,1,1,4,10,0.373737374,0.343434343,0.262626263,0,0.747474747,0.01010101,0.171717172,0.050505051,0.01010101,0.828282828,0.737373737,0.132653061,0.060606061,0.494949495,0.525252525,0.525252525,0.02020202,0.252525253,0.252525253,0.606060606,0,0.03030303,0,0,0.111111111,0.01010101,0.12244898,0.838383838,0.212121212,0,,,,,,,,,,,,,,,,,,,,,,,,,,,,,,,0.316587645,0.198735656,,,0,0,0,0,0,0.04040404,0,0,0,0,0,0,0.878787879,0,0.868686869,0.646464646,0.02020202,0.323232323,0.313131313,0.787878788,0,0,0,0,0.343434343,0,0.050505051,0.878787879,0.141414141,0,,,,,,,,,,,,,,,,,,,,,,,,,,,,,,,0.119191919,0.233670034,,,0,0,0,0,0,0,0,0,0,0,0,0,0.141414141,0,0.97979798,0,0,0.141414141,0,0.181818182,0,0,0,0,0.04040404,0,0.02020202,0.141414141,0.060606061,0,,,,,,,,,,,,,,,,,,,,,,,,,,,,,,,0.074747475,0.039057239,,,0.316587645,0.119191919,0.198735656,0.233670034,0.074747475,0.039057239,1,1.2,2.142857143,1.857142857,1.55
,,,,100,959,TRUE,14/02/2024 22:10,,,,,,,,anonymous,en,"i consent, begin the study",male,22,south african,south africa,black african,-1,yes,multilingual (more than 2),south_african,10.25,10.546,15.153,2,johannesburg,1.257,1.672,6.902,2,lionel messi,1.034,1.034,7.728,1,jacob zuma,0.848,7.858,12.985,3,the leonardo,0.448,0.448,14.397,1,table mountain,0.787,7.529,11.065,4,pap and boerewors,0.457,19.632,21.878,2,robbin island,0.814,0.814,13.789,1,drake,0.534,8.717,11.804,4,twilight,1.038,15.992,19.891,2,sabc,0.58,0.58,5.783,1,cape town,0.572,0.572,8.599,1,oprah,0.839,7.248,7.8,2,south african rand,0.608,5.155,11.732,2,the protea flower,0.741,0.741,7.67,1,rugby,green,,,,,,,,,new york city,9.791,9.791,18.601,1,lionel messi,1.458,1.458,10.44,1,donald trump,0.653,0.653,10.35,1,the eiffel tower,0.751,0.751,40.631,1,mount everest,0.817,0.817,9.499,1,chicken fillet,0.577,0.577,15.487,1,leaning tower of pisa,0.677,14.044,42.759,3,jusin bieber,0.525,0.525,9.101,1,48 laws of power,1.093,1.093,8.491,1,showtime,1.155,1.155,14.167,1,maldives,0.901,7.485,13.302,4,oprah,1.298,1.298,7.141,1,united states dollar,1.043,1.043,12.737,1,the protea flower,0.776,0.776,9.741,1,football/soccer,100 degrees celcius,6.302,22.444,54.487,2,1,2,2,1,1,2,2,2,1,1,3,2,1,2,1,1,1,2,1,1,1,2,2,1,1,2,3,2,2,1,2,1,1,2,2,3,8,0.373737374,0.050505051,0.01010101,0.02020202,0.747474747,0.282828283,0.222222222,0,0,0.828282828,0.737373737,0.051020408,0.909090909,0.494949495,0.434343434,0.525252525,0.424242424,0.131313131,0.171717172,0.606060606,0.01010101,0,0.111111111,0.01010101,0,0,0.081632653,0.838383838,0.04040404,0.808080808,,,,,,,,,,,,,,,,,,,,,,,,,,,,,,,0.344142101,0.250560022,,,0,0.676767677,0,0,0,0,0,0.03030303,0,0,0,0,0,0,0.01010101,0.646464646,0.676767677,0.212121212,0.444444444,0.787878788,0,0.01010101,0.101010101,0,0,0,0,0.878787879,0,0.868686869,,,,,,,,,,,,,,,,,,,,,,,,,,,,,,,0.047811448,0.308417508,,,0,0.101010101,0,0,0,0,0,0,0,0,0,0,0,0,0,0,0.101010101,0.101010101,0.03030303,0.181818182,0,0,0.04040404,0,0,0,0,0.141414141,0,0.97979798,,,,,,,,,,,,,,,,,,,,,,,,,,,,,,,0.006734007,0.105050505,,,0.344142101,0.047811448,0.250560022,0.308417508,0.006734007,0.105050505,1.666666667,1.3,1.857142857,1.714285714,1.63452381
,,,,100,970,TRUE,14/02/2024 22:10,,,,,,,,anonymous,en,"i consent, begin the study",female,21,south african,south africa,black,0,yes,multilingual (more than 2),south_african,0,0,15.485,0,cape town,2.326,2.326,7.324,1,percy tau,1.209,1.944,7.722,2,ramaphosa,1.265,1.265,12.595,1,union building,1.569,1.569,14.609,1,drakensburg mountain,1.43,1.43,12.303,1,pap n vleis,1.031,1.031,22.15,1,voortrekker monument,1.897,1.897,56.781,1,blakkie,1.534,1.534,9.739,1,naledi his wife,1.257,1.257,9.595,1,sabc,2.222,2.222,7.749,1,cape town,1.47,1.47,8.579,1,winnie mandela,1.243,1.243,11.701,1,rand,1.246,1.246,4.104,1,protea,1.03,1.03,16.123,1,rugby,green,,,,,,,,,new york,14.536,14.536,31.892,1,lionel messi,6.847,6.847,29.323,1,barak obama,4.114,4.114,13.95,1,barj khalifa,2.73,2.73,29.987,1,mount evarest,2.152,10.223,13.324,2,alfredo,2.348,2.348,10.985,1,eiffel tower,1.355,1.355,22.501,1,bryson tiller,2.603,2.603,10.269,1,law of attraction,2.417,2.417,30.241,1,bbc africa,1.635,1.635,13.531,1,paris,1.949,1.949,6.775,1,angela merkel,1.615,1.615,26.714,1,dollar,1.871,1.871,6.539,1,sunflower,1.827,1.827,8.751,1,soccer,100 degrees,1.55,11.317,54.597,4,1,1,1,1,1,4,3,1,1,1,1,2,2,4,1,1,1,1,1,1,1,1,1,4,4,1,4,3,1,1,1,1,1,1,1,1,10,0.424242424,0.03030303,0.262626263,0.424242424,0.070707071,0.282828283,0.02020202,0,0,0.828282828,0.737373737,0.132653061,0.909090909,0.494949495,0.434343434,0.525252525,0.424242424,0.111111111,0.03030303,0.606060606,0,0.313131313,0.01010101,0,0.353535354,0.363636364,0.142857143,0.838383838,0.212121212,0.808080808,,,,,,,,,,,,,,,,,,,,,,,,,,,,,,,0.336789665,0.315921116,,,0,0,0,0,0,0,0,0,0,0,0,0,0,0,0.01010101,0.646464646,0.676767677,0.131313131,0.01010101,0.787878788,0,0.222222222,0,0,0.353535354,0.454545455,0.272727273,0.878787879,0.141414141,0.868686869,,,,,,,,,,,,,,,,,,,,,,,,,,,,,,,0.000673401,0.362962963,,,0,0,0,0,0,0,0,0,0,0,0,0,0,0,0,0,0.101010101,0.131313131,0,0.181818182,0,0.02020202,0,0,0,0.01010101,0.03030303,0.141414141,0.060606061,0.97979798,,,,,,,,,,,,,,,,,,,,,,,,,,,,,,,0,0.11043771,,,0.336789665,0.000673401,0.315921116,0.362962963,0,0.11043771,1.5,1.4,2.571428571,1,1.617857143
,,,,100,805,TRUE,14/02/2024 22:11,,,,,,,,anonymous,en,"i consent, begin the study",male,21,south african,south africa,indian,-1,no,multilingual (more than 2),south_african,0,0,7.011,0,johannesburg,28.123,28.123,35.809,1,chad le clos,0.65,0.65,22.504,1,helen joseph,0.768,28.74,29.522,2,union building,0.795,0.795,7.704,1,table mountain,1.641,1.641,5.835,1,bobotie,0.601,0.601,27.03,1,table mountain,0.656,1.278,6.206,2,usher,0.66,0.66,3.293,1,the lord of the rings,0.509,1.893,10.164,3,sabc,1.479,1.479,4.822,1,cape town,1.191,1.846,18.897,2,kamala harris,0.636,93.969,95.007,2,south african rand,2.77,2.77,9.466,1,protea flower,0.857,0.857,5.008,1,rugby,green,,,,,,,,,new york,10.909,10.909,18.61,1,leonel messi,0.648,0.648,9.173,1,vladimir putin,0.587,0.587,11.185,1,taj mahal,16.522,16.522,21.202,1,mount everest,0.598,8.188,14.117,2,pasta,0.991,4.589,5.244,2,great wall of china,0.504,7.216,12.189,2,eminem,0.782,0.782,8.936,1,harry potter,0.774,0.774,13.114,1,cnn,1.411,1.411,4.201,1,tokyo,0.592,0.592,10.375,1,kamala harris,3.071,3.071,6.829,1,us dollar,0.507,0.507,5.95,1,rose,0.795,0.795,3.528,1,football,100 degrees celcius,0.524,28.472,29.144,3,1,2,2,2,2,1,1,1,1,1,2,3,1,1,1,2,2,1,1,1,1,2,3,3,3,2,3,3,3,2,2,3,3,3,3,4,9,0.373737374,0,0,0.424242424,0.747474747,0.03030303,0.171717172,0.070707071,0.01010101,0.828282828,0.737373737,0.020408163,0.909090909,0.494949495,0.434343434,0.525252525,0.424242424,0.222222222,0.050505051,0.606060606,0.232323232,0.03030303,0.03030303,0.141414141,0.111111111,0.02020202,0.040816327,0.838383838,0.535353535,0.808080808,,,,,,,,,,,,,,,,,,,,,,,,,,,,,,,0.350182093,0.307771593,,,0,0,0,0,0,0,0,0.04040404,0.101010101,0,0,0.070707071,0,0,0.01010101,0.646464646,0.676767677,0.181818182,0,0.787878788,0.161616162,0.050505051,0.03030303,0.242424242,0.343434343,0.02020202,0.070707071,0.878787879,0.656565657,0.868686869,,,,,,,,,,,,,,,,,,,,,,,,,,,,,,,0.014814815,0.374410774,,,0,0,0,0,0,0,0,0,0.01010101,0,0,0.02020202,0,0,0,0,0.101010101,0.070707071,0,0.181818182,0.03030303,0,0,0.121212121,0.04040404,0,0.02020202,0.141414141,0.313131313,0.97979798,,,,,,,,,,,,,,,,,,,,,,,,,,,,,,,0.002020202,0.133333333,,,0.350182093,0.014814815,0.307771593,0.374410774,0.002020202,0.133333333,1.583333333,1.3,2.857142857,2.857142857,2.149404762
,,,,100,1504,TRUE,14/02/2024 22:11,,,,,,,,anonymous,en,"i consent, begin the study",female,26,south african,south africa,black,0,yes,multilingual (more than 2),south_african,12.057,12.057,15.305,1,johannesburg,1.021,1.021,8.232,1,percy tau,1.152,1.152,25.274,1,nelson mandela,1.342,1.342,6.603,1,carlton centre,1.094,1.094,34.984,1,table mountain,0.981,12.029,17.843,2,pap & wors,0.775,0.775,13.579,1,telkom building,1.233,1.233,23.874,1,lloyiso,1.1,1.1,12.404,1,the lord of the rings,25.144,26.033,47.061,2,sabc,2.708,2.708,7.704,1,cape town,1.119,1.119,8.801,1,winnie mandela,1.742,1.742,7.662,1,rand,1.101,1.101,4.148,1,rose,0.733,0.733,6.803,1,soccer,green,,,,,,,,,new york,12.176,23.806,33.262,2,lionel messi,5.776,7.447,14.509,2,donald trump,8.232,19.038,37.05,4,white house,12.216,23.236,31.369,7,mount everest,4.625,4.625,11.196,1,pork belly,3.678,3.678,32.925,1,eiffel tower,9.184,60.621,92.043,3,justin bieber,1.593,1.593,15.669,1,lord of the rings,26.146,26.146,38.798,1,bbc,2.889,2.889,21.039,1,cape town,2.034,2.034,11.729,1,winnie mandela,3.427,3.427,19.239,1,dollar,1.566,1.566,11.053,1,rose,1.971,1.971,5.655,1,cricket,100°c,8.046,61.203,63.833,12,1,1,2,1,1,1,1,1,1,1,2,2,1,1,3,1,2,1,2,2,2,2,4,3,2,1,4,2,2,2,1,2,2,3,2,2,10,0.373737374,0.03030303,0.373737374,0.060606061,0.747474747,0.282828283,0,0.050505051,0.01010101,0.828282828,0.737373737,0.132653061,0.909090909,0.272727273,0.525252525,0.525252525,0.424242424,0.131313131,0.090909091,0.606060606,0,0.313131313,0.111111111,0.03030303,0.353535354,0.121212121,0.020408163,0.838383838,0.535353535,0.02020202,,,,,,,,,,,,,,,,,,,,,,,,,,,,,,,0.355644884,0.274761218,,,0,0,0.01010101,0,0,0,0,0,0.101010101,0,0,0,0,0.656565657,0.868686869,0.646464646,0.676767677,0.212121212,0,0.787878788,0,0.222222222,0.101010101,0.101010101,0.353535354,0,0,0.878787879,0.656565657,0,,,,,,,,,,,,,,,,,,,,,,,,,,,,,,,0.109090909,0.309090909,,,0,0,0.01010101,0,0,0,0,0,0.01010101,0,0,0,0,0.313131313,0.97979798,0,0.101010101,0.101010101,0,0.181818182,0,0.02020202,0.04040404,0.01010101,0,0,0,0.141414141,0.313131313,0,,,,,,,,,,,,,,,,,,,,,,,,,,,,,,,0.087542088,0.060606061,,,0.355644884,0.109090909,0.274761218,0.309090909,0.087542088,0.060606061,1.25,1.7,2.571428571,2,1.880357143
,,,,100,1018,TRUE,14/02/2024 22:11,,,,,,,,anonymous,en,"i consent, begin the study",female,26,south african,south africa,black african,-1,no,multilingual (more than 2),south_african,13.033,13.033,15.461,1,durban,8.139,8.139,26.601,1,williams,2.225,2.225,9.778,1,nelson mandela,1.694,1.694,7.001,1,union buildings,1.19,1.19,11.692,1,mount kilimajaro,1.406,8.634,11.8,2,pap and wors and chakalaka,4.546,4.546,14.99,1,table mountain,1.044,1.044,6.2,1,micasa?,0.849,0.849,10.272,1,the bible,4.562,4.562,10.7,1,sabc,1.226,1.226,6.758,1,cape town,0.888,0.888,5.874,1,naledi pandor,6.454,6.454,11.5,1,rand,0.953,0.953,2.938,1,protea,0.625,0.625,3.748,1,rugby,green,,,,,,,,,new york city,1.309,1.309,8.198,1,lionel messi,0.948,0.948,5.194,1,vladmir putin,0.735,0.735,6.74,1,taj mahal,0.779,8.901,11.063,2,everest,1.405,1.405,4.978,1,butter chicken,0.71,0.71,13.001,1,great pyramids of gaza,0.842,0.842,13.451,1,michael jackson,1.301,1.301,12.071,1,the bible,0.713,0.713,6.127,1,al jazeera,0.674,0.674,14.98,1,paris,1.423,1.423,5.49,1,naledi pandor? (i really dont kmow any),0.825,0.825,29.167,1,dollar,1.399,1.399,4,1,rose,0.601,0.601,3.709,1,soccer,100°c,1.1,19.93,20.797,5,1,1,1,2,1,1,1,1,2,2,1,2,1,1,2,2,1,1,1,2,1,3,1,3,2,1,4,3,3,1,2,1,1,1,1,1,10,0.101010101,0.060606061,0.373737374,0.424242424,0.101010101,0.282828283,0.171717172,0,0.080808081,0.828282828,0.737373737,0.112244898,0.909090909,0.494949495,0.434343434,0.525252525,0.424242424,0.222222222,0.050505051,0.606060606,0.01010101,0.070707071,0.131313131,0.171717172,0.02020202,0.363636364,0.030612245,0.838383838,0.535353535,0.808080808,,,,,,,,,,,,,,,,,,,,,,,,,,,,,,,0.340816327,0.320559335,,,0,0,0.01010101,0,0,0,0,0,0.212121212,0,0,0,0,0,0.01010101,0.646464646,0.676767677,0.181818182,0,0.787878788,0,0.04040404,0.252525253,0.212121212,0,0.454545455,0,0.878787879,0.656565657,0.868686869,,,,,,,,,,,,,,,,,,,,,,,,,,,,,,,0.015488215,0.377104377,,,0,0,0.01010101,0,0,0,0,0,0.080808081,0,0,0,0,0,0,0,0.101010101,0.070707071,0,0.181818182,0,0,0.01010101,0.080808081,0,0.01010101,0,0.141414141,0.313131313,0.97979798,,,,,,,,,,,,,,,,,,,,,,,,,,,,,,,0.006060606,0.125925926,,,0.340816327,0.015488215,0.320559335,0.377104377,0.006060606,0.125925926,1.333333333,1.5,2.428571429,1.142857143,1.601190476
,,,,100,930,TRUE,14/02/2024 22:12,,,,,,,,anonymous,en,"i consent, begin the study",male,40,south african,south africa,white-caucasian,-1,no,bilingual (2),south_african,0,0,12.115,0,johannesburg,1.356,1.356,5.82,1,dricus du plessis,0.996,2.564,10.301,2,donald trump,1.178,1.178,9.019,1,carlton centre,0.949,22.265,26.946,5,table mountain,0.713,0.713,4.312,1,potjie kos,1.018,3.05,9.122,2,voortrekker monument,2.355,8.814,22.554,3,elvis blue,1.051,2.566,8.398,2,truth to power by andre de ruyter,1.082,29.406,43.369,2,sabc,1.29,1.29,3.827,1,cape town,1.142,5.683,6.5,2,isabel peron,1.496,13.88,18.647,2,rand,0.872,0.872,2.789,1,protea,1.027,1.027,7.026,1,rugby,green,,,,,,,,,london,13.611,13.611,17.179,1,david becham,6.186,21.805,26.398,2,vladimir putin,2.602,17.445,19.929,4,empire state building,3.09,3.09,9.501,1,mount everest,0.295,4.517,7.078,4,spaghetti,0.518,3.558,11.324,5,eiffel tower,0.692,21.852,27.739,2,kurt cobain,1.727,6.669,10.604,2,harry potter and the philosopher's stone,1.299,28.269,30.796,4,bbc,1.271,9.004,10.86,3,abu dhabi,1.594,10.516,14.768,3,golda meir,4.637,9.707,19.452,4,dollar,1.096,1.096,3.769,1,rose,1.017,4.968,6.942,3,soccer,100 degrees celsius,1.003,20.58,22.608,3,1,1,2,1,1,1,1,1,1,1,3,4,1,1,1,1,1,1,1,1,1,1,1,2,4,1,4,1,2,1,1,1,1,1,1,1,8,0.373737374,0.01010101,0.03030303,0.060606061,0.747474747,0,0.02020202,0,0.01010101,0.828282828,0.737373737,0,0.909090909,0.494949495,0.434343434,0.080808081,0,0.222222222,0.252525253,0.606060606,0.232323232,0.313131313,0,0.141414141,0.353535354,0,0,0.838383838,0.535353535,0.808080808,,,,,,,,,,,,,,,,,,,,,,,,,,,,,,,0.31043771,0.292255892,,,0,0,0.212121212,0,0,0,0,0,0,0,0,0,0,0,0.01010101,0.080808081,0,0.181818182,0.313131313,0.787878788,0.161616162,0.222222222,0,0.242424242,0.353535354,0,0,0.878787879,0.656565657,0.868686869,,,,,,,,,,,,,,,,,,,,,,,,,,,,,,,0.014814815,0.316498316,,,0,0,0.101010101,0,0,0,0,0,0,0,0,0,0,0,0,0,0,0.070707071,0,0.181818182,0.03030303,0.02020202,0,0.121212121,0,0,0,0.141414141,0.313131313,0.97979798,,,,,,,,,,,,,,,,,,,,,,,,,,,,,,,0.006734007,0.123905724,,,0.31043771,0.014814815,0.292255892,0.316498316,0.006734007,0.123905724,1.5,1,2.142857143,1,1.410714286
,,,,100,1296,TRUE,14/02/2024 22:12,,,,,,,,anonymous,en,"i consent, begin the study",male,26,south african,south africa,black,0,yes,multilingual (more than 2),south_african,0,0,24.081,0,johannesburg,14.557,14.557,24.509,1,bryan habana,9.436,28.161,39.357,2,donald trump,4.304,4.304,17.021,1,union building,9.417,22.532,28.284,5,table mountain,2.602,2.602,12.121,1,pap and meat,2.467,2.467,9.554,1,mandela bridge,3.716,14.121,19.662,2,aka,2.569,2.569,6.466,1,born a crime,7.456,7.456,18.008,1,sabc,2.869,2.869,9.237,1,cape town,1.925,1.925,7.943,1,michelle obama,5.178,5.178,12.412,1,rand,2.759,2.759,6.227,1,sun flower,2.946,2.946,8.974,1,soccer,green,,,,,,,,,paris,2.273,2.273,6.111,1,christiano ronaldo,2.052,2.052,14.354,1,putin,7.908,7.908,11.793,1,empire state building,1.877,1.877,12.741,1,everest,3.766,3.766,8.652,1,fish,12.457,12.457,18.677,1,golden gate bridge,1.518,1.518,13.552,1,eminem,2.56,2.56,7.556,1,bible,2.429,2.429,7.797,1,mtv,1.82,1.82,5.37,1,new york city,1.606,1.606,15.454,1,opra,6.956,6.956,11.276,1,dollar,1.51,1.51,6.47,1,roses,2.169,2.169,5.762,1,rugby,i dont know the answer to that,3.851,33.464,48.203,3,1,1,1,2,1,1,1,1,1,2,2,2,1,1,1,1,3,1,1,2,1,2,1,1,4,1,4,2,4,1,3,2,3,3,2,2,9,0.373737374,0,0.03030303,0.424242424,0.747474747,0.282828283,0,0.111111111,0.03030303,0.828282828,0.737373737,0.051020408,0.909090909,0.131313131,0.525252525,0.060606061,0.282828283,0.222222222,0.252525253,0.606060606,0,0,0.03030303,0.171717172,0.01010101,0.121212121,0.081632653,0.838383838,0.535353535,0.050505051,,,,,,,,,,,,,,,,,,,,,,,,,,,,,,,0.345488903,0.217563389,,,0,0,0.212121212,0,0,0,0,0,0,0,0,0.050505051,0,0.141414141,0.868686869,0.080808081,0.080808081,0.181818182,0.313131313,0.787878788,0,0,0.03030303,0.212121212,0.03030303,0.121212121,0,0.878787879,0.656565657,0.01010101,,,,,,,,,,,,,,,,,,,,,,,,,,,,,,,0.084848485,0.225589226,,,0,0,0.101010101,0,0,0,0,0,0,0,0,0.02020202,0,0.060606061,0.97979798,0,0.01010101,0.070707071,0,0.181818182,0,0,0,0.080808081,0.01010101,0,0,0.141414141,0.313131313,0,,,,,,,,,,,,,,,,,,,,,,,,,,,,,,,0.077441077,0.053872054,,,0.345488903,0.084848485,0.217563389,0.225589226,0.077441077,0.053872054,1.333333333,1.4,2.428571429,2.285714286,1.861904762
,,,,100,1320,TRUE,14/02/2024 22:12,,,,,,,,anonymous,en,"i consent, begin the study",male,24,south african,south africa,indian,0,yes,monolingual (1),south_african,0,0,11.575,0,durban,3.228,3.228,31.245,1,lionel messi,0,0,17.384,0,nelson mandela,0,0,35.438,0,empire state,0,0,38.541,0,table mountain,0,0,26.412,0,curry,0,0,37.195,0,table mountain,0,0,30.393,0,usher,0,0,26.23,0,long walk to freedom,0,0,30.256,0,sabc,0,0,18.053,0,cape town,0,0,11.374,0,oprah,0,0,15.616,0,rand,0,0,13.31,0,protea,0,0,8.391,0,soccer,green,,,,,,,,,new york,11.83,11.83,28.39,1,lionel messi,3.82,3.82,37.756,1,barack obama,5.729,5.729,27.062,1,empire state,0,0,16.957,0,mount everest,0,0,14.729,0,spaghetti,0,0,20.841,0,eiffel tower,0,0,25.868,0,michael jackson,0,0,21.016,0,the bible,0,0,36.136,0,bbc,0,0,28.097,0,paris,0,0,29.153,0,oprah,0,0,34.072,0,dollar,0,0,10.095,0,rose,0,0,6.678,0,football,100 c,13.527,13.527,72.198,1,2,2,3,2,2,2,2,2,3,2,2,2,2,1,2,1,1,2,1,2,1,2,2,3,2,2,2,2,2,2,3,2,2,3,2,3,7,0.101010101,0.050505051,0.373737374,0.050505051,0.747474747,0.04040404,0.171717172,0.070707071,0.151515152,0.828282828,0.737373737,0.051020408,0.909090909,0.494949495,0.525252525,0.525252525,0.424242424,0.111111111,0.252525253,0.606060606,0.232323232,0.313131313,0.131313131,0.171717172,0.353535354,0.363636364,0.081632653,0.838383838,0.535353535,0.808080808,,,,,,,,,,,,,,,,,,,,,,,,,,,,,,,0.353569711,0.383219955,,,0,0.676767677,0.01010101,0.313131313,0,0,0,0.04040404,0,0,0,0,0,0,0.868686869,0.646464646,0.676767677,0.131313131,0.313131313,0.787878788,0.161616162,0.222222222,0.252525253,0.212121212,0.353535354,0.454545455,0,0.878787879,0.656565657,0.868686869,,,,,,,,,,,,,,,,,,,,,,,,,,,,,,,0.127272727,0.441077441,,,0,0.101010101,0.01010101,0,0,0,0,0,0,0,0,0,0,0,0.97979798,0,0.101010101,0.131313131,0,0.181818182,0.03030303,0.02020202,0.01010101,0.080808081,0,0.01010101,0,0.141414141,0.313131313,0.97979798,,,,,,,,,,,,,,,,,,,,,,,,,,,,,,,0.072727273,0.133333333,,,0.353569711,0.127272727,0.383219955,0.441077441,0.072727273,0.133333333,2.166666667,1.5,2.142857143,2.428571429,2.05952381
,,,,100,1352,TRUE,14/02/2024 22:12,,,,,,,,anonymous,en,"i consent, begin the study",female,21,south african,south africa,black,0,yes,bilingual (2),south_african,0,0,15.43,0,johannesburg,2.25,40.097,43.556,4,siya kolisi,1.517,1.517,9.861,1,nelson mandela,1.751,1.751,9.445,1,union buildings,1.187,1.187,9.397,1,kilimanjaro,1.103,1.103,29.823,1,pap and meat,2.068,2.068,44.069,1,robben island,2.362,38.555,50.713,2,aka,1.576,45.012,52.803,2,hlomu the wife,1.663,1.663,25.335,1,sabc,1.547,1.547,5.628,1,cape town,2.029,2.029,14.042,1,naledi pandor,2,2,11.381,1,rand,1.405,1.405,5.26,1,protea,1.555,1.555,7.329,1,rugby,green,,,,,,,,,new york,10.931,10.931,21.299,1,lebron james,4.977,4.977,32.806,1,narendra modi,2.174,39.032,56.258,2,eiffel tower,6.188,6.188,33.05,1,mt everest,2.48,2.48,8.95,1,pasta,2.766,2.766,9.761,1,eiffel tower,20.501,20.501,28.832,1,justin bieber,37.433,37.433,45.242,1,the bible,23.444,23.444,31.996,1,bbc,2.353,2.353,6.149,1,paris,1.86,1.86,8.568,1,michelle obama,2.326,34.358,62.42,2,us dollar,1.216,1.216,10.853,1,rose,1.167,1.167,4.797,1,soccer,100 degrees,10.7,77.484,81.815,3,1,2,2,2,2,2,2,2,2,2,2,2,2,2,3,2,2,1,2,2,1,2,3,2,2,2,2,2,2,1,1,1,1,1,1,1,9,0.373737374,0.343434343,0.373737374,0.424242424,0.101010101,0.282828283,0.222222222,0.111111111,0,0.828282828,0.737373737,0.112244898,0.909090909,0.494949495,0.434343434,0.525252525,0.02020202,0,0.171717172,0.606060606,0.232323232,0.313131313,0.111111111,0.171717172,0.353535354,0.363636364,0.12244898,0.838383838,0.535353535,0.808080808,,,,,,,,,,,,,,,,,,,,,,,,,,,,,,,0.383240569,0.344863602,,,0,0,0.01010101,0,0,0,0,0,0,0,0,0,0,0,0.01010101,0.646464646,0,0,0.444444444,0.787878788,0.161616162,0.222222222,0.101010101,0.212121212,0.353535354,0.454545455,0.050505051,0.878787879,0.656565657,0.868686869,,,,,,,,,,,,,,,,,,,,,,,,,,,,,,,0.001346801,0.389225589,,,0,0,0.01010101,0,0,0,0,0,0,0,0,0,0,0,0,0,0,0,0.03030303,0.181818182,0.03030303,0.02020202,0.04040404,0.080808081,0,0.01010101,0.02020202,0.141414141,0.313131313,0.97979798,,,,,,,,,,,,,,,,,,,,,,,,,,,,,,,0.000673401,0.123232323,,,0.383240569,0.001346801,0.344863602,0.389225589,0.000673401,0.123232323,1.916666667,1.9,2.142857143,1,1.739880952
,,,,100,1630,TRUE,14/02/2024 22:12,,,,,,,,anonymous,en,"i consent, begin the study",female,48,black,african,black,0,no,multilingual (more than 2),south_african,0,0,18.111,0,cape town,8.229,8.229,21.201,1,siya kolisi,4.655,4.655,20.4,1,nelson mandela,3.976,3.976,16.082,1,national building,4.693,4.693,34.596,1,table mountain,4.066,4.066,23.392,1,african cuisen,4.163,4.163,20.197,1,map,4.4,4.4,47.255,1,aka,2.152,2.152,17.884,1,long walk to freedom,2.278,2.278,15.383,1,sabc,3.553,3.553,10.753,1,durban,3.058,3.058,46.676,1,winnie mandela,5.004,5.004,22.762,1,rand,2.493,2.493,10.182,1,rose,3.003,3.003,10.532,1,soccer,green,,,,,,,,,london,13.356,13.356,24.29,1,ronaldo,12.25,12.25,21.915,1,nelson mandela,4.045,4.045,16.505,1,tower,3.482,3.482,22.652,1,kilimanjaro,3.582,3.582,28.845,1,sea food,3.385,3.385,27.919,1,trade,4.966,4.966,34.483,1,michael jackson,4.991,4.991,26.89,1,long to freedom,3.611,3.611,28.665,1,nca,4.473,31.389,34.939,2,maurituis,3.547,3.547,27.479,1,queen elizabeth,5.19,5.19,24.659,1,dollar,4.599,4.599,12.613,1,rose,3.151,3.151,9.436,1,soccer,hot,8.8,41.822,77.014,10,3,2,2,2,2,2,2,2,2,2,2,2,1,1,1,2,2,1,1,1,1,2,2,3,3,2,1,1,1,2,2,2,3,3,3,4,11,0.424242424,0.343434343,0.373737374,0.01010101,0.747474747,0,0,0.111111111,0.151515152,0.828282828,0.101010101,0.132653061,0.909090909,0.272727273,0.525252525,0.080808081,0.282828283,0.101010101,0,0.232323232,0,0,0.131313131,0.02020202,0,0,0.091836735,0.838383838,0.535353535,0.808080808,,,,,,,,,,,,,,,,,,,,,,,,,,,,,,,0.328708857,0.208142651,,,0,0,0.01010101,0,0,0,0,0,0,0,0,0,0,0.656565657,0.868686869,0.080808081,0.080808081,0.01010101,0,0,0,0,0.252525253,0,0,0,0.070707071,0.878787879,0.656565657,0.868686869,,,,,,,,,,,,,,,,,,,,,,,,,,,,,,,0.102356902,0.193265993,,,0,0,0.01010101,0,0,0,0,0,0,0,0,0,0,0.313131313,0.97979798,0,0.01010101,0.01010101,0,0,0,0,0.01010101,0,0,0,0,0.141414141,0.313131313,0.97979798,,,,,,,,,,,,,,,,,,,,,,,,,,,,,,,0.086868687,0.097643098,,,0.328708857,0.102356902,0.208142651,0.193265993,0.086868687,0.097643098,2.083333333,1.3,1.857142857,2.714285714,1.988690476
,,,,100,999,TRUE,14/02/2024 22:13,,,,,,,,anonymous,en,"i consent, begin the study",male,22,south african,south africa,black,0,yes,multilingual (more than 2),south_african,0,0,18.321,0,johannesburg,10.103,10.103,20.394,1,wayde van niekerk,3.396,3.396,22.944,1,vladimir putin,2.511,2.511,21.749,1,times square building,2.064,2.064,22.029,1,drakensburg,1.968,1.968,7.961,1,sushi,2.902,2.902,11,1,eiffel tower,20.17,20.17,32.047,1,usher,2.656,2.656,8.497,1,rich dad poor dad,2.042,2.042,13.778,1,sabc,2.595,2.595,8.467,1,paris,1.936,1.936,7.711,1,i do not know,2.232,2.232,20.557,1,rand,1.478,1.478,6.014,1,protea,1.545,1.545,6.6,1,rugby,green,,,,,,,,,new york,23.112,23.112,42.053,1,cristiano ronaldo,1.718,1.718,16.679,1,joe biden,1.299,1.299,9.403,1,times square,1.488,1.488,25.697,1,mount kilimanjaro,1.234,1.234,20.547,1,pasta,1.618,1.618,15.681,1,statue of liberty,1.386,1.386,13.778,1,chris brown,1.425,1.425,7.584,1,think and grow rich,1.412,1.412,12.804,1,bbc,1.353,1.353,5.433,1,paris,1.836,1.836,7.907,1,i do not know,1.663,9.382,10.937,2,dollar,26.494,26.494,31.72,1,rose,1.235,1.235,4.763,1,football,degrees celsius,1.307,13.225,57.501,2,1,2,1,2,1,1,1,2,3,2,4,1,2,2,3,1,1,3,1,1,2,1,3,2,2,1,3,3,1,1,1,1,2,1,1,1,9,0.373737374,0,0.080808081,0,0.070707071,0.03030303,0.050505051,0.070707071,0.01010101,0.828282828,0.01010101,0,0.909090909,0.494949495,0.434343434,0.525252525,0.282828283,0.252525253,0,0.232323232,0.232323232,0.161616162,0.141414141,0,0.353535354,0.363636364,0,0.838383838,0.535353535,0.808080808,,,,,,,,,,,,,,,,,,,,,,,,,,,,,,,0.224242424,0.315151515,,,0,0,0.181818182,0,0,0.060606061,0.222222222,0.04040404,0,0,0.454545455,0,0,0,0.01010101,0.646464646,0.080808081,0.323232323,0,0,0.161616162,0.101010101,0,0,0.353535354,0.454545455,0,0.878787879,0.656565657,0.868686869,,,,,,,,,,,,,,,,,,,,,,,,,,,,,,,0.064646465,0.301683502,,,0,0,0.070707071,0,0,0,0.02020202,0,0,0,0.01010101,0,0,0,0,0,0.01010101,0.141414141,0,0,0.03030303,0.02020202,0,0,0,0.01010101,0,0.141414141,0.313131313,0.97979798,,,,,,,,,,,,,,,,,,,,,,,,,,,,,,,0.006734007,0.10976431,,,0.224242424,0.064646465,0.315151515,0.301683502,0.006734007,0.10976431,1.75,1.7,2.142857143,1.142857143,1.683928571
,,,,100,1347,TRUE,14/02/2024 22:13,,,,,,,,anonymous,en,"i consent, begin the study",female,22,zimbabwean,south africa,black,0,yes,bilingual (2),south_african,0,0,16.282,0,cape town,11.483,11.483,21.83,1,siya kolisi,6.751,6.751,17.139,1,nelson mandela,2.865,2.865,15.817,1,the leonardo,2.246,2.246,45.385,1,table mountain,1.53,1.53,10.683,1,pap and beef stew,1.397,1.397,15.319,1,robben island,40.224,49.671,53.681,3,big zulu,3.651,94.354,101.186,4,tsotsi,1.476,1.476,26.89,1,sabc,1.912,1.912,37.481,1,cape town,2.079,2.079,12.096,1,wendy luhabe,29.525,29.525,46.163,1,rands,1.296,1.296,5.523,1,protea,1.038,1.038,30.36,1,rugby,green,,,,,,,,,dubai,2.067,2.067,8.701,1,christian ronaldo,2.02,9.923,23.365,2,nelson mandela,1.501,1.501,35.407,1,great wall of china,1.724,1.724,23.456,1,mount everest,1.345,1.345,10.887,1,fried rice,2.102,2.102,13.884,1,victoria falls,2.248,2.248,15.051,1,burna boy,1.64,1.64,7.265,1,red,1.642,9.552,12.38,2,sabc,1.882,1.882,11.818,1,dubai,1.576,1.576,20.086,1,mitchelle obama,2.468,2.468,15.321,1,dollars,1.707,1.707,8.682,1,sunflower,1.539,1.539,7.031,1,soccer,100,1.606,42.374,51.946,2,1,2,1,2,2,1,2,3,2,1,1,2,1,2,1,1,1,1,2,1,1,1,3,3,4,2,3,3,2,1,1,1,1,1,1,1,9,0.424242424,0.343434343,0.373737374,0.02020202,0.747474747,0.282828283,0.222222222,0,0,0.828282828,0.737373737,0,0.909090909,0.494949495,0.434343434,0,0.282828283,0.101010101,0,0.606060606,0.02020202,0.03030303,0,0,0.121212121,0.01010101,0.12244898,0.838383838,0.212121212,0.808080808,,,,,,,,,,,,,,,,,,,,,,,,,,,,,,,0.387878788,0.210183467,,,0,0,0.01010101,0,0,0,0,0,0,0,0,0,0,0,0.01010101,0,0.080808081,0.01010101,0,0.787878788,0,0,0,0,0,0,0.050505051,0.878787879,0.141414141,0.868686869,,,,,,,,,,,,,,,,,,,,,,,,,,,,,,,0.001346801,0.187878788,,,0,0,0.01010101,0,0,0,0,0,0,0,0,0,0,0,0,0,0.01010101,0.01010101,0,0.181818182,0,0,0,0,0,0,0.02020202,0.141414141,0.060606061,0.97979798,,,,,,,,,,,,,,,,,,,,,,,,,,,,,,,0.000673401,0.093602694,,,0.387878788,0.001346801,0.210183467,0.187878788,0.000673401,0.093602694,1.666666667,1.2,2.857142857,1,1.680952381
,,,,100,1207,TRUE,14/02/2024 22:13,,,,,,,,anonymous,en,"i consent, begin the study",female,28,south african,south africa,white,-1,yes,bilingual (2),south_african,0,0,21.165,0,johannesburg,9.244,9.244,15.177,1,oscar pitorius,4.601,4.601,36.402,1,nelson mandela,1.947,1.947,12.122,1,coca cola dome,11.601,11.601,33.123,1,table mountain,4.274,4.274,11.741,1,bunny chow,2.801,2.801,14.653,1,table mountain,9.601,9.601,18.174,1,steve hofmeyer,14.209,14.209,24.393,1,harry potter,7.501,7.501,13.988,1,sabc,11.377,11.377,19.379,1,cape town,3.001,3.001,16.001,1,queen elizabeth,29.364,29.364,36.178,1,rand,1.501,1.501,4.801,1,ptotea,0.879,0.879,6.452,1,rugby,green,,,,,,,,,new york,1.966,1.966,10.564,1,christiano ranaldo,1.396,1.396,15.197,1,queen elizabeth,5.201,11.792,12.798,2,rifle tower,0.902,0.902,11.999,1,mount everest,3.601,3.601,11.796,1,sushi,1.3,1.3,7.995,1,victoria falls,0.8,0.8,18.001,1,ed sheran,1.193,9.711,10.297,2,50 shades of grey,1.172,1.172,10.301,1,bbc news,1.563,9.923,10.797,2,paris,2.701,8.39,8.896,2,queen victoria,1.098,25.986,53.14,2,dollar,0.977,4.762,5.271,2,rose,1.48,8.236,8.732,2,cricket,100 degrees celsius,2.18,47.171,59.404,5,2,2,2,2,2,2,2,1,2,2,3,2,2,2,1,1,2,1,2,2,1,1,2,3,3,2,4,2,3,2,3,3,3,3,2,3,8,0.373737374,0,0.373737374,0,0.747474747,0.060606061,0.171717172,0.01010101,0.060606061,0.828282828,0.737373737,0.06122449,0.909090909,0.494949495,0.434343434,0.525252525,0.282828283,0.01010101,0,0.606060606,0.161616162,0.03030303,0.02020202,0,0.353535354,0.363636364,0.040816327,0.838383838,0.535353535,0.02020202,,,,,,,,,,,,,,,,,,,,,,,,,,,,,,,0.350882979,0.252552738,,,0,0,0.01010101,0,0,0,0,0,0.242424242,0,0,0.070707071,0,0,0.01010101,0.646464646,0.080808081,0,0,0.787878788,0.060606061,0,0.01010101,0.01010101,0.353535354,0.454545455,0,0.878787879,0.656565657,0,,,,,,,,,,,,,,,,,,,,,,,,,,,,,,,0.022222222,0.262626263,,,0,0,0.01010101,0,0,0,0,0,0.121212121,0,0,0,0,0,0,0,0.01010101,0,0,0.181818182,0,0,0,0,0,0.01010101,0,0.141414141,0.313131313,0,,,,,,,,,,,,,,,,,,,,,,,,,,,,,,,0.008754209,0.043771044,,,0.350882979,0.022222222,0.252552738,0.262626263,0.008754209,0.043771044,2,1.5,2.714285714,2.714285714,2.232142857
,,,,100,1366,TRUE,14/02/2024 22:13,,,,,,,,anonymous,en,"i consent, begin the study",male,25,african,south africa,african,0,yes,multilingual (more than 2),south_african,0,0,13.46,0,cape town,6.996,19.768,21.096,3,cristiano ronaldo,3.947,17.602,18.805,2,barack obama,1.706,10.277,12.4,2,union building,2.744,12.697,14.257,2,table mountain,2.624,8.461,10.111,2,sushi,2.152,8.935,10.156,2,mount everest,2.286,9.871,10.859,2,chris brown,1.678,8.95,10.091,2,harry potter,3.222,26.135,27.047,2,sabc,1.866,6.912,7.979,2,cape town,1.465,7.6,8.588,2,michelle obama,2.85,11.571,12.697,2,rand,2.125,5.942,7.084,2,protea,2.371,6.466,7.859,2,football,green,,,,,,,,,new york,3.596,3.596,10.378,1,lionel messi,1.089,1.089,10.806,1,putin,1.374,1.374,14.81,1,white house,5.274,5.274,13.792,1,mount everest,1.161,1.161,8.317,1,sushi,5.836,5.836,14.482,1,mount everest,1.204,1.204,8.071,1,the weeknd,8.065,8.065,15.848,1,larry had a lamb,1.231,1.231,15.801,1,bbc,1.213,1.213,7.146,1,new york,3.402,3.402,10.406,1,michelle obama,2.025,2.025,9.356,1,us dollar,3.624,3.624,10.169,1,sunflower,2.351,2.351,40.588,1,football,100%,1.556,8.249,15.052,3,1,2,2,3,1,2,2,1,1,1,1,1,1,1,2,1,1,1,1,1,1,2,4,2,3,1,3,2,4,1,1,1,3,3,1,2,9,0.424242424,0.04040404,0,0.424242424,0.747474747,0.03030303,0,0.090909091,0.060606061,0.828282828,0.737373737,0.051020408,0.909090909,0.494949495,0.525252525,0.525252525,0.424242424,0.222222222,0.090909091,0.606060606,0.161616162,0,0.02020202,0,0.353535354,0.121212121,0.12244898,0.838383838,0.212121212,0.808080808,,,,,,,,,,,,,,,,,,,,,,,,,,,,,,,0.357610115,0.300419158,,,0,0.080808081,0.131313131,0,0,0.060606061,0,0,0.242424242,0,0,0.050505051,0,0,0.868686869,0.646464646,0.676767677,0.181818182,0,0.787878788,0.060606061,0,0.04040404,0,0.353535354,0.121212121,0.050505051,0.878787879,0.141414141,0.868686869,,,,,,,,,,,,,,,,,,,,,,,,,,,,,,,0.095622896,0.320538721,,,0,0.01010101,0.131313131,0,0,0,0,0,0.121212121,0,0,0.02020202,0,0,0.97979798,0,0.101010101,0.070707071,0,0.181818182,0,0,0,0,0,0,0.02020202,0.141414141,0.060606061,0.97979798,,,,,,,,,,,,,,,,,,,,,,,,,,,,,,,0.084175084,0.103703704,,,0.357610115,0.095622896,0.300419158,0.320538721,0.084175084,0.103703704,1.5,1.2,2.714285714,1.714285714,1.782142857
,,,,100,1172,TRUE,14/02/2024 22:13,,,,,,,,anonymous,en,"i consent, begin the study",male,20,south african,south africa,black,-1,yes,bilingual (2),south_african,0,0,49.704,0,cape town,18.854,18.854,25.51,1,messi,0.481,2.198,6.906,2,jacob zuma,1.653,1.653,10.704,1,eiffel tower,1.543,1.543,18.303,1,table moutain,1.037,3.048,12.958,2,7 colours,15.209,15.209,22.929,1,the big hole,0.697,2.162,25.077,2,usher,10.302,10.302,18.571,1,after,0.516,2.156,10.842,2,e.tv,1.969,1.969,6.622,1,cape town,2.315,2.315,9.483,1,queen victoria,1.568,14.964,16.587,2,rands,1.384,1.384,5.637,1,rose,1.314,1.314,6.05,1,soccer,green,,,,,,,,,new york,12.01,12.01,19.695,1,cristiano ronaldo,1.603,1.603,11.908,1,vladimir putin,2.22,2.22,30.616,1,pentagon,1.634,1.634,16.933,1,mount everest,2.031,2.031,9.115,1,jollof rice,1.219,1.219,9.405,1,eiffel tower,37.171,38.082,49.134,2,justin bieber,1.004,1.004,11.839,1,after,1.383,1.383,27.654,1,bbc,1.805,1.805,5.775,1,rome,1.553,1.553,10.298,1,angela merkel,1.333,1.333,43.24,1,rands,1.337,1.337,4.846,1,sunflower,1.132,1.132,7.904,1,football,100 degree celsius,1.063,17.926,98.111,6,2,2,2,1,2,2,2,3,2,2,3,2,2,2,2,2,2,2,2,1,1,1,3,3,3,2,3,3,1,2,2,2,3,2,2,2,7,0.424242424,0.050505051,0.01010101,0.02020202,0.747474747,0.01010101,0.01010101,0.070707071,0,0.02020202,0.737373737,0.020408163,0.909090909,0.272727273,0.525252525,0.525252525,0.282828283,0.222222222,0,0.606060606,0.01010101,0.313131313,0.111111111,0.01010101,0.353535354,0.03030303,0.142857143,0.050505051,0.212121212,0.808080808,,,,,,,,,,,,,,,,,,,,,,,,,,,,,,,0.255232598,0.245214045,,,0,0.676767677,0,0.444444444,0,0,0,0.04040404,0,0,0,0,0,0.656565657,0.868686869,0.646464646,0.080808081,0.181818182,0,0.787878788,0,0.222222222,0.101010101,0,0.353535354,0.080808081,0.272727273,0,0.141414141,0.868686869,,,,,,,,,,,,,,,,,,,,,,,,,,,,,,,0.179124579,0.249158249,,,0,0.101010101,0,0.03030303,0,0,0,0,0,0,0,0,0,0.313131313,0.97979798,0,0.01010101,0.070707071,0,0.181818182,0,0.02020202,0.04040404,0,0,0,0.03030303,0,0.060606061,0.97979798,,,,,,,,,,,,,,,,,,,,,,,,,,,,,,,0.094949495,0.092929293,,,0.255232598,0.179124579,0.245214045,0.249158249,0.094949495,0.092929293,2.083333333,1.7,2.571428571,2.142857143,2.124404762
,,,,100,1633,TRUE,14/02/2024 22:14,,,,,,,,anonymous,en,"i consent, begin the study",female,24,south african,south africa,black,-1,yes,bilingual (2),south_african,0,0,21.1,0,johannesburg,11.209,11.209,20.551,1,siya kolisi,3.615,3.615,24.23,1,cyril ramaphosa,1.722,27.94,47.897,3,union buildings,1.656,1.656,47.712,1,table mountain,2.543,2.543,13.741,1,fish and chips,2.006,2.006,13.163,1,kruger national park,36.428,36.428,51.598,1,vusi nova,2.668,2.668,16.601,1,indaba my children,1.656,1.656,15.568,1,sabc,2.62,2.62,43.284,1,cape town,2.096,2.096,9.103,1,oprah winfrey,8.203,65.251,80.005,2,rand,1.602,1.602,7.68,1,protea,1.816,1.816,34.737,1,soccer,green,,,,,,,,,new york,4.689,4.689,13.701,1,serena williams,2.337,56.266,74.198,2,donald trump,1.78,1.78,30.758,1,eiffel tower,1.654,22.363,25.076,2,mount everest,2.052,2.052,24.133,1,pasta,2.183,2.183,10.787,1,eiffel tower,1.44,66.18,68.532,2,michael jackson,2.131,2.131,21.689,1,the subtle art of not giving a f*ck,2.075,2.075,98.219,1,netflix,2.154,2.154,12.678,1,paris,1.361,1.361,58.887,1,michelle obama,1.752,1.752,30.285,1,dollar,1.217,1.217,7.555,1,rose,1.496,20.492,25.281,2,soccer,boiling point,2.518,41.87,61.058,9,1,1,3,1,2,2,3,2,1,1,2,2,2,1,3,1,1,1,1,1,1,2,1,2,3,1,3,3,3,1,1,1,2,3,1,2,8,0.373737374,0.343434343,0.262626263,0.424242424,0.747474747,0.01010101,0.111111111,0.050505051,0,0.828282828,0.737373737,0.051020408,0.909090909,0.494949495,0.525252525,0.525252525,0.01010101,0.131313131,0.171717172,0.606060606,0.232323232,0.313131313,0.131313131,0.01010101,0.03030303,0.363636364,0.12244898,0.838383838,0.535353535,0.808080808,,,,,,,,,,,,,,,,,,,,,,,,,,,,,,,0.391280148,0.321967979,,,0,0,0,0,0,0.04040404,0,0,0,0,0,0,0,0,0.868686869,0.646464646,0,0.212121212,0.444444444,0.787878788,0.161616162,0.222222222,0.252525253,0,0,0.454545455,0.050505051,0.878787879,0.656565657,0.868686869,,,,,,,,,,,,,,,,,,,,,,,,,,,,,,,0.060606061,0.375757576,,,0,0,0,0,0,0,0,0,0,0,0,0,0,0,0.97979798,0,0,0.101010101,0.03030303,0.181818182,0.03030303,0.02020202,0.01010101,0,0,0.01010101,0.02020202,0.141414141,0.313131313,0.97979798,,,,,,,,,,,,,,,,,,,,,,,,,,,,,,,0.065319865,0.122558923,,,0.391280148,0.060606061,0.321967979,0.375757576,0.065319865,0.122558923,1.75,1.4,2.285714286,1.571428571,1.751785714
,,,,100,1202,TRUE,14/02/2024 22:14,,,,,,,,anonymous,en,"i consent, begin the study",male,21,south african,south africa,mixed,-1,yes,bilingual (2),south_african,0,0,13.192,0,cape town,2.357,2.357,8.338,1,cristiano ronaldo,0.931,20.06,46.396,6,joe biden,2.415,2.415,16.665,1,empire state building,4.157,18.505,38.362,2,table mountain,0.863,0.863,6.876,1,spaghetti,1.198,68.831,71.175,2,table mountain,2.352,2.352,12.945,1,chris brown,2.153,2.153,8.925,1,harry potter and the philosophers stone,1.068,52.643,59.172,12,etv,0.936,0.936,11.224,1,cape town,1.803,1.803,6.526,1,jacinda ardern,0.821,0.821,37.872,1,rand,0.676,0.676,3.678,1,protea,0.822,0.822,12.16,1,football,green,,,,,,,,,new york,14.101,14.101,21.637,1,christiano ronaldo,4.791,4.791,29.63,1,vladimir putin,4.344,4.344,48.101,1,empire state building,4.661,4.661,30.911,1,mount everest,1.049,1.049,48.727,1,spaghetti,1.661,12.135,15.039,3,eiffel tower,1.761,1.761,19.818,1,elvis,1.363,1.363,10.802,1,to kill a mockingbird,1.351,34.487,37.021,3,cnn,2.143,2.143,16.449,1,cape town,2.736,2.736,10.568,1,jacinda ardern,1.496,1.496,55.558,1,dollar,2.256,2.256,11.222,1,sunflower,1.222,1.222,8.983,1,football,100 degrees celsius,1.354,18.365,100.603,2,1,1,1,1,1,1,1,1,1,1,2,1,1,1,1,1,1,1,1,1,1,1,1,3,3,1,3,3,2,1,1,1,1,1,1,1,7,0.424242424,0.04040404,0.080808081,0.050505051,0.747474747,0.060606061,0.171717172,0.090909091,0.060606061,0.02020202,0.737373737,0.020408163,0.909090909,0.494949495,0.525252525,0.525252525,0.282828283,0.222222222,0.252525253,0.606060606,0.232323232,0.313131313,0.01010101,0.01010101,0.111111111,0.121212121,0.030612245,0.838383838,0.212121212,0.808080808,,,,,,,,,,,,,,,,,,,,,,,,,,,,,,,0.295636638,0.305071119,,,0,0.080808081,0.323232323,0.313131313,0,0.161616162,0,0,0.242424242,0,0,0.02020202,0,0,0.868686869,0.646464646,0.080808081,0.181818182,0.313131313,0.787878788,0.161616162,0.222222222,0,0,0.343434343,0,0.02020202,0.878787879,0.141414141,0.868686869,,,,,,,,,,,,,,,,,,,,,,,,,,,,,,,0.134006734,0.30976431,,,0,0.01010101,0.141414141,0,0,0.03030303,0,0,0.121212121,0,0,0,0,0,0.97979798,0,0.01010101,0.070707071,0,0.181818182,0.03030303,0.02020202,0,0,0.04040404,0,0,0.141414141,0.060606061,0.97979798,,,,,,,,,,,,,,,,,,,,,,,,,,,,,,,0.085521886,0.102356902,,,0.295636638,0.134006734,0.305071119,0.30976431,0.085521886,0.102356902,1.083333333,1,2.285714286,1,1.342261905
,,,,100,1785,TRUE,14/02/2024 22:15,,,,,,,,anonymous,en,"i consent, begin the study",female,23,south african,south africa,black,0,yes,multilingual (more than 2),south_african,1.025,1.025,23.559,1,cape town,2.015,3.069,11.148,2,soccer,1.39,1.39,5.685,1,president ramaphosa,1.561,1.561,14.706,1,a parlament,1.188,1.188,10.431,1,table mountain,2.067,2.067,10.101,1,fish and rice,2.065,19.54,28.301,4,robben island,3.341,3.341,48.473,1,nasty c,3.116,3.116,42.664,1,pride and prejudice,1.366,6.722,23.945,2,sabc,1.906,7.333,17.796,2,cape town,2.887,2.887,11.537,1,dr nkosazane zuma,1.866,1.866,14.16,1,rands,1.454,5.491,6.112,2,protea,1.416,1.416,6.678,1,soccer,green,,,,,,,,,paris,5.208,5.208,24.405,1,messi,2.032,2.032,11.022,1,president biden,1.469,46.059,48.296,2,a school building,1.445,1.445,74.401,1,mount evarest,1.562,1.562,12.718,1,soup,1.396,1.396,8.097,1,statue of liberty,3.179,3.179,37.084,1,micheal jackson,1.54,1.54,32.701,1,pride and prejudice,9.172,9.172,17.489,1,the daily show,1.4,1.4,32.07,1,paris,5.078,5.854,11.298,2,beyonce,1.691,2.541,7.511,2,dollars,1.815,2.297,18.941,2,roses,1.922,1.922,6.784,1,football,100 degrees,50.843,56.182,82.531,2,1,2,4,1,1,1,1,1,1,1,1,2,1,1,2,1,1,1,1,1,1,1,2,2,2,2,1,2,2,1,1,1,3,1,2,2,10,0.424242424,0.02020202,0.262626263,0.050505051,0.747474747,0.01010101,0.222222222,0.01010101,0,0.828282828,0.737373737,0.06122449,0.909090909,0.494949495,0.525252525,0.060606061,0.424242424,0.252525253,0,0.606060606,0.02020202,0.161616162,0.131313131,0.02020202,0,0.363636364,0.010204082,0.838383838,0.535353535,0.808080808,,,,,,,,,,,,,,,,,,,,,,,,,,,,,,,0.353576582,0.282161754,,,0,0,0,0,0,0,0,0,0.01010101,0,0,0,0,0,0.868686869,0.080808081,0.676767677,0.323232323,0,0.787878788,0.02020202,0.101010101,0.252525253,0.01010101,0,0.454545455,0,0.878787879,0.656565657,0.868686869,,,,,,,,,,,,,,,,,,,,,,,,,,,,,,,0.058585859,0.340740741,,,0,0,0,0,0,0,0,0,0,0,0,0,0,0,0.97979798,0,0.101010101,0.141414141,0,0.181818182,0,0.02020202,0.01010101,0,0,0.01010101,0,0.141414141,0.313131313,0.97979798,,,,,,,,,,,,,,,,,,,,,,,,,,,,,,,0.065319865,0.126599327,,,0.353576582,0.058585859,0.282161754,0.340740741,0.065319865,0.126599327,1.416666667,1.1,1.857142857,1.571428571,1.486309524
,,,,100,1322,TRUE,14/02/2024 22:15,,,,,,,,anonymous,en,"i consent, begin the study",male,24,south african,south africa,black,0,yes,multilingual (more than 2),south_african,0,0,15.605,0,cape town,9.375,10.783,37.601,2,siya kholisi,4.791,6.841,16.462,2,cyril ramaphosa,3.87,3.87,16.245,1,sars branch,3.507,3.507,33.641,1,table mountain,3.168,4.532,13.101,2,kota,4.376,4.376,10.401,1,lady librity,3.354,3.354,30.393,1,dj maphorisa,2.382,2.382,31.142,1,the 48 laws of power,3.335,3.335,19.993,1,sabc,3.574,3.574,8.104,1,mexico city,2.37,2.37,11.406,1,michael obama,3.621,3.621,14.534,1,dollar,1.993,1.993,7.567,1,protea,1.519,1.519,9.708,1,soccer,green,,,,,,,,,mexico city,6.456,7.372,16.575,2,messi,1.991,1.991,10.902,1,biden,2.785,2.785,17.477,1,empire state building,1.958,1.958,15.894,1,mount everest,1.964,1.964,10.34,1,maccaroni and cheese,2.215,2.215,15.561,1,aifile tower,2.046,2.046,12.845,1,sam smith,2.179,2.179,13.386,1,rich dad poor dad,1.768,1.768,24.902,1,bbc channel,3.781,3.781,14.081,1,mexico city,2.269,2.269,11.761,1,michael obama,7.249,7.249,19.267,1,us dollar,2.225,13.521,15.113,2,sunflower,7.921,7.921,15.071,1,football,100 degrees celcius,11.982,21.682,38.722,3,2,2,2,3,2,2,2,2,1,2,2,2,1,2,2,2,1,1,2,2,1,3,3,3,4,1,4,4,3,2,3,3,3,2,2,2,9,0.424242424,0.343434343,0.262626263,0,0.747474747,0,0.01010101,0,0.02020202,0.828282828,0,0.051020408,0.060606061,0.494949495,0.525252525,0,0.424242424,0.252525253,0.252525253,0.606060606,0.060606061,0.313131313,0.01010101,0.090909091,0.353535354,0,0.12244898,0.838383838,0.212121212,0.808080808,,,,,,,,,,,,,,,,,,,,,,,,,,,,,,,0.251212808,0.289644747,,,0,0,0,0,0,0,0.101010101,0,0,0,0,0.050505051,0.878787879,0,0.868686869,0,0.676767677,0.323232323,0.313131313,0.787878788,0,0.222222222,0,0,0.353535354,0,0.050505051,0.878787879,0.141414141,0.868686869,,,,,,,,,,,,,,,,,,,,,,,,,,,,,,,0.126599327,0.307744108,,,0,0,0,0,0,0,0.02020202,0,0,0,0,0.02020202,0.141414141,0,0.97979798,0,0.101010101,0.141414141,0,0.181818182,0,0.02020202,0,0,0,0,0.02020202,0.141414141,0.060606061,0.97979798,,,,,,,,,,,,,,,,,,,,,,,,,,,,,,,0.077441077,0.10976431,,,0.251212808,0.126599327,0.289644747,0.307744108,0.077441077,0.10976431,2,1.7,3.142857143,2.428571429,2.317857143
,,,,100,1143,TRUE,14/02/2024 22:15,,,,,,,,anonymous,en,"i consent, begin the study",female,30,south african,south africa,black,0,yes,multilingual (more than 2),south_african,0,0,23.003,0,cape town,25.301,25.301,36.81,1,faf de klerk,15.901,31.2,33.098,3,cyril ramaphosa,5.101,12.094,15.002,2,union building,3.601,9.079,11.201,2,table mountain,6.701,15.494,17.657,3,pasta,7.801,15.624,16.9,2,thekwini,13.782,21.62,22.882,2,aka,2.689,6.02,7.303,2,things fall apart,1.801,7.885,11.79,2,etv,3.401,7.83,9.284,2,durban,1.874,5.704,8.083,2,michel obama,5.1,6.702,12.073,2,rand,1.301,4.632,5.796,3,daisy's,1.301,5.637,7.801,2,rugby,green,,,,,,,,,pretoria,1.3,11.262,11.994,6,siya kolisi,1.2,1.2,9.401,1,cyril ramaphosa,1.5,1.5,9.883,1,union building,3.299,8.093,9.763,2,mount kilimanjaro,0.8,0.8,21.872,1,lasagna,1.001,8.364,9.3,2,port elizabeth,1.001,1.001,10.501,1,kanye,0.701,0.701,6.7,1,the suttle of not giving a fuck,0.891,26.392,27.001,4,bbc,1.346,4.944,10.401,3,cape town,1.001,1.001,5.453,1,queen elizabeth,3.305,16.09,29.702,2,dollar,1.1,4.421,5.1,2,lilly,0.801,0.801,8.994,1,soccer,30 degrees,0.901,20.127,21.802,5,1,2,2,1,1,2,2,1,1,1,3,2,2,3,1,1,1,1,1,2,1,1,2,2,2,2,2,1,2,1,1,2,1,1,1,2,10,0.424242424,0.02020202,0.262626263,0.424242424,0.747474747,0.060606061,0,0.111111111,0.01010101,0.02020202,0.101010101,0.051020408,0.909090909,0,0.434343434,0.02020202,0,0,0.03030303,0.232323232,0.04040404,0,0,0,0.353535354,0.121212121,0.091836735,0.838383838,0.090909091,0.808080808,,,,,,,,,,,,,,,,,,,,,,,,,,,,,,,0.238418196,0.175146018,,,0,0,0,0,0,0.161616162,0,0,0,0,0,0.050505051,0,0.050505051,0.01010101,0,0,0,0,0,0.060606061,0,0,0,0.353535354,0,0.070707071,0.878787879,0.03030303,0.868686869,,,,,,,,,,,,,,,,,,,,,,,,,,,,,,,0.018181818,0.150841751,,,0,0,0,0,0,0.03030303,0,0,0,0,0,0.02020202,0,0.04040404,0,0,0,0,0,0,0,0,0,0,0,0,0,0.141414141,0,0.97979798,,,,,,,,,,,,,,,,,,,,,,,,,,,,,,,0.006060606,0.074747475,,,0.238418196,0.018181818,0.175146018,0.150841751,0.006060606,0.074747475,1.583333333,1.4,1.857142857,1.285714286,1.531547619
,,,,100,1631,TRUE,14/02/2024 22:16,,,,,,,,anonymous,en,"i consent, begin the study",female,36,south african,south africa,mixed - coloured,-1,yes,monolingual (1),south_african,0.838,23.358,24.346,18,durban,0.497,5.485,6.447,4,mike tyson,0.704,17.348,18.398,4,nelson mandela,0.749,12.171,12.9,6,city hall,0.247,14.699,15.872,6,table mountain,0.692,9.379,10.348,4,cottage pie,0.928,18.378,19.448,4,capetown water front,0.77,21.45,22.4,5,james blunt,0.792,24.971,25.902,6,harry potter,4.159,24.332,25.19,7,dstv,0.646,6.715,7.685,5,capetown,0.704,7.562,8.4,4,i don't know,1.16,39.619,40.543,11,rand,1.009,22.97,23.944,10,protea,0.919,9.611,10.401,5,rugby,green,,,,,,,,,melbourne,0.914,37.1,38.251,16,mike tyson,0.554,18.043,18.901,5,joe biden,0.595,13.628,14.54,7,statue of liberty,0.328,23.783,24.701,6,table mountain,0.382,32.957,33.674,10,spaghetti bolognaise,0.261,22.669,23.5,5,nile river,0.3,37.139,38,10,james blunt,0.868,19.17,19.901,7,harry potter,0.436,7.604,8.669,4,netflix,1.116,21.703,22.5,5,paris,0.414,8.337,9.243,6,pocahontas,0.841,12.961,13.638,5,euro,0.932,8.031,8.7,6,sunflower,0.683,8.222,9.266,5,soccer,100 degree,0.75,24.225,25.868,15,1,1,1,1,1,3,4,1,1,1,1,1,4,4,2,4,1,1,1,4,1,1,4,4,2,2,3,3,3,2,2,2,2,2,2,1,7,0.101010101,0,0.373737374,0,0.747474747,0,0,0,0.060606061,0.03030303,0.737373737,0,0.909090909,0.494949495,0.434343434,0,0,0.252525253,0,0.080808081,0.232323232,0.01010101,0,0.141414141,0.03030303,0.363636364,0,0.03030303,0.212121212,0.808080808,,,,,,,,,,,,,,,,,,,,,,,,,,,,,,,0.259259259,0.144107744,,,0,0,0.01010101,0,0,0,0,0,0.242424242,0,0,0,0,0,0.01010101,0,0,0.323232323,0.02020202,0,0.161616162,0,0,0.242424242,0,0.454545455,0,0.070707071,0.141414141,0.868686869,,,,,,,,,,,,,,,,,,,,,,,,,,,,,,,0.017508418,0.152188552,,,0,0,0.01010101,0,0,0,0,0,0.121212121,0,0,0,0,0,0,0,0,0.141414141,0,0,0.03030303,0,0,0.121212121,0,0.01010101,0,0,0.060606061,0.97979798,,,,,,,,,,,,,,,,,,,,,,,,,,,,,,,0.008754209,0.08956229,,,0.259259259,0.017508418,0.144107744,0.152188552,0.008754209,0.08956229,1.416666667,2.3,3,1.857142857,2.143452381
,,,,100,1777,TRUE,14/02/2024 22:16,,,,,,,,anonymous,en,"i consent, begin the study",i describe my gender in a different way (describe if you wish),26,south africa,south africa,south african coloured,-1,no,bilingual (2),south_african,0,0,8.312,0,cape town,7.002,7.002,17.515,1,siya kholisi,4.787,4.787,23.976,1,cyril ramaphosa,3.967,3.967,17.18,1,union buildings,4.11,4.11,12.137,1,table mountain,1.795,1.795,8.427,1,potjiekos,2.025,2.025,80.561,1,soweto towers,2.039,2.039,16.472,1,johnny clegg,3.483,85.404,100.724,3,long walk to freedom,2.249,2.249,14.101,1,sabc,2.626,2.626,7.659,1,durban,1.901,1.901,7.061,1,naledi pandor,1.83,1.83,13.576,1,rand,5.617,5.617,9.932,1,protea,2.159,2.159,9.008,1,rugby,grass,,,,,,,,,new york,1.808,1.808,10.717,1,lionel messi,2.353,2.353,29.265,1,joe biden,12.643,12.643,28.254,1,empire state building,3.491,23.879,51.881,2,mount everest,5.406,5.406,41.535,1,pizza,3.997,3.997,20.733,1,pyramids of giza,3.23,3.23,26.682,1,usher,2.618,34.364,35.905,2,kite runner,7.228,7.228,25.05,1,bbc,5.3,5.3,9.666,1,miami,2.024,2.024,20.55,1,angela merkel,2.335,2.335,26.35,1,dollar,2.621,2.621,9.045,1,rose,2.137,2.137,8.287,1,soccer,100 c,2.467,11.03,25.738,2,2,2,2,3,2,2,3,1,3,3,3,2,2,1,3,2,1,2,2,2,1,2,2,2,2,2,3,3,3,2,3,1,2,2,3,3,10,0.424242424,0.343434343,0.262626263,0.424242424,0.747474747,0,0.02020202,0.01010101,0.151515152,0.828282828,0.101010101,0.112244898,0.909090909,0.494949495,0.434343434,0.525252525,0.424242424,0.252525253,0.252525253,0.606060606,0.090909091,0.070707071,0.090909091,0,0.353535354,0.02020202,0.142857143,0.838383838,0.535353535,0.808080808,,,,,,,,,,,,,,,,,,,,,,,,,,,,,,,0.350917337,0.334102934,,,0,0,0,0,0,0,0,0,0,0,0,0,0,0,0.01010101,0.646464646,0.676767677,0.323232323,0.313131313,0.787878788,0.292929293,0.04040404,0.04040404,0,0.353535354,0.060606061,0.272727273,0.878787879,0.656565657,0.868686869,,,,,,,,,,,,,,,,,,,,,,,,,,,,,,,0.000673401,0.414141414,,,0,0,0,0,0,0,0,0,0,0,0,0,0,0,0,0,0.101010101,0.141414141,0,0.181818182,0,0,0,0,0,0,0.03030303,0.141414141,0.313131313,0.97979798,,,,,,,,,,,,,,,,,,,,,,,,,,,,,,,0,0.125925926,,,0.350917337,0.000673401,0.334102934,0.414141414,0,0.125925926,2.333333333,1.8,2.428571429,2.285714286,2.211904762
,,,,100,1701,TRUE,14/02/2024 22:16,,,,,,,,anonymous,en,"i consent, begin the study",male,25,south african,south africa,black,-1,yes,multilingual (more than 2),south_african,0,0,33.2,0,sandton,19.066,19.066,34.037,1,lepasa,3.16,3.16,11.338,1,putin,2.037,2.037,7.96,1,calton centre,2.053,2.053,12.901,1,table mountain,8.436,8.436,20.914,1,mogodu,1.049,1.049,7.656,1,eiffel tower,1.167,81.952,84.366,2,young stunna,1.68,1.68,49.244,1,rise of the prophetic,0.96,1.502,23.42,2,sabc,2.162,2.162,14.088,1,soweto,1.304,1.304,12.327,1,naledi pando,2.655,22.415,25.72,2,zar,1.106,1.106,8.383,1,rose,6,6,11.558,1,soccer,green,,,,,,,,,sandton,5.588,5.588,21.88,1,lepasa,1.429,1.429,8.689,1,putin,1.587,1.587,5.746,1,calton centre,1.485,1.485,11.919,1,table mountain,1.238,1.238,10.693,1,mogodu,0.867,0.867,6.358,1,eiffel tower,1.405,2.434,6.81,2,young stunna,1.166,1.166,8.945,1,rise of the prophetic,1.12,1.12,13.243,1,sabc,0.98,0.98,9.581,1,soweto,2.273,2.273,10.356,1,naledi pando,1.17,1.17,12.928,1,dollar,1.186,1.186,26.269,1,rose,1.136,1.136,4.737,1,soccer,50,1.043,11.504,51.878,2,1,1,3,3,1,1,1,2,2,1,1,2,2,3,1,1,2,2,1,1,2,1,3,3,3,1,4,3,4,1,1,1,2,2,2,1,8,0,0,0.080808081,0.060606061,0.747474747,0.03030303,0.050505051,0.03030303,0,0.828282828,0.01010101,0.112244898,0.909090909,0.272727273,0.525252525,0,0,0.222222222,0,0.080808081,0.01010101,0.313131313,0,0,0.121212121,0,0.030612245,0.838383838,0.535353535,0.808080808,,,,,,,,,,,,,,,,,,,,,,,,,,,,,,,0.24384663,0.197327012,,,0,0,0.181818182,0,0,0,0.222222222,0,0,0,0,0,0,0.656565657,0.868686869,0,0,0.181818182,0,0,0,0.222222222,0,0,0,0,0,0.878787879,0.656565657,0.868686869,,,,,,,,,,,,,,,,,,,,,,,,,,,,,,,0.128619529,0.187205387,,,0,0,0.070707071,0,0,0,0.02020202,0,0,0,0,0,0,0.313131313,0.97979798,0,0,0.070707071,0,0,0,0.02020202,0,0,0,0,0,0.141414141,0.313131313,0.97979798,,,,,,,,,,,,,,,,,,,,,,,,,,,,,,,0.092255892,0.101683502,,,0.24384663,0.128619529,0.197327012,0.187205387,0.092255892,0.101683502,1.583333333,1.6,3,1.428571429,1.90297619
,,,,100,1747,TRUE,14/02/2024 22:16,,,,,,,,anonymous,en,"i consent, begin the study",female,27,south african,south africa,black,0,yes,multilingual (more than 2),south_african,0,0,14.642,0,durban,3.963,14.607,19.656,2,siya kolisi,8.651,69.783,72.142,3,nelson mandela,38.75,53.252,55.415,2,union building,19.552,30.65,32.779,2,table mountain,4.177,21.026,22.677,2,oxtail stew,3.929,61.515,63.903,3,kruger national park,2.11,33.042,35.213,3,hugh masekela,1.976,25.598,28.161,2,nancy drew series,3.118,29.118,31.103,4,sabc,2.987,11.641,13.844,3,cape town,1.845,13.741,15.8,3,queen victoria,8.863,44.618,51.359,3,rand,2.215,28.542,31.304,2,rose,1.653,12.593,14.575,2,soccer,green,,,,,,,,,new york,3.043,3.043,42.89,1,christiano ronaldo,1.936,17.552,33.054,2,nelson mandela,2.379,2.379,16.278,1,union buildig,1.778,1.778,93.608,1,mount kilimanjaro,2.26,2.26,29.251,1,paella,30.979,32.26,40.764,2,eiffel tower,16.637,16.637,30.061,1,michael jackson,1.688,1.688,38.098,1,the great gatsby,1.7,1.7,28.141,1,sabc,2.709,2.709,7.704,1,paris,2.59,2.59,24.902,1,queen victoria,1.66,1.66,17.86,1,rand,3.044,3.044,8.503,1,rose,2.294,2.294,6.933,1,soccer,degree celsius,2.005,13.062,52.363,4,2,2,1,2,1,1,2,2,1,1,1,1,1,2,1,1,2,1,2,2,1,1,4,3,3,1,1,2,3,1,3,3,3,4,3,4,10,0.101010101,0.343434343,0.373737374,0.424242424,0.747474747,0,0.111111111,0.01010101,0,0.828282828,0.737373737,0.020408163,0.909090909,0.272727273,0.525252525,0.525252525,0.282828283,0.101010101,0.03030303,0.232323232,0,0.313131313,0.131313131,0.050505051,0.121212121,0.363636364,0.040816327,0.050505051,0.535353535,0.808080808,,,,,,,,,,,,,,,,,,,,,,,,,,,,,,,0.360283103,0.239084725,,,0,0,0.01010101,0,0,0,0,0,0,0,0,0,0,0.656565657,0.868686869,0.646464646,0.080808081,0.01010101,0,0,0,0.222222222,0.252525253,0,0,0.454545455,0,0,0.656565657,0.868686869,,,,,,,,,,,,,,,,,,,,,,,,,,,,,,,0.102356902,0.212794613,,,0,0,0.01010101,0,0,0,0,0,0,0,0,0,0,0.313131313,0.97979798,0,0.01010101,0.01010101,0,0,0,0.02020202,0.01010101,0,0,0.01010101,0,0,0.313131313,0.97979798,,,,,,,,,,,,,,,,,,,,,,,,,,,,,,,0.086868687,0.09023569,,,0.360283103,0.102356902,0.239084725,0.212794613,0.086868687,0.09023569,1.416666667,1.4,2.428571429,3,2.061309524
,,,,100,1448,TRUE,14/02/2024 22:17,,,,,,,,anonymous,en,"i consent, begin the study",female,24,south african,south africa,black,0,yes,multilingual (more than 2),south_african,0,0,14.148,0,cape town,12.557,12.557,23.896,1,ronwen williams,2.843,2.843,38.206,1,nelson mandela,2.687,2.687,26.168,1,union building,2.015,2.015,9.28,1,table mountain,1.999,1.999,11.354,1,braii,1.554,1.554,17.015,1,the big hole,2.801,2.801,42.94,1,young stunna,1.542,1.542,55.15,1,long walk to freedom,2.903,2.903,10.624,1,sabc,2.303,2.303,7.752,1,cape town,2.359,2.359,9.99,1,mother teressa,1.608,1.608,17.096,1,rand,1.26,1.26,5.025,1,protea,1.016,76.867,80.857,2,soccer,green,,,,,,,,,paris,1.937,1.937,8.589,1,messi,0.684,0.684,8.625,1,vladimir putin,1.38,1.38,77.698,1,eiffel tower,1.189,1.189,31.211,1,kilimanjaro,0.588,0.588,6.599,1,steak,0.854,0.854,25.997,1,eiffel tower,2.536,2.536,37.056,1,lionel ritchie,2.199,59.1,61.83,3,rich dad poor dad,1.811,1.811,12.506,1,cna,1.445,1.445,15.172,1,paris,1.366,1.366,14.672,1,mother terresa,1.562,1.562,8.635,1,usd,1.179,1.179,10.621,1,rose,1.66,1.66,7.6,1,football,100 degrees celsius,2.354,133.365,136.863,3,2,1,2,2,1,1,2,1,1,2,1,2,1,2,3,1,1,2,1,2,2,2,1,4,3,1,3,2,2,2,1,2,1,1,2,2,10,0.424242424,0.060606061,0.373737374,0.424242424,0.747474747,0.04040404,0.01010101,0.03030303,0.151515152,0.828282828,0.737373737,0.010204082,0.909090909,0.494949495,0.525252525,0.060606061,0.424242424,0.222222222,0.171717172,0.232323232,0.02020202,0.313131313,0,0.090909091,0,0.363636364,0,0.838383838,0.535353535,0.808080808,,,,,,,,,,,,,,,,,,,,,,,,,,,,,,,0.384518656,0.272053872,,,0,0,0.01010101,0,0,0,0,0,0,0,0,0,0,0,0.868686869,0.080808081,0.676767677,0.181818182,0.444444444,0,0,0.222222222,0,0,0,0.454545455,0,0.878787879,0.656565657,0.868686869,,,,,,,,,,,,,,,,,,,,,,,,,,,,,,,0.058585859,0.297643098,,,0,0,0.01010101,0,0,0,0,0,0,0,0,0,0,0,0.97979798,0,0.101010101,0.070707071,0.03030303,0,0,0.02020202,0,0,0,0.01010101,0,0.141414141,0.313131313,0.97979798,,,,,,,,,,,,,,,,,,,,,,,,,,,,,,,0.065993266,0.111111111,,,0.384518656,0.058585859,0.272053872,0.297643098,0.065993266,0.111111111,1.5,1.7,2.285714286,1.571428571,1.764285714
,,,,100,1566,TRUE,14/02/2024 22:17,,,,,,,,anonymous,en,"i consent, begin the study",female,33,south african,south africa,black,0,yes,multilingual (more than 2),south_african,0,0,8.558,0,cape town,1.465,1.465,13.686,1,teko modise,0.991,0.991,17.004,1,biden,1.62,1.62,15.932,1,burj khalifa,2.345,2.345,67.273,1,kilimanjaro,0.812,0.812,11.811,1,pap and wors,1.127,1.127,13.763,1,pyramid of giza,8.379,8.379,25.608,1,usher,1.364,1.364,6.179,1,jungle book,2.161,14.863,18.302,2,pbs,3.732,3.732,7.701,1,durban,8.475,8.475,16.904,1,elen sirlief,1.14,38.37,44.224,2,pounds,1.829,1.829,10.548,1,rose,1.443,1.443,5.905,1,soccer,green,,,,,,,,,new york,7.656,7.656,24.67,1,shakiel oneil,3.129,48.628,52.401,2,barack obama,2.083,24.652,26.154,2,taj mahal,9.741,9.741,56.947,1,everest,1.753,1.753,13.405,1,briyani,0.829,31.76,34.581,2,statue of liberty,0.837,78.142,78.844,2,justin timberlake,20.214,20.214,35.903,1,every dead thing,1.277,1.277,38.749,1,warner,41.72,41.72,48.411,1,paris,3.364,3.364,18.931,1,angela merkel,0.789,0.789,44.825,1,dollar,1.618,1.618,9.599,1,lily,0.639,5.758,6.51,2,basketball,celsius,1.568,50.905,57.753,2,2,2,2,2,2,2,2,2,2,2,1,2,4,1,1,1,1,2,1,1,1,1,3,3,3,4,2,3,3,3,3,3,4,1,2,2,10,0.424242424,0.02020202,0.080808081,0,0.101010101,0.282828283,0.01010101,0.070707071,0,0,0.101010101,0,0.01010101,0.272727273,0.525252525,0.525252525,0,0.111111111,0.050505051,0.606060606,0.02020202,0.161616162,0.01010101,0,0,0.363636364,0.142857143,0.838383838,0.090909091,0.03030303,,,,,,,,,,,,,,,,,,,,,,,,,,,,,,,0.126599327,0.196729197,,,0,0,0.323232323,0.01010101,0,0,0.04040404,0.04040404,0,0,0,0,0,0.656565657,0.868686869,0.646464646,0,0.131313131,0,0.787878788,0,0.101010101,0,0,0,0.454545455,0.272727273,0.878787879,0.03030303,0.02020202,,,,,,,,,,,,,,,,,,,,,,,,,,,,,,,0.129292929,0.221548822,,,0,0,0.141414141,0,0,0,0,0,0,0,0,0,0,0.313131313,0.97979798,0,0,0.131313131,0,0.181818182,0,0.02020202,0,0,0,0.01010101,0.03030303,0.141414141,0,0,,,,,,,,,,,,,,,,,,,,,,,,,,,,,,,0.095622896,0.034343434,,,0.126599327,0.129292929,0.196729197,0.221548822,0.095622896,0.034343434,1.916666667,1.4,3,2.571428571,2.22202381
,,,,100,1284,TRUE,14/02/2024 22:17,,,,,,,,anonymous,en,"i consent, begin the study",female,24,south africa,south africa,black,0,yes,bilingual (2),south_african,0,0,23.338,0,durban,2.123,9.947,15.148,2,siya kolisi,1.54,6.323,8.077,2,joe biden,1.276,12.602,13.501,2,the eiffel tower,1.248,21.116,21.401,2,table mountain,1.49,7.09,22.193,2,seafood boil,1.395,45.184,53.801,2,great wall of china,1.294,75.142,75.76,2,chris brown,0.627,8.173,9.105,2,to kill a mockingbird,1.173,9.149,11.281,2,sabc,0.594,14.879,16.3,2,cape town,1.148,6.806,12.378,2,greta thunberg,0.86,21.559,22.5,2,south african rand,0.839,5.595,6.094,2,rose,0.928,3.857,4.86,2,rugby,green,,,,,,,,,london,10.032,17.3,18.805,2,lionel messi,7.498,7.498,15.401,1,joe biden,2.188,2.188,14.361,1,empire state building,1.361,1.361,28.401,1,mount everest,1.1,1.1,6.201,1,pasta,0.971,0.971,13.601,1,eiffel tower,1.323,1.323,22.101,1,chris brown,2.298,2.298,15.176,1,the great gatsby,1.985,1.985,40.202,1,comcast,4.831,4.831,24.494,1,new york city,4.652,4.652,19.201,1,greta thunberg,2.493,2.493,91.868,1,united states dollar,1.207,1.207,10.301,1,sunflower,2.282,2.282,6.8,1,football,hundred degrees celcius,3.771,26.747,54.755,7,1,2,2,2,1,1,2,1,1,2,3,2,1,1,2,1,1,1,1,1,1,1,2,2,3,1,3,3,2,1,1,1,1,1,1,1,9,0.101010101,0.343434343,0.080808081,0.02020202,0.747474747,0,0,0.090909091,0,0.828282828,0.737373737,0.010204082,0.909090909,0.272727273,0.434343434,0.080808081,0.424242424,0.252525253,0.252525253,0.606060606,0.232323232,0.313131313,0.141414141,0.050505051,0,0.121212121,0,0.838383838,0.212121212,0.808080808,,,,,,,,,,,,,,,,,,,,,,,,,,,,,,,0.305057376,0.288888889,,,0,0,0.323232323,0.444444444,0,0,0.050505051,0,0,0,0,0.04040404,0,0.656565657,0.01010101,0.080808081,0.676767677,0.323232323,0.313131313,0.787878788,0.161616162,0.222222222,0,0,0,0.121212121,0.04040404,0.878787879,0.141414141,0.868686869,,,,,,,,,,,,,,,,,,,,,,,,,,,,,,,0.101683502,0.307744108,,,0,0,0.141414141,0.03030303,0,0,0,0,0,0,0,0.01010101,0,0.313131313,0,0,0.101010101,0.141414141,0,0.181818182,0.03030303,0.02020202,0,0,0,0,0.01010101,0.141414141,0.060606061,0.97979798,,,,,,,,,,,,,,,,,,,,,,,,,,,,,,,0.032996633,0.111111111,,,0.305057376,0.101683502,0.288888889,0.307744108,0.032996633,0.111111111,1.666666667,1.1,2.285714286,1,1.513095238
,,,,100,1286,TRUE,14/02/2024 22:17,,,,,,,,anonymous,en,"i consent, begin the study",male,26,south african,south africa,black,2,yes,multilingual (more than 2),south_african,0,0,13.57,0,johannesburg,6.508,18.642,21.228,7,siya kholisi,11.638,27.199,28.625,2,cyril ramaphosa,5.547,19.696,22.082,6,union building,2.161,20.327,21.597,2,table mountain,5.546,18.554,19.86,2,boerewors rolls,12.952,24.884,25.978,3,eifel tower,17.955,30.632,32.831,2,ringo,8.017,22.059,23.192,3,the hlomu series,5.657,19.559,20.767,2,sabc,4.025,12.194,13.3,3,cape town,3.433,17.476,18.496,3,angela merkel,4.006,16.648,17.849,2,south african rand,3.407,18.491,19.759,2,protea,3.218,12.198,13.33,2,rugby,green,,,,,,,,,new york city,2.535,15.202,16.754,2,messi,2.389,8.199,9.773,2,joe biden,1.974,15.553,16.557,2,colloseum,2.428,19.009,20.084,2,everest,2.541,37.983,41.412,4,lasagna,6.206,45.375,46.558,3,eifel tower,7.424,20.101,21.302,3,ed sheeran,37.546,45.693,46.826,3,the great gatsby,1.999,22.306,23.7,4,bbc,4.755,5.175,10.553,2,paris,4.925,11.493,12.672,2,angela merkel,6.825,18.726,19.701,2,us dollar,3.291,12.932,13.803,2,lilly,2.678,12.949,14.349,2,football,100c,2.271,13.955,32.675,11,2,2,2,2,2,2,2,2,2,2,2,2,2,2,2,2,4,2,2,2,2,2,3,2,2,2,2,2,2,2,3,2,2,2,2,2,11,0.373737374,0.343434343,0.262626263,0.424242424,0.747474747,0.02020202,0.050505051,0.01010101,0,0.828282828,0.737373737,0.030612245,0.909090909,0.494949495,0.434343434,0.525252525,0.424242424,0.252525253,0.02020202,0.606060606,0.04040404,0.313131313,0.02020202,0.050505051,0.353535354,0.363636364,0.142857143,0.838383838,0.090909091,0.808080808,,,,,,,,,,,,,,,,,,,,,,,,,,,,,,,0.377798392,0.323328523,,,0,0,0,0,0,0,0.222222222,0,0,0,0,0.272727273,0,0,0.01010101,0.646464646,0.676767677,0.323232323,0.01010101,0.787878788,0.060606061,0.222222222,0.01010101,0,0.353535354,0.454545455,0.272727273,0.878787879,0.03030303,0.868686869,,,,,,,,,,,,,,,,,,,,,,,,,,,,,,,0.033670034,0.373063973,,,0,0,0,0,0,0,0.02020202,0,0,0,0,0.03030303,0,0,0,0,0.101010101,0.141414141,0,0.181818182,0,0.02020202,0,0,0,0.01010101,0.03030303,0.141414141,0,0.97979798,,,,,,,,,,,,,,,,,,,,,,,,,,,,,,,0.003367003,0.107070707,,,0.377798392,0.033670034,0.323328523,0.373063973,0.003367003,0.107070707,2,2.2,2.142857143,2.142857143,2.121428571
,,,,100,1673,TRUE,14/02/2024 22:18,,,,,,,,anonymous,en,"i consent, begin the study",male,23,south african,south africa,black,-1,yes,multilingual (more than 2),south_african,0,0,27.971,0,johannesburg,2.462,18.82,20.287,2,themba zwane,2.471,9.734,10.942,2,malema,5.358,21.72,27.102,2,union buildings,15.577,47.97,50.257,3,table mountain,5.81,25.599,38.487,3,pap and wors,5.312,25.819,26.91,2,table mountain,15.642,46.69,47.752,2,donald,30.273,53.257,54.745,3,dorian gray,8.075,39.052,40.855,2,sabc,3.603,7.469,8.357,2,cape town,20.247,27.423,36.122,2,bonang,2.333,27.244,28.254,2,rands,19.208,23.97,24.901,3,protea,2.166,15.549,16.978,2,soccer,green,,,,,,,,,london,12.593,13.975,21.835,2,saka,4.335,4.335,8.848,1,biden,1.965,1.965,9.878,1,big ben,5.507,5.507,17.436,1,everest,3.818,3.818,12.104,1,fish and chips,1.972,1.972,16.07,1,johannesburg,13.836,13.836,26.95,1,chris brown,2.712,2.712,23.407,1,things fall apart,1.833,1.833,13.403,1,bbc,2.068,2.068,13.402,1,dubai,1.715,1.715,9.76,1,beyonce,11.632,11.632,19.505,1,dollar,1.278,1.278,7.899,1,rose,4.717,4.717,17.225,1,football,100,1.7,70.756,76.348,5,2,1,2,1,1,2,3,3,1,1,2,2,4,1,1,2,1,3,2,3,1,4,3,4,3,2,3,3,4,3,1,2,3,4,2,1,8,0.373737374,0.01010101,0,0.424242424,0.747474747,0.282828283,0.171717172,0.01010101,0,0.828282828,0.737373737,0,0.909090909,0.494949495,0.525252525,0.080808081,0,0.252525253,0,0.606060606,0.01010101,0,0.141414141,0,0.353535354,0.01010101,0.010204082,0.838383838,0.535353535,0.808080808,,,,,,,,,,,,,,,,,,,,,,,,,,,,,,,0.367676768,0.243104515,,,0,0,0,0,0,0,0,0,0,0,0,0,0,0,0.868686869,0.080808081,0,0.323232323,0,0.787878788,0.04040404,0,0,0,0.353535354,0,0,0.878787879,0.656565657,0.868686869,,,,,,,,,,,,,,,,,,,,,,,,,,,,,,,0.057912458,0.265993266,,,0,0,0,0,0,0,0,0,0,0,0,0,0,0,0.97979798,0,0,0.141414141,0,0.181818182,0,0,0,0,0,0,0,0.141414141,0.313131313,0.97979798,,,,,,,,,,,,,,,,,,,,,,,,,,,,,,,0.065319865,0.117171717,,,0.367676768,0.057912458,0.243104515,0.265993266,0.065319865,0.117171717,1.75,2.2,3.142857143,2.285714286,2.344642857
,,,,100,1902,TRUE,14/02/2024 22:18,,,,,,,,anonymous,en,"i consent, begin the study",male,22,south african,south africa,african,0,yes,bilingual (2),south_african,0,0,20.199,0,johannesburg,13.682,26.274,59.416,2,ronwen williems,55.603,73.755,80.983,4,trump,19.915,19.915,40.712,1,union buildings,42.898,57.739,59.207,3,table mountain,2.481,11.703,12.764,2,bunny chow,3.544,3.544,11.475,1,robben island,34.458,34.458,47.766,1,lucky dube,53.126,53.126,60.612,1,truth to power,32.321,41.457,47.662,2,sabc,3.966,3.966,12.324,1,cape town,2.058,12.507,13.951,2,unavailable,45.262,45.262,64.847,1,rand,1.847,1.847,7.218,1,protea,2.614,2.614,22.276,1,rugby,green,,,,,,,,,new york,2.41,2.41,9.838,1,messi,2.083,2.083,6.411,1,donald trump,0.585,0.585,11.062,1,eifel tower,4.133,4.133,46.794,1,mount fuji,8.66,41.571,43.247,2,pizza,3.873,3.873,8.596,1,grand canyon,27.211,34.427,53.422,2,michael jackson,26.442,53.051,54.313,2,"rich dad, poor dad",7.642,7.642,26.175,1,bbc,3.689,3.689,9.358,1,new york,2.195,2.195,17.31,1,unavailable,3.786,23.169,28.125,2,dollar,1.894,2.511,7.22,2,rose,2.973,2.973,39.001,1,soccer,100 degrees celcius,2.968,35.361,48.948,4,3,2,2,3,2,2,2,2,2,2,3,2,3,1,2,2,2,2,3,2,2,2,3,2,3,2,3,3,2,2,3,2,3,3,3,3,8,0.373737374,0.060606061,0.03030303,0.424242424,0.747474747,0.060606061,0.222222222,0.01010101,0.01010101,0.828282828,0.737373737,0,0.909090909,0.494949495,0.434343434,0.525252525,0.424242424,0.131313131,0.171717172,0.03030303,0.090909091,0.01010101,0.131313131,0.090909091,0.353535354,0.121212121,0,0.838383838,0.535353535,0.808080808,,,,,,,,,,,,,,,,,,,,,,,,,,,,,,,0.356228956,0.284175084,,,0,0,0.212121212,0,0,0,0,0,0,0,0,0,0,0,0.01010101,0.646464646,0.676767677,0.212121212,0.444444444,0.03030303,0.292929293,0.02020202,0.252525253,0,0.353535354,0.121212121,0,0.878787879,0.656565657,0.868686869,,,,,,,,,,,,,,,,,,,,,,,,,,,,,,,0.014814815,0.363636364,,,0,0,0.101010101,0,0,0,0,0,0,0,0,0,0,0,0,0,0.101010101,0.101010101,0.03030303,0.01010101,0,0,0.01010101,0,0,0,0,0.141414141,0.313131313,0.97979798,,,,,,,,,,,,,,,,,,,,,,,,,,,,,,,0.006734007,0.112457912,,,0.356228956,0.014814815,0.284175084,0.363636364,0.006734007,0.112457912,2.25,2.1,2.571428571,2.714285714,2.408928571
,,,,100,1751,TRUE,14/02/2024 22:18,,,,,,,,anonymous,en,"i consent, begin the study",male,24,south african,south africa,african,0,yes,bilingual (2),south_african,0,0,17.45,0,johannesburg,6.366,6.366,36.524,1,teko modise,2.245,2.245,63.451,1,robert mugabe,7.639,7.639,17.16,1,union building,1.859,1.859,51.038,1,mount. everest,1.813,1.813,14.376,1,pap and steak,18.78,18.78,32.002,1,robben island,20.587,20.587,28.435,1,vusi nova,3.38,3.38,17.117,1,nothing but the truth,2.102,2.102,20.529,1,sabc,4.626,4.626,9.305,1,durban,2.556,2.556,38.52,1,hillary clinton,8.443,8.443,15.626,1,rand,1.833,1.833,6.524,1,roses,1.515,1.515,6.847,1,soccer,green,,,,,,,,,new york,17.473,17.473,29.812,1,lionel messi,2.77,2.77,16.37,1,vladimir putin,11.949,11.949,41.811,1,twin towers,12.086,12.086,25.1,1,mount. everest,2.172,2.172,12.96,1,fried rice,2.583,2.583,44.751,1,eifel tower,40.809,40.809,51.671,1,the weeknd,2.659,2.659,38.441,1,harry potter,21.155,21.155,28.54,1,hollywood,4.447,4.447,73.945,1,paris,29.295,29.295,34.001,1,hillary clinton,85.314,85.314,93.402,1,dollar,2.55,2.55,9.768,1,rose,2.662,2.662,37.839,1,soccer,100 degree celcius,2.923,14.443,36.742,2,1,2,2,2,2,3,2,2,2,2,3,3,1,2,3,2,2,2,2,1,1,2,1,2,3,2,3,3,1,2,2,2,3,2,2,2,8,0.373737374,0.02020202,0,0.424242424,0.02020202,0.282828283,0.222222222,0.050505051,0.01010101,0.828282828,0.101010101,0.020408163,0.909090909,0.272727273,0.525252525,0.525252525,0.424242424,0.222222222,0.02020202,0.606060606,0.02020202,0.313131313,0.02020202,0.141414141,0,0.363636364,0.071428571,0.838383838,0.535353535,0.808080808,,,,,,,,,,,,,,,,,,,,,,,,,,,,,,,0.270720814,0.327320827,,,0,0,0,0,0.787878788,0,0,0,0,0,0,0.090909091,0,0.656565657,0.868686869,0.646464646,0.676767677,0.181818182,0.04040404,0.787878788,0,0.222222222,0.04040404,0.242424242,0,0.454545455,0.090909091,0.878787879,0.656565657,0.868686869,,,,,,,,,,,,,,,,,,,,,,,,,,,,,,,0.16026936,0.385858586,,,0,0,0,0,0.181818182,0,0,0,0,0,0,0.03030303,0,0.313131313,0.97979798,0,0.101010101,0.070707071,0,0.181818182,0,0.02020202,0,0.121212121,0,0.01010101,0.03030303,0.141414141,0.313131313,0.97979798,,,,,,,,,,,,,,,,,,,,,,,,,,,,,,,0.1003367,0.131313131,,,0.270720814,0.16026936,0.327320827,0.385858586,0.1003367,0.131313131,2.166666667,1.8,2.142857143,2.142857143,2.063095238
,,,,100,1806,TRUE,14/02/2024 22:18,,,,,,,,anonymous,en,"i consent, begin the study",female,29,south african,south africa,black,0,yes,multilingual (more than 2),south_african,0,0,31.203,0,pretoria,19.192,41.085,51.705,2,lebron,16.483,46.569,48.306,2,modi,4.816,92.545,94.06,2,union buildings,4.23,18.656,20.367,2,lions head,2.766,68,71.24,3,pap,6.379,18.995,20.554,2,robben island,2.647,6.016,27.885,2,aka,2.981,7.709,9.562,2,nothing but the truth,1.971,16.174,18.491,2,sabc,4.245,9.889,11.643,2,cape town,2.853,78.355,79.602,2,queen victoria,3.429,6.166,82.79,2,rand,4.005,8.555,10.304,2,rose,2.935,7.365,8.893,2,soccer,green,,,,,,,,,los angeles,4.07,7.113,20.48,2,messi,2.66,2.66,9.704,1,barack obama,4.861,4.861,19.894,1,eifel tower,2.867,2.867,85.304,1,kilimanjaro,2.677,2.677,27.558,1,pizza,2.573,2.573,30.182,1,statue of liberty,3.344,3.344,53.106,1,lil wayne,2.482,5.42,15.273,2,harry potter and the philosophers stone,3.589,79.57,81.386,2,nfl,3.835,3.835,10.068,1,paris,2.261,2.261,28.184,1,angela merkel,2.94,41.554,46.187,2,us dollar,2.328,2.328,11.501,1,sunflower,2.559,2.559,27.904,1,baskeball,100 degree celcius,5.17,21.218,100.402,3,2,2,2,2,3,3,3,2,3,3,3,2,2,2,1,2,2,2,3,2,2,2,3,3,3,2,4,4,2,2,2,2,2,3,2,2,10,0.03030303,0,0.01010101,0.424242424,0,0.282828283,0.222222222,0.111111111,0.01010101,0.828282828,0.737373737,0.020408163,0.909090909,0.272727273,0.525252525,0.02020202,0.424242424,0.111111111,0.171717172,0.232323232,0.090909091,0.161616162,0.01010101,0.141414141,0,0.363636364,0.142857143,0.838383838,0.212121212,0.03030303,,,,,,,,,,,,,,,,,,,,,,,,,,,,,,,0.292269635,0.196729197,,,0,0,0,0,0,0,0,0,0,0,0,0,0,0.656565657,0.868686869,0,0.676767677,0.131313131,0.444444444,0,0.292929293,0.101010101,0,0.242424242,0,0.454545455,0.272727273,0.878787879,0.141414141,0.02020202,,,,,,,,,,,,,,,,,,,,,,,,,,,,,,,0.101683502,0.243771044,,,0,0,0,0,0,0,0,0,0,0,0,0,0,0.313131313,0.97979798,0,0.101010101,0.131313131,0.03030303,0,0,0.02020202,0,0.121212121,0,0.01010101,0.03030303,0.141414141,0.060606061,0,,,,,,,,,,,,,,,,,,,,,,,,,,,,,,,0.086195286,0.043097643,,,0.292269635,0.101683502,0.196729197,0.243771044,0.086195286,0.043097643,2.5,2,3,2.142857143,2.410714286
,,,,100,1349,TRUE,14/02/2024 22:18,,,,,,,,anonymous,en,"i consent, begin the study",female,25,south african,south africa,black,-1,yes,bilingual (2),south_african,0,0,17.187,0,durban,5.378,5.378,13.299,1,siya kolisi,5.716,5.716,11.498,1,patrice motsepe,8.813,8.813,26.625,1,the union buildings,2.059,2.059,10.153,1,table mountain,1.046,1.046,5.901,1,biryani,1.023,16.887,16.923,2,constitutional towers,1.172,1.172,34.033,1,lloyiso,1.44,1.44,7.92,1,cry the beloveds country,1.041,1.041,10.801,1,sabc,1.763,1.763,8.224,1,durban,1.319,1.319,5.271,1,nkosazane zuma,2.194,2.194,12.901,1,rand,1.079,1.079,4.133,1,protea,1.13,1.13,4.337,1,soccer,green,,,,,,,,,new york city,1.333,1.333,9.886,1,christiano ronaldo,0.721,12.223,12.256,2,patrice motsepe,0.899,29.78,33.025,2,empire state building,1.084,1.084,10.891,1,kilimanjaro,0.653,0.653,17.034,1,tacos,2.145,2.145,7.248,1,eifel tower,0.615,42.452,43.123,2,chris brown,0.666,0.666,7.867,1,pride and prejudice,0.401,0.401,10,1,hbo,0.87,0.87,5.879,1,miami,0.987,0.987,11.424,1,naledi pando,0.833,0.833,11.251,1,dollar,0.629,0.629,4.419,1,rose,1.403,1.403,3.601,1,soccer,100 degrees,0.587,8.201,26.002,2,2,2,1,1,2,3,3,1,1,1,3,3,1,1,1,2,2,1,1,1,1,1,2,3,3,3,3,3,2,2,2,2,2,2,2,2,8,0.101010101,0.343434343,0,0.424242424,0.747474747,0,0,0.050505051,0.03030303,0.828282828,0.101010101,0.06122449,0.909090909,0.494949495,0.525252525,0.525252525,0.282828283,0,0.252525253,0.232323232,0,0.313131313,0.141414141,0.02020202,0.02020202,0.02020202,0.030612245,0.838383838,0.535353535,0.808080808,,,,,,,,,,,,,,,,,,,,,,,,,,,,,,,0.307785336,0.268034082,,,0,0,0,0,0,0,0,0,0,0,0,0,0,0,0.868686869,0.646464646,0.080808081,0,0.313131313,0,0,0.222222222,0,0.01010101,0.01010101,0.060606061,0,0.878787879,0.656565657,0.868686869,,,,,,,,,,,,,,,,,,,,,,,,,,,,,,,0.057912458,0.24983165,,,0,0,0,0,0,0,0,0,0,0,0,0,0,0,0.97979798,0,0.01010101,0,0,0,0,0.02020202,0,0,0,0,0,0.141414141,0.313131313,0.97979798,,,,,,,,,,,,,,,,,,,,,,,,,,,,,,,0.065319865,0.097643098,,,0.307785336,0.057912458,0.268034082,0.24983165,0.065319865,0.097643098,1.916666667,1.2,2.714285714,2,1.957738095
,,,,100,1366,TRUE,14/02/2024 22:19,,,,,,,,anonymous,en,"i consent, begin the study",male,24,south african,south africa,black,0,no,bilingual (2),south_african,0,0,9.706,0,cape town,1.287,1.287,10.694,1,ronwen williams,1.403,32.471,44.353,2,narendra modi,0.518,33.63,35.959,4,union buildings,1.068,31.501,33.596,2,table mountain,1.271,1.271,12.777,1,fish and rice,0.571,0.571,53.399,1,robben island,3.399,3.399,12.786,1,tshego,3.827,3.827,11.272,1,the 48 laws of power,0.469,0.469,12.104,1,sabc,0.591,0.591,8.903,1,cape town,0.651,0.651,11.505,1,indira gandhi,3.087,20.89,22.763,2,south african rand,0.888,0.888,18.486,1,rose,0.487,5.986,6.27,2,football,green,,,,,,,,,new york city,1.899,1.899,14.816,1,tiger woods,1.555,1.555,10.281,1,joe biden,1.068,1.068,24.109,1,the shard,0.844,0.844,47.011,1,mount kilimanjaro,0.62,37.829,40.806,2,sushi,0.611,5.077,5.389,4,robben island,0.574,48.896,61.31,3,chris brown,0.933,3.649,18.556,3,the 48 laws of power,0.722,1.018,13.306,2,sabc,0.897,0.897,6.505,1,cape town,0.734,0.734,10.595,1,angela merkel,0.967,21.177,23.31,3,us dollar,1.694,1.694,11.571,1,sunflower,0.663,0.663,4.907,1,football,212 °f,0.818,52.333,54.413,4,2,2,2,2,1,1,1,2,1,2,2,2,1,1,1,2,2,2,2,2,2,1,2,2,2,1,1,2,2,2,2,2,2,2,2,1,9,0.424242424,0.060606061,0.01010101,0.424242424,0.747474747,0.01010101,0.222222222,0,0.02020202,0.828282828,0.737373737,0,0.909090909,0.272727273,0.525252525,0.525252525,0.01010101,0.252525253,0,0.232323232,0.161616162,0.02020202,0.141414141,0.01010101,0.121212121,0.121212121,0.142857143,0.838383838,0.212121212,0.808080808,,,,,,,,,,,,,,,,,,,,,,,,,,,,,,,0.346127946,0.23982684,,,0,0,0,0,0,0,0,0,0,0,0,0,0,0.656565657,0.868686869,0.646464646,0,0.323232323,0,0,0.060606061,0,0,0,0,0,0.272727273,0.878787879,0.141414141,0.868686869,,,,,,,,,,,,,,,,,,,,,,,,,,,,,,,0.101683502,0.212794613,,,0,0,0,0,0,0,0,0,0,0,0,0,0,0.313131313,0.97979798,0,0,0.141414141,0,0,0,0,0,0,0,0,0.03030303,0.141414141,0.060606061,0.97979798,,,,,,,,,,,,,,,,,,,,,,,,,,,,,,,0.086195286,0.09023569,,,0.346127946,0.101683502,0.23982684,0.212794613,0.086195286,0.09023569,1.666666667,1.6,1.714285714,1.857142857,1.70952381
,,,,100,1942,TRUE,14/02/2024 22:19,,,,,,,,anonymous,en,"i consent, begin the study",male,38,south african,south africa,black,-1,no,multilingual (more than 2),south_african,0,0,37.285,0,cape town,6.221,6.221,22.585,1,ronwen williams,2.761,2.761,29.071,1,jacob gezeyihlekisa zuma,5.754,5.754,29.33,1,garden court,2.834,34.665,59.194,2,table mountain,2.523,2.523,12.87,1,sushi,2.289,2.289,22.701,1,robin island,3.969,3.969,14.53,1,nasty c,2.6,2.6,30.979,1,dictionary,3.116,3.116,31.69,1,sabc,5.817,5.817,11.235,1,cape town,4.298,4.298,12.429,1,nkosazana dlamaini zuma,3.066,3.066,17.645,1,rand,3.106,3.106,8.066,1,rose,2.209,2.209,6.504,1,soccer,green,,,,,,,,,new yok,34.88,34.88,55.5,1,messi,10.01,10.01,20.222,1,donald trump,4.55,4.55,40.896,1,three towers,12.988,12.988,61.363,1,kilimanjaro,2.843,2.843,26.544,1,sushi,3.881,3.881,21.482,1,table mountain,14.6,14.6,26.159,1,drake,3.17,3.17,20.865,1,long walk to freedom,4.067,4.067,36.965,1,sabc,5.728,5.728,14.643,1,cape town,3.294,3.294,11.506,1,nkosazana dlamini zuma,3.454,3.454,37.432,1,dollar,6.209,6.209,22.419,1,rose,2.602,2.602,8.388,1,soccer,360 degrees,18.443,78.365,116.401,4,1,1,1,2,1,1,1,1,1,1,1,1,1,1,2,1,1,1,1,1,1,2,1,2,4,1,3,4,1,1,1,1,1,1,1,1,9,0.424242424,0.060606061,0,0,0.747474747,0.03030303,0.222222222,0.01010101,0,0.828282828,0.737373737,0.06122449,0.909090909,0.272727273,0.525252525,0.525252525,0.424242424,0.131313131,0,0.232323232,0.161616162,0.01010101,0.060606061,0.02020202,0.121212121,0.121212121,0,0.838383838,0.535353535,0.808080808,,,,,,,,,,,,,,,,,,,,,,,,,,,,,,,0.32192675,0.265993266,,,0,0,0,0,0,0.060606061,0,0,0,0,0,0,0,0.656565657,0.868686869,0.646464646,0.676767677,0.212121212,0,0,0.060606061,0,0.03030303,0,0,0,0,0.878787879,0.656565657,0.868686869,,,,,,,,,,,,,,,,,,,,,,,,,,,,,,,0.105723906,0.268686869,,,0,0,0,0,0,0,0,0,0,0,0,0,0,0.313131313,0.97979798,0,0.101010101,0.101010101,0,0,0,0,0,0,0,0,0,0.141414141,0.313131313,0.97979798,,,,,,,,,,,,,,,,,,,,,,,,,,,,,,,0.086195286,0.109090909,,,0.32192675,0.105723906,0.265993266,0.268686869,0.086195286,0.109090909,1.083333333,1.2,2.285714286,1,1.392261905
,,,,100,1515,TRUE,14/02/2024 22:20,,,,,,,,anonymous,en,"i consent, begin the study",male,30,south africa,south africa,african,-1,yes,multilingual (more than 2),south_african,0,0,24.445,0,johannesburg,31.236,31.236,35.648,1,siya kolisi,5.4,5.4,17.839,1,cyril ramaphosa,1.816,1.816,23.301,1,the union building,7.747,7.747,16.802,1,table mountain,1.279,1.279,16.982,1,pap and tripe,1.374,1.374,19.692,1,soweto towers,12.997,12.997,55.98,1,lloyiso,1.097,47.623,60.021,2,long walk to freedom,1.334,26.295,27.4,2,sabc,2.378,11.668,12.4,2,capetown,1.656,1.656,11.731,1,nkosazana dlamini-zuma,4.756,55.696,56.26,3,rand zar,0.677,0.677,13.994,1,protea,0.768,0.768,18.28,1,rugby,green,,,,,,,,,tokyo,12.957,12.957,18.139,1,messi,1.257,1.257,7.765,1,puttin,4.526,4.526,10.968,1,empire state,0.862,0.862,12.877,1,mount kilimanjaro,0.952,11.279,19.143,2,sushi,2.632,2.632,6.569,1,egyptian pyramids,0.677,73.129,98.122,2,usher,1.463,1.463,10.681,1,"rich dad, poor dad",0.706,0.706,34,1,espn,0.724,0.724,6.854,1,new york,1.612,1.612,29.901,1,michelle obama,2.241,3.942,27.437,2,usd dollars,0.652,0.652,32.96,1,rose,0.64,0.64,13.687,1,soccer,100 degrees celsius,1.55,71.562,72.95,7,1,2,1,1,1,1,1,1,2,1,1,1,1,1,1,1,1,1,1,1,1,1,2,2,3,1,2,2,1,1,1,1,1,1,1,1,8,0.373737374,0.343434343,0.262626263,0.424242424,0.747474747,0.282828283,0.02020202,0.050505051,0.151515152,0.828282828,0.737373737,0.06122449,0.909090909,0.494949495,0.434343434,0,0.424242424,0.222222222,0.252525253,0.232323232,0.161616162,0.070707071,0.090909091,0.090909091,0.04040404,0.121212121,0.12244898,0.838383838,0.535353535,0.808080808,,,,,,,,,,,,,,,,,,,,,,,,,,,,,,,0.408122037,0.267422525,,,0,0,0,0,0,0,0,0,0,0,0,0,0,0,0.01010101,0.02020202,0.676767677,0.181818182,0.313131313,0,0.060606061,0.04040404,0.04040404,0,0.02020202,0.121212121,0.050505051,0.878787879,0.656565657,0.868686869,,,,,,,,,,,,,,,,,,,,,,,,,,,,,,,0.000673401,0.261952862,,,0,0,0,0,0,0,0,0,0,0,0,0,0,0,0,0,0.101010101,0.070707071,0,0,0,0,0,0,0,0,0.02020202,0.141414141,0.313131313,0.97979798,,,,,,,,,,,,,,,,,,,,,,,,,,,,,,,0,0.108417508,,,0.408122037,0.000673401,0.267422525,0.261952862,0,0.108417508,1.166666667,1,1.857142857,1,1.255952381
,,,,100,1945,TRUE,14/02/2024 22:20,,,,,,,,anonymous,en,"i consent, begin the study",female,36,south african,south africa,black,0,no,multilingual (more than 2),south_african,0,0,22.201,0,cape town,16.57,25.91,26.657,2,siya kholisi,2.468,12.351,14.283,2,mandela,3.349,9.501,10.578,2,union building,1.087,19.433,22.701,2,table mountain,1.184,7.829,8.556,2,braai vleis,1.11,30.422,31.368,2,soweto towers,1.308,63.441,76.9,2,huge masekela,2.099,38.171,38.901,2,long walk to freedom,1.789,13.9,14.747,2,sabc,2.652,2.652,7.801,1,soweto - orlando,1.911,18.61,19.2,2,winnie mandela,3.028,8.548,20.101,2,rand,3.227,12.561,13.352,2,protea,0.723,5.155,5.701,2,rugby,green,,,,,,,,,new york,1.942,7.119,7.781,2,messi,0.738,15.649,17.101,2,donald trump,0.631,0.631,13.861,1,white house,1.009,1.009,6.379,1,kilimanjaro,0.724,0.724,29.401,1,burger and fries,2.205,2.205,10.801,1,effle tower,0.813,19.6,21.501,2,michael jackson,0.845,0.845,31.644,1,harry potter,1.684,1.684,20.8,1,bbc,22.809,29.611,30.56,2,paris,0.781,0.781,8.361,1,queen elizabeth,0.86,32.055,33.067,3,dollar,0.782,0.782,4.597,1,rose,10.177,10.177,15.9,1,soccer,hot,31.1,80.689,98.801,6,1,2,1,1,1,2,2,1,2,2,2,2,3,2,3,1,2,1,2,1,1,1,3,2,2,1,3,2,3,2,2,2,2,2,2,2,11,0.424242424,0.343434343,0.373737374,0.424242424,0.747474747,0.04040404,0.02020202,0,0.151515152,0.828282828,0.01010101,0.132653061,0.909090909,0.494949495,0.434343434,0.525252525,0.424242424,0.131313131,0.090909091,0.232323232,0,0.313131313,0.131313131,0.141414141,0.353535354,0.363636364,0.091836735,0.838383838,0.535353535,0.808080808,,,,,,,,,,,,,,,,,,,,,,,,,,,,,,,0.355644884,0.332048375,,,0,0,0.01010101,0,0,0,0,0,0,0,0,0,0,0,0.01010101,0.646464646,0.676767677,0.212121212,0,0,0,0.222222222,0.252525253,0.242424242,0.353535354,0.454545455,0.070707071,0.878787879,0.656565657,0.868686869,,,,,,,,,,,,,,,,,,,,,,,,,,,,,,,0.001346801,0.369023569,,,0,0,0.01010101,0,0,0,0,0,0,0,0,0,0,0,0,0,0.101010101,0.101010101,0,0,0,0.02020202,0.01010101,0.121212121,0,0.01010101,0,0.141414141,0.313131313,0.97979798,,,,,,,,,,,,,,,,,,,,,,,,,,,,,,,0.000673401,0.11986532,,,0.355644884,0.001346801,0.332048375,0.369023569,0.000673401,0.11986532,1.583333333,1.7,2.285714286,2,1.892261905
,,,,100,1760,TRUE,14/02/2024 22:20,,,,,,,,anonymous,en,"i consent, begin the study",female,24,south african,south africa,black,0,yes,multilingual (more than 2),south_african,0,0,15.901,0,pretoria,7.162,7.162,48.087,1,cricket,5.145,5.145,8.789,1,ramaphosa,6.07,6.07,13.6,1,union building,1.118,1.118,5.442,1,everest,1.12,1.12,51.8,1,pap,1.352,1.352,23.933,1,eiffel tower,1.493,1.493,19.731,1,chris brown,0.707,0.707,11.327,1,nightmare,0.625,0.625,3.9,1,sabc,2.635,2.635,6.5,1,kruger national park,1.3,1.3,49.835,1,michelle obama,186.964,186.964,194.983,1,rand,0.749,0.749,2.701,1,dandelion,1.614,1.614,7.948,1,netball,green,,,,,,,,,johannesburg,1.312,1.312,8.6,1,hockey,0.655,0.655,4.496,1,trump,0.54,0.54,6.19,1,union building,0.577,0.577,12,1,everest,0.328,0.328,8.282,1,rice,0.418,0.418,4.496,1,hospital,0.301,0.301,6.801,1,drake,0.484,0.484,3.729,1,twilight,0.351,0.351,4.762,1,mzansi magic,1.827,1.827,13.552,1,johannesburg sightseeing,0.334,0.334,11.531,1,michelle obama,1.6,1.6,16.677,1,dollars,0.246,0.246,3.101,1,petal,0.325,0.325,3.48,1,soccer,100 degrees celsius,0.614,24.74,64.756,8,2,1,1,2,2,3,2,2,2,2,2,2,1,3,3,2,2,2,2,2,2,2,2,2,2,2,3,2,2,2,2,2,3,3,2,2,10,0.03030303,0,0.262626263,0.424242424,0.02020202,0.282828283,0.050505051,0.090909091,0,0.828282828,0,0.051020408,0.909090909,0,0.01010101,0.060606061,0,0.131313131,0.03030303,0.606060606,0,0,0.060606061,0,0,0.01010101,0.12244898,0.838383838,0,0.808080808,,,,,,,,,,,,,,,,,,,,,,,,,,,,,,,0.197340754,0.177860235,,,0,0,0,0,0.787878788,0,0.222222222,0,0,0,0,0.050505051,0,0,0,0,0,0.212121212,0,0.787878788,0,0,0.03030303,0,0,0,0.050505051,0.878787879,0,0.868686869,,,,,,,,,,,,,,,,,,,,,,,,,,,,,,,0.070707071,0.188552189,,,0,0,0,0,0.181818182,0,0.02020202,0,0,0,0,0.02020202,0,0,0,0,0,0.101010101,0,0.181818182,0,0,0,0,0,0,0.02020202,0.141414141,0,0.97979798,,,,,,,,,,,,,,,,,,,,,,,,,,,,,,,0.014814815,0.094949495,,,0.197340754,0.070707071,0.177860235,0.188552189,0.014814815,0.094949495,1.916666667,2.1,2.142857143,2.285714286,2.111309524
,,,,100,1788,TRUE,14/02/2024 22:21,,,,,,,,anonymous,en,"i consent, begin the study",female,46,south african,south africa,black,0,no,bilingual (2),south_african,0,0,18.664,0,johannesburg,12.704,71.634,87.957,8,siya kolisi,9.194,35.956,37.307,4,joe biden,2.571,30.423,31.827,7,or tambo international,5.031,42.095,43.143,4,table  mountain,2.846,30.545,31.746,4,samp and beans,5.482,41.087,42.52,2,groote schuur,2.402,62.563,64.635,7,kanye west,1.976,31.229,32.334,4,long walk to freedom,8.787,66.644,67.805,9,sabc,10.443,20.966,22.562,5,cape town,6.759,26.897,28.062,3,winnie  mandela,9.841,50.021,80.251,5,rand,2.995,19.629,20.704,4,protea,2.118,23.559,24.789,3,rugby,green,,,,,,,,,new york,4.551,6.316,18.66,3,lionel messi,15.824,52.477,53.968,3,putin,5.457,5.457,20.228,1,beckingham palace,12.32,93.506,95.092,3,mount everest,2.636,33.215,34.145,2,oxtail,10.592,24.443,26.642,3,nile  river,2.196,2.196,29.669,1,jayz,2.517,2.517,34.275,1,harry  potter,17.497,48.074,58.984,3,sky news,2.443,32.953,34.125,5,london,2.371,2.371,15.463,1,angela merkel,3.429,3.429,29.96,1,dollar,2.433,2.433,11.724,1,rose,14.961,14.961,27.795,1,football,hot,9.42,24.006,34.326,9,1,1,1,2,1,2,2,1,1,1,1,1,1,1,4,1,2,1,1,1,2,3,1,4,4,1,4,4,4,2,2,1,1,2,1,1,10,0.373737374,0.343434343,0.080808081,0,0.747474747,0.01010101,0,0,0.151515152,0.828282828,0.737373737,0.132653061,0.909090909,0.494949495,0.434343434,0.525252525,0.424242424,0.222222222,0.01010101,0.606060606,0,0.01010101,0,0.141414141,0.02020202,0.02020202,0.142857143,0.838383838,0.535353535,0.808080808,,,,,,,,,,,,,,,,,,,,,,,,,,,,,,,0.349584278,0.286964887,,,0,0,0.323232323,0,0,0,0,0.01010101,0,0,0,0,0,0,0.01010101,0.646464646,0.676767677,0.181818182,0,0.787878788,0,0,0,0.242424242,0,0.02020202,0.272727273,0.878787879,0.656565657,0.868686869,,,,,,,,,,,,,,,,,,,,,,,,,,,,,,,0.022895623,0.348821549,,,0,0,0.141414141,0,0,0,0,0,0,0,0,0,0,0,0,0,0.101010101,0.070707071,0,0.181818182,0,0,0,0.121212121,0,0,0.03030303,0.141414141,0.313131313,0.97979798,,,,,,,,,,,,,,,,,,,,,,,,,,,,,,,0.009427609,0.129292929,,,0.349584278,0.022895623,0.286964887,0.348821549,0.009427609,0.129292929,1.25,1.7,3.142857143,1.428571429,1.880357143
,,,,100,1776,TRUE,14/02/2024 22:21,,,,,,,,anonymous,en,"i consent, begin the study",female,27,african,south africa,black,-1,no,bilingual (2),south_african,0,0,22.45,0,cape town,6.815,16.859,18.266,3,siya kolisi,5.065,25.383,27.067,3,nelson mandela,7.662,9.555,18.182,2,sabc,4.838,7.811,28.043,2,table mountain,4.175,5.438,16.23,2,samp and beans,4.035,5.539,56.177,2,kruger national park,5.03,27.46,37.246,2,vusi nova,3.743,11.497,34.933,3,shakes spear,2.623,19.1,20.823,4,multiply choice group,6.628,67.488,71.797,5,cape town,4.769,6.301,11.985,2,michelle bachelet,7.19,75.021,76.439,3,rands,2.997,4.453,8.246,2,sun flower,2.166,12.597,14.089,4,rugby,green,,,,,,,,,atlanta,3.96,11.908,28.214,4,messi,2.655,7.35,8.458,2,barack obama,4.197,28.414,29.744,3,eiffel tower,2.057,85.432,86.719,3,mount everest,1.787,32.029,33.572,3,macarroni and cheese,2.415,15.764,17.016,2,eiffel tower,34.444,34.444,42.661,1,usher,1.749,6.975,8.135,2,animal farm,1.648,45.959,47.242,4,e!,2.362,11.587,12.932,2,paris,1.68,35.852,36.994,3,michelle obama,1.855,12.695,14.014,2,dollars,1.597,7.405,8.583,2,roses,1.822,8.597,13.403,3,basket ball,100 degrees,1.781,77.584,78.902,6,2,1,1,1,2,2,2,2,2,2,2,2,1,1,3,2,2,2,2,2,1,1,2,2,3,4,4,3,3,2,2,2,3,3,3,3,9,0.424242424,0.343434343,0.373737374,0,0.747474747,0.01010101,0.111111111,0.050505051,0,0,0.737373737,0,0.909090909,0.131313131,0.434343434,0,0.424242424,0.111111111,0.171717172,0.606060606,0.060606061,0.313131313,0.090909091,0.01010101,0,0.363636364,0.12244898,0.838383838,0.535353535,0.03030303,,,,,,,,,,,,,,,,,,,,,,,,,,,,,,,0.284848485,0.245200302,,,0,0,0.01010101,0,0,0,0,0,0,0,0,0.101010101,0,0.141414141,0.01010101,0,0.676767677,0.131313131,0.444444444,0.787878788,0,0.222222222,0.04040404,0,0,0.454545455,0.050505051,0.878787879,0.656565657,0.02020202,,,,,,,,,,,,,,,,,,,,,,,,,,,,,,,0.017508418,0.290909091,,,0,0,0.01010101,0,0,0,0,0,0,0,0,0.696969697,0,0.060606061,0,0,0.101010101,0.131313131,0.03030303,0.181818182,0,0.02020202,0,0,0,0.01010101,0.02020202,0.141414141,0.313131313,0,,,,,,,,,,,,,,,,,,,,,,,,,,,,,,,0.051178451,0.063299663,,,0.284848485,0.017508418,0.245200302,0.290909091,0.051178451,0.063299663,1.75,1.7,3,2.571428571,2.255357143
,,,,100,1750,TRUE,14/02/2024 22:21,,,,,,,,anonymous,en,"i consent, begin the study",female,23,south african,south africa,black,-1,yes,multilingual (more than 2),south_african,0,0,16.374,0,johannesburg,6.501,6.501,10.069,1,lorch,1.401,1.401,8.795,1,nelson,4.901,10.298,19.052,2,taj mahal,0.701,0.701,35.486,1,table mountain,1.101,1.101,12.472,1,sunday kos,0.601,0.601,19.03,1,robben iceland,1.78,1.78,17.787,1,daliwonga,0.768,0.768,16.684,1,long walk to freedom,0.582,0.582,9.302,1,sabc,1.3,1.3,4.658,1,johannesburg,0.8,0.8,5.331,1,opra,0.902,0.902,8.789,1,zar,1.1,1.1,4.993,1,sunflower,0.501,0.501,5.9,1,soccer,green,,,,,,,,,new york,1.172,1.172,7.744,1,ronaldo,0.601,0.601,8.1,1,adel,43.142,43.142,46.283,1,california,2.248,52.449,57.528,2,mount fuji,1.5,1.5,13.967,1,briyan,0.501,0.501,19.097,1,taj mahal,0.3,37.205,37.891,2,chris,0.7,0.7,8.9,1,dark flood,0.301,19.54,24.324,2,mnet,1.101,1.101,3.876,1,paris,0.501,0.501,5.001,1,opra,0.901,0.901,5.801,1,usd,0.401,0.401,7.937,1,lily,0.5,0.5,5.374,1,ruby,100°c,0.771,37.567,38.851,12,1,1,1,1,1,1,1,1,1,1,1,1,1,1,1,1,1,1,1,1,1,1,3,2,1,1,1,1,1,1,1,4,1,4,1,1,9,0.373737374,0.03030303,0.373737374,0,0.747474747,0,0.222222222,0.01010101,0.151515152,0.828282828,0.02020202,0.051020408,0.909090909,0.131313131,0.525252525,0.525252525,0.282828283,0,0,0.03030303,0.02020202,0.01010101,0,0,0,0.363636364,0.081632653,0.838383838,0.090909091,0.050505051,,,,,,,,,,,,,,,,,,,,,,,,,,,,,,,0.291616849,0.152916924,,,0,0,0.01010101,0,0,0,0,0,0,0,0,0,0,0.141414141,0.868686869,0.646464646,0.080808081,0,0,0.03030303,0,0,0,0,0,0.454545455,0,0.878787879,0.03030303,0.01010101,,,,,,,,,,,,,,,,,,,,,,,,,,,,,,,0.068013468,0.142087542,,,0,0,0.01010101,0,0,0,0,0,0,0,0,0,0,0.060606061,0.97979798,0,0.01010101,0,0,0.01010101,0,0,0,0,0,0.01010101,0,0.141414141,0,0,,,,,,,,,,,,,,,,,,,,,,,,,,,,,,,0.07003367,0.011447811,,,0.291616849,0.068013468,0.152916924,0.142087542,0.07003367,0.011447811,1,1,1.428571429,1.857142857,1.321428571
,,,,100,1685,TRUE,14/02/2024 22:21,,,,,,,,anonymous,en,"i consent, begin the study",male,27,south african,south africa,black,-1,yes,multilingual (more than 2),south_african,11.589,346.638,348.466,5,cape town,2.809,9.19,9.8,2,khune,0.582,6.381,6.995,2,mandela,0.466,5.817,6.2,2,suncity,0.561,18.031,18.5,2,table mountain,0.433,14.252,14.701,2,stamp,0.617,5.954,6.401,2,taj mahal,0.53,6.608,7.155,2,young stunna,0.594,15.562,16.082,2,doom,0.56,7.34,7.899,2,mzansi,0.683,11.545,12.157,2,johannesburg,0.595,7.341,7.895,2,michelle's,0.619,18.299,19.9,2,zar,1.219,4.355,4.97,2,protea,0.43,9.942,10.504,2,soccer,green,,,,,,,,,johannesburg,4.342,13.767,14.301,2,messi,3.675,3.675,7.7,1,barac,1.02,1.02,11.754,1,birmingham palace,0.864,0.864,13.966,1,mount fuji,0.684,0.684,9.6,1,lasagna,0.765,0.765,22.479,1,kruger national,0.549,0.549,18.469,1,chris brown,0.998,0.998,9.676,1,act like a man,0.766,0.766,30.766,1,mtv,0.782,0.782,4.492,1,paris,0.669,0.669,9.792,1,winnie mandela,0.817,1.565,26.169,2,zar,0.821,0.821,3.761,1,protea,0.871,0.871,5.867,1,netball,100°c,5.34,57.297,58.601,5,1,1,1,2,1,1,1,2,1,1,1,1,1,1,1,4,1,1,1,1,1,1,4,1,1,1,1,1,1,1,1,2,1,1,2,1,8,0.424242424,0.04040404,0.373737374,0,0.747474747,0,0,0.03030303,0,0,0.02020202,0,0.909090909,0.494949495,0.525252525,0.060606061,0.424242424,0.111111111,0.01010101,0.03030303,0.04040404,0.02020202,0.141414141,0,0.01010101,0.363636364,0.020408163,0.050505051,0.04040404,0.01010101,,,,,,,,,,,,,,,,,,,,,,,,,,,,,,,0.237710438,0.088902632,,,0,0,0.01010101,0,0,0,0,0,0,0,0,0,0,0,0.868686869,0,0.676767677,0.131313131,0,0.03030303,0.060606061,0,0,0,0.03030303,0.454545455,0,0,0,0,,,,,,,,,,,,,,,,,,,,,,,,,,,,,,,0.058585859,0.092255892,,,0,0,0.01010101,0,0,0,0,0,0,0,0,0,0,0,0.97979798,0,0.101010101,0.131313131,0,0.01010101,0,0,0,0,0.01010101,0.01010101,0,0,0,0,,,,,,,,,,,,,,,,,,,,,,,,,,,,,,,0.065993266,0.017508418,,,0.237710438,0.058585859,0.088902632,0.092255892,0.065993266,0.017508418,1.166666667,1.3,1.428571429,1.285714286,1.295238095
,,,,100,1742,TRUE,14/02/2024 22:21,,,,,,,,anonymous,en,"i consent, begin the study",female,26,african,south africa,black,0,yes,multilingual (more than 2),south_african,0,0,26.736,0,johannesburg,1.349,13.146,14.969,2,itumeleng khune,28.514,28.514,44.057,1,cyril ramaphosa,3.543,3.543,14.461,1,union building,4.048,118.428,127.491,2,table mountain,6.648,6.648,13.251,1,braai,60.264,60.264,65.087,1,robben island,32.015,32.015,46.159,1,cassper nyovest,3.943,3.943,11.816,1,"cry, the beloved country",76.185,76.185,87.783,1,the sabc,34.285,34.285,41.045,1,cape town,3.689,3.689,9.396,1,winnie madikizela mandela,10.918,10.918,23.536,1,rand,1.163,1.163,5.101,1,lily,20.438,42.173,45.859,2,rugby,green,,,,,,,,,johannesburg,40.192,71.824,73.069,3,cristiano ronaldo,10.851,48.553,63.679,2,barak obama,1.147,5.396,14.932,2,new york times building,41.474,52.058,54.722,2,mount everest,39.824,39.824,56.592,1,pasta,5.905,5.905,9.126,1,eiffel tower,15.902,15.902,26.88,1,drake,2.793,6.774,13.441,2,harry potter and the philosopher’s stone,22.315,22.315,45.621,1,bbc,26.751,26.751,52.479,1,new york,25.296,25.296,30.232,1,queen elizabeth,35.481,35.481,43.987,1,dollar,24.13,24.13,28.214,1,iris,13.063,13.063,17.21,1,soccer,100 degree celsius,1.757,43.243,61.918,5,2,2,1,2,2,2,2,1,2,1,1,1,1,1,3,1,1,2,1,1,1,1,3,1,3,1,2,3,1,1,1,3,3,3,3,3,10,0.373737374,0.04040404,0.262626263,0.424242424,0.747474747,0.04040404,0.222222222,0.03030303,0.03030303,0.828282828,0.737373737,0.132653061,0.909090909,0.01010101,0.434343434,0.060606061,0.282828283,0.111111111,0,0.606060606,0.232323232,0.313131313,0.060606061,0.141414141,0.353535354,0.121212121,0.091836735,0.838383838,0,0.808080808,,,,,,,,,,,,,,,,,,,,,,,,,,,,,,,0.348237477,0.268075311,,,0,0,0,0,0,0,0,0,0,0,0,0,0,0.03030303,0.01010101,0,0.080808081,0.131313131,0,0.787878788,0.161616162,0.222222222,0.03030303,0.242424242,0.353535354,0.121212121,0.070707071,0.878787879,0,0.868686869,,,,,,,,,,,,,,,,,,,,,,,,,,,,,,,0.002693603,0.263299663,,,0,0,0,0,0,0,0,0,0,0,0,0,0,0,0,0,0.01010101,0.131313131,0,0.181818182,0.03030303,0.02020202,0,0.121212121,0,0,0,0.141414141,0,0.97979798,,,,,,,,,,,,,,,,,,,,,,,,,,,,,,,0,0.107744108,,,0.348237477,0.002693603,0.268075311,0.263299663,0,0.107744108,1.583333333,1.3,2,2.428571429,1.82797619
,,,,100,1993,TRUE,14/02/2024 22:22,,,,,,,,anonymous,en,"i consent, begin the study",female,41,south african,south africa,black,-1,yes,multilingual (more than 2),south_african,0,0,21.559,0,cape town,8.908,10.95,17.757,4,themba zwane,2.458,4.49,47.983,4,nelson mandela,2.298,11.707,13.238,5,union building,3.099,12.102,13.437,5,drakensberg,2.277,5.041,14.121,6,lasange,3.736,6.296,17.09,5,kruger national park,2.246,4.669,41.44,5,justin timberlake,3.131,5.519,92.661,4,the law of attraction,2.173,5.1,29.336,4,sabc,2.554,4.756,37.731,5,new york,2.368,7.978,24.813,6,oprah whinfrey,2.528,5.61,38.813,4,zar,2.212,7.693,9.079,6,petunia,2.071,3.973,8.947,4,basketball,green,,,,,,,,,spain,24.214,45.033,46.474,4,mohammed salah,7.728,38.462,57.613,3,mahatma ghandi,3.642,38.234,97.837,2,the union building,2.575,30.65,32.153,2,mount kilimanjaro,3.083,17.051,20.08,2,briyani,2.237,11.083,12.868,3,statue of liberty,3.364,5.166,47.149,2,chris brown,3.893,15.698,17.265,2,the law of attraction,1.931,14.451,14.922,3,sabc,4.328,31.154,46.992,3,france,2.496,40.154,40.631,3,oprah winfrey,2.713,12.321,13.675,2,pound,2.697,9.955,11.246,3,rosemarry,1.832,9.031,10.156,3,soccer,100 degrees celcius,2.982,44.76,56.342,9,1,2,2,2,2,2,2,2,2,1,1,2,1,1,1,1,1,1,1,1,1,2,4,3,4,1,4,4,4,2,2,4,4,4,4,4,9,0.424242424,0.01010101,0.373737374,0.424242424,0.070707071,0,0.111111111,0,0,0.828282828,0.01010101,0.051020408,0.909090909,0,0,0,0,0,0.03030303,0.232323232,0.02020202,0.161616162,0.141414141,0,0.121212121,0,0.081632653,0.050505051,0,0.808080808,,,,,,,,,,,,,,,,,,,,,,,,,,,,,,,0.214175771,0.109819281,,,0,0,0.01010101,0,0,0,0,0,0,0,0.121212121,0,0,0,0.02020202,0,0,0,0,0,0,0.101010101,0,0,0,0,0,0,0,0.868686869,,,,,,,,,,,,,,,,,,,,,,,,,,,,,,,0.01010101,0.064646465,,,0,0,0.01010101,0,0,0,0,0,0,0,0,0,0,0,0,0,0,0,0,0,0,0.02020202,0,0,0,0,0,0,0,0.97979798,,,,,,,,,,,,,,,,,,,,,,,,,,,,,,,0.000673401,0.066666667,,,0.214175771,0.01010101,0.109819281,0.064646465,0.000673401,0.066666667,1.75,1.1,3.428571429,3.428571429,2.426785714
,,,,100,1937,TRUE,14/02/2024 22:23,,,,,,,,anonymous,en,"i consent, begin the study",male,23,african,south africa,black,-1,yes,multilingual (more than 2),south_african,0,0,14.586,0,cape town,12.31,20.192,36.277,5,percy tau,4.302,4.302,40.253,1,nelson mandela,1.176,1.176,48.827,1,union building,2.263,2.263,42.477,1,table mountain,2.127,2.127,10.459,1,mogodu,2.123,2.123,8.688,1,table mountain,50.663,50.663,60.32,1,dax,2.364,2.364,10.067,1,romeo and juliet,1.793,1.793,12.609,1,sabc,2.998,2.998,8.151,1,cape town,26.694,26.694,37.099,1,helle thorning,69.492,69.492,83.438,1,rands,6.436,6.436,12.871,1,sunflower,50.034,50.034,57.807,1,football,grass,,,,,,,,,manchester city,5.033,5.033,30.784,1,erling haaland,1.326,1.326,15.424,1,judy smith,1.964,12.612,19.497,2,the eiffel tower,41.724,41.724,56.576,1,kilimanjaro,24.582,24.582,38.183,1,pap and steak,12.185,12.185,21.653,1,the eiffel tower,1.835,18.501,35.951,3,eminem,2.23,2.23,7.033,1,romeo and juliet,2.121,2.121,20.971,1,sabc,7.615,7.615,12.065,1,new york,23.196,23.196,33.61,1,janet yellen,2.192,2.192,43.045,1,dollar,2.535,2.535,38.553,1,sunflower,4.749,4.749,10.381,1,football,100 degrees celsius,2.455,69.336,79.94,3,1,2,2,1,1,1,2,2,2,2,1,3,3,3,2,1,1,1,1,1,1,1,4,2,4,2,1,3,2,1,1,1,1,2,2,2,8,0.424242424,0.03030303,0.373737374,0.424242424,0.747474747,0.03030303,0.171717172,0,0.01010101,0.828282828,0.737373737,0,0.909090909,0.131313131,0.525252525,0,0,0,0.171717172,0.232323232,0.01010101,0.313131313,0.03030303,0,0.121212121,0.121212121,0,0.838383838,0.212121212,0.808080808,,,,,,,,,,,,,,,,,,,,,,,,,,,,,,,0.356228956,0.190572391,,,0,0,0.01010101,0,0,0,0,0,0.01010101,0,0,0,0,0.141414141,0.868686869,0,0,0,0.444444444,0,0,0.222222222,0.03030303,0.01010101,0,0.121212121,0,0.878787879,0.141414141,0.868686869,,,,,,,,,,,,,,,,,,,,,,,,,,,,,,,0.068686869,0.181144781,,,0,0,0.01010101,0,0,0,0,0,0,0,0,0,0,0.060606061,0.97979798,0,0,0,0.03030303,0,0,0.02020202,0,0,0,0,0,0.141414141,0.060606061,0.97979798,,,,,,,,,,,,,,,,,,,,,,,,,,,,,,,0.07003367,0.082154882,,,0.356228956,0.068686869,0.190572391,0.181144781,0.07003367,0.082154882,1.666666667,1.5,2.571428571,1.428571429,1.791666667
,,,,100,1651,TRUE,14/02/2024 22:23,,,,,,,,anonymous,en,"i consent, begin the study",male,26,south african,south africa,black,0,yes,multilingual (more than 2),south_african,0,0,11.715,0,cape town,5.359,5.359,14.108,1,itumeleng kune,1.128,1.128,17.088,1,putin,0.855,0.855,7.714,1,state empire,1.112,1.112,13.237,1,drakensberg,0.59,13.534,19.89,6,umngqusho,0.628,17.724,21.06,2,table mountain,0.698,0.698,8.04,1,a.k.a,0.565,0.565,15.179,1,surrounded by idiots,0.758,0.758,10.668,1,sabc,0.652,0.652,6.826,1,sandton,0.398,9.134,13.298,3,nkosazana dlamini zuma,0.48,7.192,19.645,2,rand,0.675,1.027,4.135,2,sunflower,0.473,0.777,7.495,2,rugby,green,,,,,,,,,london,0.605,9.283,12.679,2,cristiano ronaldo,0.268,13.276,68.298,2,putin,0.632,0.632,4.494,1,eiffel tower,0.226,12.194,14.511,2,mount everest,0.415,0.415,11.787,1,sushi,0.856,145.84,148.756,2,the gherkin,0.696,65.419,67.451,2,usher,0.691,0.691,17.838,1,harry potter and the philosopher's stone,0.801,59.665,61.509,4,cnn,1.248,2.544,6.045,2,paris,0.626,0.626,5.056,1,queen elizabeth,3.671,47.039,52.387,2,usd,0.573,9.478,9.701,2,sunflower,0.438,0.438,4.9,1,soccer,100 degrees celsius,0.695,60.158,73.416,9,1,1,1,1,1,1,1,1,1,1,1,1,1,1,1,1,1,1,1,2,1,1,2,3,3,1,3,3,3,1,1,1,1,1,1,1,9,0.424242424,0.04040404,0.080808081,0.050505051,0.070707071,0,0.171717172,0.111111111,0,0.828282828,0,0.06122449,0.909090909,0.131313131,0.434343434,0.080808081,0.282828283,0.222222222,0.171717172,0.606060606,0.161616162,0,0.090909091,0.141414141,0.111111111,0.363636364,0.091836735,0.838383838,0.212121212,0.808080808,,,,,,,,,,,,,,,,,,,,,,,,,,,,,,,0.220916649,0.278849722,,,0,0,0.181818182,0.313131313,0,0,0,0,0,0,0,0,0,0.141414141,0.01010101,0.080808081,0.080808081,0.181818182,0.444444444,0.787878788,0.060606061,0,0.04040404,0.242424242,0.343434343,0.454545455,0.070707071,0.878787879,0.141414141,0.868686869,,,,,,,,,,,,,,,,,,,,,,,,,,,,,,,0.043097643,0.311784512,,,0,0,0.070707071,0,0,0,0,0,0,0,0,0,0,0.060606061,0,0,0.01010101,0.070707071,0.03030303,0.181818182,0,0,0,0.121212121,0.04040404,0.01010101,0,0.141414141,0.060606061,0.97979798,,,,,,,,,,,,,,,,,,,,,,,,,,,,,,,0.008754209,0.10976431,,,0.220916649,0.043097643,0.278849722,0.311784512,0.008754209,0.10976431,1,1.1,2.571428571,1,1.417857143
,,,,100,1868,TRUE,14/02/2024 22:24,,,,,,,,anonymous,en,"i consent, begin the study",male,33,south african,south africa,black,0,no,multilingual (more than 2),south_african,0,0,19.14,0,durban,22.71,28.431,46.601,2,siya kulisi,19.333,19.333,78.691,1,vladimir putin,2.346,80.633,88.254,2,union building,2.938,2.938,15.774,1,mount kilimanjaro,1.871,55.95,66.436,3,spaghetti bolognaise,67.006,67.006,69.241,1,table mountain,51.193,51.193,60.116,1,usher,2.488,2.488,11.923,1,the president's keepers,2.068,2.068,36.184,1,supersport,3.042,3.042,7.798,1,cape town,1.704,11.784,14.851,2,naledi pandor,3.002,3.002,46.214,1,south african rand (zar),2.184,30.392,57.226,2,proteas,2.533,2.533,8.057,1,soccer,green,,,,,,,,,new york,5.638,5.638,12.754,1,messi,2.215,2.215,6.083,1,barack obama,0.82,19.684,22.031,2,empire state,1.676,1.676,30.552,1,mount everest,1.152,1.152,36.844,1,pizza,1.367,1.367,7.179,1,empire state,80.96,86.763,87.376,2,drake,0.993,0.993,16.221,1,the lord of the rings,32.938,32.938,40.938,1,bbc,2.165,2.165,13.153,1,london,1.095,1.095,40.196,1,queen elizabeth,2.168,83.008,83.972,5,us dollar,2.067,2.067,9.327,1,lily,1.474,1.474,39.151,1,soccer,100 degrees celsius,1.819,57.618,60.197,4,1,2,2,1,2,2,2,3,2,2,2,1,2,2,3,2,2,1,2,1,1,4,4,2,3,1,2,2,2,3,3,3,3,4,4,2,10,0.101010101,0.343434343,0.080808081,0.424242424,0.101010101,0.060606061,0.171717172,0.070707071,0,0,0.737373737,0.112244898,0.909090909,0.494949495,0.525252525,0.525252525,0.424242424,0.111111111,0.252525253,0.606060606,0.090909091,0,0.060606061,0.03030303,0.353535354,0.02020202,0.091836735,0.838383838,0.090909091,0.808080808,,,,,,,,,,,,,,,,,,,,,,,,,,,,,,,0.275496461,0.28693053,,,0,0,0.181818182,0,0,0.161616162,0,0.04040404,0,0,0,0,0,0,0.868686869,0.646464646,0.676767677,0.131313131,0.313131313,0.787878788,0.292929293,0,0.03030303,0.101010101,0.353535354,0.02020202,0.070707071,0.878787879,0.03030303,0.868686869,,,,,,,,,,,,,,,,,,,,,,,,,,,,,,,0.083501684,0.346801347,,,0,0,0.070707071,0,0,0.03030303,0,0,0,0,0,0,0,0,0.97979798,0,0.101010101,0.131313131,0,0.181818182,0,0,0,0.01010101,0,0,0,0.141414141,0,0.97979798,,,,,,,,,,,,,,,,,,,,,,,,,,,,,,,0.072053872,0.103030303,,,0.275496461,0.083501684,0.28693053,0.346801347,0.072053872,0.103030303,1.833333333,2,2.285714286,3.142857143,2.31547619
,,,,100,1237,TRUE,14/02/2024 22:26,,,,,,,,anonymous,en,"i consent, begin the study",male,24,zimbabwean,south africa,,0,yes,multilingual (more than 2),south_african,0,0,6.306,0,pretoria,8.363,9.879,13.614,3,siya kolisi,1.723,1.723,11.598,1,nelson mandela,5.597,5.597,12.733,1,church square,1.936,1.936,8.276,1,drankensberg,1.382,1.382,7.783,1,pap and vors,5.788,9.901,15.277,2,kruger park,1.9,1.9,24.499,1,kwesta,1.974,1.974,17.701,1,long walk to freedom,1.601,1.601,38.204,1,sabc,2.166,2.166,5.701,1,cape town,1.682,1.682,7.682,1,winnie mandela,1.354,1.354,10.444,1,rand,14.634,14.634,20.284,1,rose,2.138,2.138,7.637,1,rugby,green,,,,,,,,,pretoria,10.582,10.582,19.167,1,cristiano ronaldo,2.903,2.903,10.738,1,nelson mandela,1.295,9.245,29.281,2,vodacom building,3.018,3.018,11.85,1,drankensberg,2.669,2.669,10.272,1,pap and vors,1.319,1.319,6.932,1,kruger park,2.23,2.23,29.985,1,casper nyovest,1.451,1.451,9.732,1,long walk to freedom,3.788,3.788,19.703,1,sabc,1.538,1.538,8.804,1,cape town,1.981,1.981,6.301,1,winnie mandela,1.265,1.265,6.703,1,south african rand,1.376,1.376,13.376,1,rose,1.87,1.87,7.743,1,football,100 degrees,7.097,60.545,62.584,3,1,2,2,1,2,2,1,3,1,1,1,2,1,1,1,1,1,1,1,1,1,1,4,2,4,2,3,4,3,2,2,4,4,4,2,2,9,0.03030303,0.343434343,0.373737374,0,0.070707071,0.282828283,0.111111111,0,0.151515152,0.828282828,0.737373737,0.132653061,0.909090909,0.272727273,0.434343434,0.02020202,0.282828283,0.101010101,0,0.01010101,0.01010101,0.02020202,0,0.02020202,0.121212121,0.121212121,0.020408163,0.050505051,0.535353535,0.808080808,,,,,,,,,,,,,,,,,,,,,,,,,,,,,,,0.31187384,0.141427884,,,0,0,0.01010101,0,0,0,0,0,0,0,0,0,0,0.656565657,0.01010101,0,0.080808081,0.01010101,0,0,0,0,0,0,0,0,0,0,0.656565657,0.868686869,,,,,,,,,,,,,,,,,,,,,,,,,,,,,,,0.045117845,0.107744108,,,0,0,0.01010101,0,0,0,0,0,0,0,0,0,0,0.313131313,0,0,0.01010101,0.01010101,0,0,0,0,0,0,0,0,0,0,0.313131313,0.97979798,,,,,,,,,,,,,,,,,,,,,,,,,,,,,,,0.021548822,0.087542088,,,0.31187384,0.045117845,0.141427884,0.107744108,0.021548822,0.087542088,1.583333333,1,3.142857143,2.857142857,2.145833333
,,,,100,2340,TRUE,14/02/2024 22:27,,,,,,,,anonymous,en,"i consent, begin the study",male,28,south african,south africa,black,0,yes,multilingual (more than 2),south_african,0,0,19.659,0,cape town,3.335,3.335,10.308,1,ronwen williams,2.486,33.354,40.576,3,nelson mandela,2.224,2.224,18.796,1,the vodacom tower,5.214,33.774,47.74,3,table mountain,2.154,2.154,8.893,1,pap and wors,6.74,6.74,21.861,1,kruger national park,2.835,2.835,69.092,1,young stunna,10.605,10.605,32.041,1,long walk to freedom,2.616,2.616,38.578,1,sabc,3.326,3.326,7.708,1,cape town,3.295,3.295,14.881,1,nkosazana dlamini-zuma,2.18,2.18,13.869,1,rand,3.203,3.203,9.242,1,protea flower,8.09,8.09,16.49,1,soccer,green,,,,,,,,,rio de janeiro,29.666,58.945,66.724,2,messi,8.07,8.07,13.482,1,barack obama,7.053,7.053,33.074,1,empire state building,3.15,3.15,14.164,1,mount everest,3.158,3.158,9.765,1,mac and cheese,1.916,16.21,20.044,2,the statue of liberty,30.943,30.943,41.225,1,chris brown,3.636,3.636,15.544,1,"rich dad, poor dad",1.969,24.069,30.507,2,sky sports,4.35,4.35,16.767,1,tokyo,2.876,2.876,318.635,1,oprah winfrey,2.347,2.347,31.462,1,dollar,2.388,2.388,15.493,1,rose,2.305,2.305,6.992,1,football,100 degrees celsius,1.829,16.506,100.867,2,1,2,2,2,2,1,2,2,1,1,1,2,1,1,3,1,2,1,2,2,2,2,2,3,3,2,3,3,3,1,2,2,2,2,2,2,9,0.424242424,0.060606061,0.373737374,0,0.747474747,0.282828283,0.111111111,0.03030303,0.151515152,0.828282828,0.737373737,0.06122449,0.909090909,0.494949495,0.525252525,0,0.424242424,0.111111111,0.252525253,0.606060606,0.060606061,0.161616162,0.141414141,0.090909091,0.02020202,0.02020202,0.081632653,0.838383838,0.535353535,0.808080808,,,,,,,,,,,,,,,,,,,,,,,,,,,,,,,0.382532811,0.276822648,,,0,0,0.01010101,0,0,0,0,0,0,0,0,0,0,0,0.868686869,0,0.676767677,0.131313131,0.313131313,0.787878788,0,0.101010101,0,0,0,0.02020202,0,0.878787879,0.656565657,0.868686869,,,,,,,,,,,,,,,,,,,,,,,,,,,,,,,0.058585859,0.295622896,,,0,0,0.01010101,0,0,0,0,0,0,0,0,0,0,0,0.97979798,0,0.101010101,0.131313131,0,0.181818182,0,0.02020202,0,0,0,0,0,0.141414141,0.313131313,0.97979798,,,,,,,,,,,,,,,,,,,,,,,,,,,,,,,0.065993266,0.124579125,,,0.382532811,0.058585859,0.276822648,0.295622896,0.065993266,0.124579125,1.583333333,1.7,2.714285714,1.857142857,1.963690476
,,,,100,2259,TRUE,14/02/2024 22:30,,,,,,,,anonymous,en,"i consent, begin the study",male,24,south african,south africa,black,-1,no,multilingual (more than 2),south_african,0,0,10.976,0,cape town,4.273,4.273,15.402,1,siya kolisi,3,3,25.502,1,cyril ramaphosa,2.714,2.714,36.844,1,carlton center,3.068,3.068,16.87,1,table mountain,5.515,5.515,38.511,1,beef tripe,2.942,6.387,30.663,2,constitution hill,29.056,29.056,66.292,1,musa keys,2.184,2.184,14.003,1,the art of hustling,4.191,44.196,59.751,2,sabc,3.108,3.108,10.634,1,cape town,3.94,3.94,13.662,1,naledi pandor,8.928,8.928,46.795,1,rand,2.655,2.655,8.002,1,sunflower,2.824,17.064,32.048,2,soccer,green,,,,,,,,,new york,25.124,25.124,38.089,1,christiano ronaldo,3.814,3.814,38.473,1,obama,24.638,24.638,31.335,1,burj khalifa,5.927,5.927,58.289,1,table mountain,2.554,2.554,20.214,1,ramen,2.508,2.508,8.213,1,airport,1.91,1.91,39.815,1,kendrick lamar,1.601,1.601,27.501,1,the great gatsby,2.767,2.767,34.401,1,bbc,3.145,3.145,9.589,1,cape town,4.417,4.417,16.203,1,hillary clinton,17.19,17.19,38.021,1,dollar,2.393,2.393,12.402,1,rose,8.918,8.918,15.197,1,football,fahrenheit,6.617,138.283,143.449,7,1,1,2,1,1,1,1,1,2,1,1,1,1,1,1,2,1,1,3,1,1,1,4,4,4,1,1,4,1,1,1,1,1,1,1,2,9,0.424242424,0.343434343,0.262626263,0.060606061,0.747474747,0.02020202,0,0,0,0.828282828,0.737373737,0.112244898,0.909090909,0.131313131,0.525252525,0.525252525,0.282828283,0.111111111,0.03030303,0.080808081,0.02020202,0,0,0.050505051,0.353535354,0.121212121,0.071428571,0.838383838,0.535353535,0.808080808,,,,,,,,,,,,,,,,,,,,,,,,,,,,,,,0.340142926,0.255266955,,,0,0,0,0,0,0,0,0,0,0,0,0,0,0.141414141,0.868686869,0.646464646,0.080808081,0.131313131,0.01010101,0,0.02020202,0,0,0,0.353535354,0,0.090909091,0.878787879,0.656565657,0.868686869,,,,,,,,,,,,,,,,,,,,,,,,,,,,,,,0.067340067,0.249158249,,,0,0,0,0,0,0,0,0,0,0,0,0,0,0.060606061,0.97979798,0,0.01010101,0.131313131,0,0,0,0,0,0,0,0,0.03030303,0.141414141,0.313131313,0.97979798,,,,,,,,,,,,,,,,,,,,,,,,,,,,,,,0.069360269,0.107070707,,,0.340142926,0.067340067,0.255266955,0.249158249,0.069360269,0.107070707,1.166666667,1.3,2.714285714,1.142857143,1.580952381
,,,,100,2068,TRUE,14/02/2024 22:30,,,,,,,,anonymous,en,"i consent, begin the study",male,25,south african,south africa,black,0,no,bilingual (2),south_african,0,0,15.301,0,cape town,3.66,24.565,26.163,5,khune,2.181,24.694,25.402,3,ramaphosa,2.4,12.317,15.127,2,union building,14.941,30.379,33.5,3,table mountain,1.712,16.237,19.101,2,strretwise,9.144,29.701,32.782,2,robben island,25.001,49.749,72.695,2,casper nyovest,2.867,10.853,13.535,2,bible,8.05,12.296,15.37,2,dstv,2.194,15.517,18.1,2,durban,21.794,29.813,33.636,3,helen zille,5.374,64.67,68.295,3,rand,23.4,32.666,36.24,3,rose,4.111,7.81,10.953,2,football,green,,,,,,,,,new york,15.665,30.065,31.83,4,jordan,5.195,19.997,24.557,3,putin,3.521,14.882,24.402,3,effiel tower,1.151,1.151,16.09,1,mount everest,2.198,2.198,36.394,1,sphaghetti and meatballs,4.757,4.757,24.295,1,pyramids,1.362,1.362,48.665,1,usher,1.981,1.981,10.355,1,bible,1.176,1.176,12.201,1,espn,2.345,2.345,62.036,1,las vegas,12.362,12.362,53.966,1,clinton,24.575,24.575,39.7,1,dollar,2.159,2.159,45.801,1,rose,3.465,3.465,8.235,1,football,100 degrees c,0.38,32.766,42.984,3,3,2,2,1,2,2,2,1,1,2,2,3,1,1,1,2,2,3,2,1,1,2,2,1,2,2,2,1,2,4,3,3,3,4,4,3,9,0.424242424,0.04040404,0.262626263,0.424242424,0.747474747,0,0.222222222,0.03030303,0.080808081,0.03030303,0.101010101,0,0.909090909,0.272727273,0.525252525,0.525252525,0.02020202,0.222222222,0.171717172,0.606060606,0.232323232,0.070707071,0.090909091,0.171717172,0.04040404,0.01010101,0.071428571,0.838383838,0.535353535,0.808080808,,,,,,,,,,,,,,,,,,,,,,,,,,,,,,,0.271380471,0.294324194,,,0,0,0,0,0,0,0,0,0.212121212,0,0,0,0,0.656565657,0.868686869,0.646464646,0.02020202,0.181818182,0.444444444,0.787878788,0.161616162,0.04040404,0.04040404,0.212121212,0.02020202,0,0.090909091,0.878787879,0.656565657,0.868686869,,,,,,,,,,,,,,,,,,,,,,,,,,,,,,,0.115824916,0.336700337,,,0,0,0,0,0,0,0,0,0.080808081,0,0,0,0,0.313131313,0.97979798,0,0,0.070707071,0.03030303,0.181818182,0.03030303,0,0,0.080808081,0,0,0.03030303,0.141414141,0.313131313,0.97979798,,,,,,,,,,,,,,,,,,,,,,,,,,,,,,,0.091582492,0.123905724,,,0.271380471,0.115824916,0.294324194,0.336700337,0.091582492,0.123905724,1.916666667,1.6,1.714285714,3.428571429,2.164880952
,,,,100,2453,TRUE,14/02/2024 22:30,,,,,,,,anonymous,en,"i consent, begin the study",female,32,south african,south africa,black,0,yes,multilingual (more than 2),south_african,0,0,31.78,0,johannesburg,2.781,2.781,5.687,1,simphiwe shabalala,4.354,4.354,22.797,1,imboni,1.828,1.828,6,1,reserve bank,1.569,1.569,16.866,1,table mountain,1.548,1.548,12.365,1,beef and rice,0.963,0.963,11.4,1,eiffel tower,1.836,1.836,19.079,1,ringo,4.68,4.68,8.201,1,introduction to africa spirituality,2.464,2.464,20.387,1,sabc,3.293,3.293,9.141,1,capetown,3.089,3.089,9.701,1,nkosazane zuma,5.492,5.492,15.7,1,rands,1.609,1.609,4.795,1,red flower,1.496,1.496,8.659,1,soccer,green,,,,,,,,,johannesburg,23.359,23.359,31.661,1,christiano ronaldo,11.994,72.875,73.961,3,imboni,3.51,220.823,221.305,2,reserve bank,7.01,24.634,25.144,2,table mountain,1.354,15.072,15.501,2,beef and rice,2.738,22.031,22.401,2,eiffel tower,56.818,116.017,116.638,2,justine,8.688,22.062,22.686,2,introduction to african spirituality,5.391,28.258,28.986,2,sabc,6.471,11.872,12.576,2,johannesburg,5.178,5.178,9.571,1,michelle obama,42.624,56.866,58.843,2,rand,2.646,5.683,7.401,2,red flower,1.561,9.176,11.104,2,netball,38,2.895,14.857,26.27,3,1,3,3,3,3,2,2,3,3,1,2,2,2,1,3,2,1,2,1,1,1,2,3,1,2,2,2,3,3,1,1,1,2,3,2,2,10,0.373737374,0.01010101,0,0,0.747474747,0,0.050505051,0.01010101,0,0.828282828,0.737373737,0.06122449,0.909090909,0,0.525252525,0.060606061,0.282828283,0,0,0.080808081,0.02020202,0.313131313,0,0,0.121212121,0.01010101,0.12244898,0.050505051,0,0.01010101,,,,,,,,,,,,,,,,,,,,,,,,,,,,,,,0.283542912,0.071462929,,,0,0,0,0,0,0,0.222222222,0,0,0,0,0,0,0,0.868686869,0,0.080808081,0,0,0,0,0.222222222,0,0,0,0,0.050505051,0,0,0,,,,,,,,,,,,,,,,,,,,,,,,,,,,,,,0.072727273,0.023569024,,,0,0,0,0,0,0,0.02020202,0,0,0,0,0,0,0,0.97979798,0,0.01010101,0,0,0,0,0.02020202,0,0,0,0,0.02020202,0,0,0,,,,,,,,,,,,,,,,,,,,,,,,,,,,,,,0.066666667,0.003367003,,,0.283542912,0.072727273,0.071462929,0.023569024,0.066666667,0.003367003,2.333333333,1.6,2.285714286,1.714285714,1.983333333
,,,,100,2079,TRUE,14/02/2024 22:31,,,,,,,,anonymous,en,"i consent, begin the study",male,23,south african,south africa,mixed,0,yes,bilingual (2),south_african,0,0,29.197,0,cape town,3.52,6.452,17.414,2,cheslin kolbe,6,6,39.535,1,cyril ramaphosa,1.551,23.839,42.846,3,parliament,1.295,1.295,20.118,1,table mountain,1.588,1.588,15.851,1,curry,1.39,1.39,14.235,1,table mountain,33.137,33.137,49.75,1,chris brown,2.976,2.976,37.167,1,the bybel,2.201,2.201,17.809,1,sabc,1.758,1.758,9.053,1,cape town,6.195,6.195,16.925,1,the queen,92.126,92.126,101.662,1,rand,7.527,7.527,13.636,1,sunflower,5.378,5.378,21.839,1,soccer,green,,,,,,,,,new york,1.874,7.706,19.228,2,lebron james,1.039,1.039,17.131,1,prince harry,2.476,2.476,15.883,1,police station,1.162,1.162,43.94,1,mount everest,2.156,2.156,22.435,1,curry,2.329,2.329,26.961,1,statue of liberty,1.32,1.32,45.302,1,chris brown,1.401,1.401,15.368,1,the bybel,1.248,1.248,9.651,1,sabc,1.831,1.831,15.867,1,paris,1.793,1.793,10.274,1,the queen,1.046,1.046,24.676,1,dollars,1.575,1.575,11.492,1,sunflower,1.267,1.267,8.802,1,soccer,100c,2.541,39.723,51.328,4,1,1,1,1,1,1,1,1,1,1,1,1,4,4,1,1,1,1,1,4,1,1,1,1,4,1,4,4,1,2,3,4,4,4,4,4,8,0.424242424,0.01010101,0.262626263,0.050505051,0.747474747,0.04040404,0.171717172,0.090909091,0.080808081,0.828282828,0.737373737,0.06122449,0.909090909,0.131313131,0.525252525,0.525252525,0.02020202,0,0,0.606060606,0.01010101,0.161616162,0.141414141,0.171717172,0.121212121,0.363636364,0.091836735,0.838383838,0.212121212,0.808080808,,,,,,,,,,,,,,,,,,,,,,,,,,,,,,,0.338088367,0.271442314,,,0,0,0,0,0,0,0,0,0.212121212,0,0,0.070707071,0,0.141414141,0.868686869,0.646464646,0,0,0,0.787878788,0,0.101010101,0,0.212121212,0,0.454545455,0.070707071,0.878787879,0.141414141,0.868686869,,,,,,,,,,,,,,,,,,,,,,,,,,,,,,,0.086195286,0.277441077,,,0,0,0,0,0,0,0,0,0.080808081,0,0,0,0,0.060606061,0.97979798,0,0,0,0,0.181818182,0,0.02020202,0,0.080808081,0,0.01010101,0,0.141414141,0.060606061,0.97979798,,,,,,,,,,,,,,,,,,,,,,,,,,,,,,,0.074747475,0.098316498,,,0.338088367,0.086195286,0.271442314,0.277441077,0.074747475,0.098316498,1,1.9,2.285714286,3.571428571,2.189285714
,,,,100,1617,TRUE,14/02/2024 22:32,,,,,,,,anonymous,en,"i consent, begin the study",male,28,south africa,south africa,black,-1,yes,multilingual (more than 2),south_african,0,0,23.346,0,durban,24.733,24.733,30.99,1,christiano ronaldo,9.327,9.327,36.006,1,god,8.4,8.4,19.08,1,union building,2.406,2.406,13.594,1,table mountain,2.44,2.44,14.26,1,sushi,1.84,1.84,26.602,1,vaccine,36.603,89.32,94.26,2,lil wayne,3.014,3.014,10.583,1,bible,1.825,1.825,17.504,1,sabc,4.593,4.593,21.301,1,sun city,3.678,3.678,12.904,1,queen elizabeth,51.023,51.023,59.985,1,rand,2.096,2.096,10.882,1,protea,1.67,1.67,12.756,1,soccer,green,,,,,,,,,new york,4.876,4.876,14.502,1,christiano ronaldo,2.066,2.066,19.876,1,queen elizabeth,2.049,2.049,8.678,1,empire state building,1.584,1.584,37.806,1,kilimanjaro,1.445,1.445,15.069,1,sushi,2.017,2.017,9.805,1,vaccine,1.533,1.533,9.702,1,lil wayne,1.667,1.667,6.559,1,bible,1.217,1.217,5.772,1,sabc,1.746,1.746,8.4,1,sun city,1.835,8.973,9.804,2,queen elizabeth,1.804,1.804,8.506,1,dollar,1.406,6.613,8.303,2,protea,1.941,1.941,7.408,1,soccer,140°,1.742,14.358,47.585,5,1,1,2,2,2,3,4,2,4,1,1,2,3,4,1,2,2,2,2,1,1,2,4,2,2,2,1,2,2,1,1,1,2,2,3,2,8,0.101010101,0.04040404,0,0.424242424,0.747474747,0.03030303,0,0,0.080808081,0.828282828,0,0.06122449,0.909090909,0.494949495,0.525252525,0.525252525,0.282828283,0.01010101,0.252525253,0.232323232,0.161616162,0,0.01010101,0.171717172,0.121212121,0,0.091836735,0.838383838,0.04040404,0.808080808,,,,,,,,,,,,,,,,,,,,,,,,,,,,,,,0.282869511,0.236425479,,,0,0.080808081,0,0,0,0.060606061,0,0,0.212121212,0,0,0.070707071,0,0,0.868686869,0.646464646,0.080808081,0,0.313131313,0,0.060606061,0,0,0.212121212,0,0,0.070707071,0.878787879,0,0.868686869,,,,,,,,,,,,,,,,,,,,,,,,,,,,,,,0.086195286,0.208754209,,,0,0.01010101,0,0,0,0,0,0,0.080808081,0,0,0,0,0,0.97979798,0,0.01010101,0,0,0,0,0,0,0.080808081,0,0,0,0.141414141,0,0.97979798,,,,,,,,,,,,,,,,,,,,,,,,,,,,,,,0.071380471,0.080808081,,,0.282869511,0.086195286,0.236425479,0.208754209,0.071380471,0.080808081,2.083333333,2,2.142857143,1.714285714,1.985119048
,,,,100,1959,TRUE,14/02/2024 22:35,,,,,,,,anonymous,en,"i consent, begin the study",male,27,south african,south africa,african,-1,no,multilingual (more than 2),south_african,0,0,17.801,0,johannesburg,3.083,20.183,25.356,2,lionel messi,2.921,25.432,33.728,2,nelson mandela,9.051,27.235,28.343,2,state buildings,2.053,2.053,124.259,1,table mountain,3.085,3.085,21.403,1,braai,1.697,1.697,11.327,1,vilakazi street,29.926,29.926,44,1,sjava,1.734,10.181,10.881,3,the art of not giving a fuck,1.995,2.381,48.691,2,south african broadcasting cooperation(sabc),1.889,49.818,62.27,4,cape town,2.533,2.533,10.09,1,winnie madikizela-mandela,3.838,3.838,33.431,1,rand,1.793,1.793,8.794,1,protea,1.872,1.872,15.3,1,rugby,green,,,,,,,,,new york,2.632,2.632,13.072,1,lionel messi,7.378,7.378,52.867,1,donald trumph,7.475,7.475,38.535,1,white house,10.842,10.842,30.956,1,mount everest,8.512,8.512,24.956,1,spaghetti and meatballs,13.497,21.701,42.058,3,statue of liberty,29.787,29.787,44.6,1,drake,3.641,67.418,105.671,8,rick dad poor dad,2.208,2.208,20.684,1,fox news,4.15,4.15,78.447,1,miami,6.346,6.346,31.216,1,hillary clinton,3.969,100.436,104.401,5,dollar,2.718,2.718,8.931,1,daisy,7.42,7.42,12.545,1,football,212 degreed fahrenheit,2.608,105.943,111.994,3,2,2,2,2,2,2,2,2,1,1,1,1,1,1,1,1,1,2,1,2,1,1,1,2,3,1,2,2,2,2,3,2,2,2,2,2,9,0.373737374,0.050505051,0.373737374,0.424242424,0.747474747,0.04040404,0.01010101,0.01010101,0,0.828282828,0.737373737,0.132653061,0.909090909,0.494949495,0.434343434,0.525252525,0.424242424,0.131313131,0.090909091,0.606060606,0.232323232,0.161616162,0.060606061,0.090909091,0.01010101,0.02020202,0.071428571,0.838383838,0.01010101,0.808080808,,,,,,,,,,,,,,,,,,,,,,,,,,,,,,,0.3711331,0.272101972,,,0,0.676767677,0.01010101,0,0,0,0,0,0,0,0,0,0,0,0.01010101,0.646464646,0.676767677,0.212121212,0,0.787878788,0.161616162,0.101010101,0.03030303,0,0.070707071,0.060606061,0.090909091,0.878787879,0.050505051,0.868686869,,,,,,,,,,,,,,,,,,,,,,,,,,,,,,,0.046464646,0.309090909,,,0,0.101010101,0.01010101,0,0,0,0,0,0,0,0,0,0,0,0,0,0.101010101,0.101010101,0,0.181818182,0.03030303,0.02020202,0,0,0,0,0.03030303,0.141414141,0.04040404,0.97979798,,,,,,,,,,,,,,,,,,,,,,,,,,,,,,,0.007407407,0.108417508,,,0.3711331,0.046464646,0.272101972,0.309090909,0.007407407,0.108417508,1.666666667,1.2,1.857142857,2.142857143,1.716666667
,,,,100,2600,TRUE,14/02/2024 22:37,,,,,,,,anonymous,en,"i consent, begin the study",male,26,south african,south africa,black african,0,no,multilingual (more than 2),south_african,0,0,19.902,0,johannesburg,3.2,5.029,46.601,3,siya kholisi,2.494,4.687,47.859,3,nelson mandela,1.946,3.941,12.202,3,union building,2.028,21.573,23.864,3,table mountain,1.944,3.614,15.505,3,seven colors,1.954,3.817,100.699,3,calton centre,1.621,3.073,53.863,2,huh masekela,2.422,41.095,49.301,5,long walk to freedom,1.811,3.076,20.306,2,multi-choice,1.691,4.886,31.272,6,cape town,1.641,3.743,27.313,3,michelle obama,1.973,3.611,34.031,3,rand,2.153,3.594,8.045,2,sunflower,13.232,14.776,23.905,2,soccer,green,,,,,,,,,paris,12.084,35.198,36.905,2,michael. b jordan,2.241,36.585,42.002,2,donald trump,1.972,1.972,16.699,1,white house,1.62,1.62,39.6,1,kilimanjaro,1.487,34.051,40.141,3,pasta,2.231,4.74,41.556,3,statue of liberty,2.471,7.615,40.877,3,michael jackson,1.994,3.813,16.284,2,rich dad poor dad,2.125,4.114,19.335,3,bbc,2.262,4.311,25.488,2,las vegas,11.824,14.402,34.68,3,queen elizabeth,8.573,38.257,45.392,5,dollar,2.437,3.704,9.649,2,rose,3.799,5.601,19.437,2,soccer,hot,2.023,65.31,82.604,8,1,2,2,2,1,2,2,1,2,2,2,2,2,2,1,2,2,1,2,2,2,2,3,2,2,2,3,2,2,2,3,3,2,3,3,3,10,0.373737374,0.343434343,0.373737374,0.424242424,0.747474747,0.01010101,0,0,0.151515152,0,0.737373737,0.051020408,0.909090909,0.131313131,0.525252525,0.060606061,0.02020202,0.131313131,0.090909091,0.232323232,0.232323232,0.161616162,0.131313131,0.090909091,0.353535354,0.01010101,0.091836735,0.838383838,0.535353535,0.808080808,,,,,,,,,,,,,,,,,,,,,,,,,,,,,,,0.318552876,0.252587095,,,0,0,0.01010101,0,0,0,0,0,0,0,0,0.050505051,0,0.141414141,0.868686869,0.080808081,0.02020202,0.212121212,0,0,0.161616162,0.101010101,0.252525253,0,0.353535354,0,0.070707071,0.878787879,0.656565657,0.868686869,,,,,,,,,,,,,,,,,,,,,,,,,,,,,,,0.071380471,0.243771044,,,0,0,0.01010101,0,0,0,0,0,0,0,0,0.02020202,0,0.060606061,0.97979798,0,0,0.101010101,0,0,0.03030303,0.02020202,0.01010101,0,0,0,0,0.141414141,0.313131313,0.97979798,,,,,,,,,,,,,,,,,,,,,,,,,,,,,,,0.071380471,0.106397306,,,0.318552876,0.071380471,0.252587095,0.243771044,0.071380471,0.106397306,1.75,1.8,2.285714286,2.714285714,2.1375
,,,,100,3039,TRUE,14/02/2024 22:51,,,,,,,,anonymous,en,"i consent, begin the study",female,27,south african,south africa,black,0,no,bilingual (2),south_african,0,0,38.778,0,johannesburg,28.483,28.483,78.968,1,siyabonga kolisi,6.089,33.251,56.979,2,nelson mandela,5.815,5.815,169.236,1,union building,37.691,37.691,50.443,1,table mountain,5.09,5.09,18.164,1,pap and boerewors,1.993,1.993,83.5,1,robben island,1.963,1.963,73.511,1,cassper nyovest,17.786,146.636,150.714,2,born a crime,83.901,83.901,100.95,1,sabc,4.082,4.082,13.899,1,cape town,1.773,1.773,18.763,1,thuli madonsela,2.49,2.49,191.965,1,south african rands,2.254,2.254,31.873,1,sunflower,1.724,15.207,35.802,3,soccer,green,,,,,,,,,new york city,3.375,3.375,67.203,1,lionel messi,18.95,18.95,40.526,1,martin luther king jr.,30.55,30.55,53.644,1,eiffel tower,32.017,32.017,50.455,1,kilimanjaro,2.075,2.075,48.44,1,mac and cheese,3.91,3.91,17.674,1,statue of liberty,43.783,43.783,68.37,1,chris brown,11.18,11.18,29.4,1,the lord of the rings,1.867,1.867,61.402,1,bbc,106.025,106.025,112.652,1,paris,2.677,14.165,21.489,3,queen victoria,17.4,17.4,36.837,1,us dollars,9.076,9.076,58.454,1,daisy flower,3.776,3.776,37.026,1,football,100 degrees at sea level,4.789,52.729,114.858,2,2,2,3,2,3,3,2,2,2,2,3,3,1,1,2,2,2,1,2,2,1,1,2,3,3,1,4,3,4,2,4,2,2,3,3,2,10,0.373737374,0.343434343,0.373737374,0.424242424,0.747474747,0.282828283,0.222222222,0.03030303,0.03030303,0.828282828,0.737373737,0.010204082,0.909090909,0.131313131,0.525252525,0.525252525,0.424242424,0,0.171717172,0.232323232,0.060606061,0.161616162,0.141414141,0.03030303,0.353535354,0.363636364,0.040816327,0.838383838,0.01010101,0.808080808,,,,,,,,,,,,,,,,,,,,,,,,,,,,,,,0.397986669,0.277468563,,,0,0,0.01010101,0,0,0,0,0,0,0,0,0,0,0.141414141,0.868686869,0.646464646,0.676767677,0,0.444444444,0,0,0.101010101,0,0.101010101,0.353535354,0.454545455,0,0.878787879,0.050505051,0.868686869,,,,,,,,,,,,,,,,,,,,,,,,,,,,,,,0.068013468,0.305050505,,,0,0,0.01010101,0,0,0,0,0,0,0,0,0,0,0.060606061,0.97979798,0,0.101010101,0,0.03030303,0,0,0.02020202,0,0.01010101,0,0.01010101,0,0.141414141,0.04040404,0.97979798,,,,,,,,,,,,,,,,,,,,,,,,,,,,,,,0.07003367,0.088888889,,,0.397986669,0.068013468,0.277468563,0.305050505,0.07003367,0.088888889,2.416666667,1.5,2.857142857,2.571428571,2.336309524
,,,,100,4305,TRUE,14/02/2024 23:06,,,,,,,,anonymous,en,"i consent, begin the study",male,27,south african,south africa,african,0,yes,multilingual (more than 2),south_african,0,0,117.354,0,johannesburg,2.069,2.069,13.857,1,lewis hamilton,2.217,2.217,10.207,1,vladimir putin,1.937,1.937,15.434,1,carlton center,3.136,79.21,101.743,2,kilimanjaro,1.397,31.579,42.595,2,pasta,26.755,26.755,58.562,1,mandela house,62.086,119.066,126.052,2,lionel richie,33.419,122.001,174.143,5,falling off the cliff,2.078,2.078,41.629,1,sabc,78.218,78.218,84.51,1,cape town,1.565,2.411,9.508,2,winnie mandela,1.514,44.391,47.985,3,rand,2.894,2.894,6.326,1,lilium,1.698,320.798,336.714,3,soccer,green,,,,,,,,,new york,14.06,67.796,85.814,3,lewis hamilton,1.972,19.972,26.632,2,vladimir putin,1.624,1.624,31.537,1,burj khalifa,2.294,61.977,97.988,2,mount everest,1.306,1.306,21.704,1,ramen,7.318,7.318,11.701,1,robben island,171.452,171.452,179.857,1,usher,6.603,6.603,35.321,1,think again,1.306,1.306,104.576,1,sky group,8.71,135.413,141.753,2,paris,2.5,2.5,7.388,1,michelle obama,1.414,20.643,26.903,2,pound,1.5,1.5,14.193,1,protea,23.649,23.649,30.23,1,soccer,100,2.056,32.134,92.401,3,1,1,2,1,1,1,1,1,1,1,1,1,1,1,1,1,1,2,1,1,1,1,2,2,3,1,2,2,1,1,2,3,4,4,4,4,9,0.373737374,0,0.080808081,0.060606061,0.101010101,0.060606061,0,0,0,0.828282828,0.737373737,0.132653061,0.909090909,0.01010101,0.525252525,0.525252525,0,0.222222222,0.03030303,0.606060606,0.02020202,0.02020202,0.090909091,0,0.02020202,0.363636364,0.12244898,0.050505051,0.04040404,0.808080808,,,,,,,,,,,,,,,,,,,,,,,,,,,,,,,0.254634783,0.194695252,,,0,0,0.181818182,0,0,0.161616162,0,0,0,0,0,0,0,0.03030303,0.868686869,0.646464646,0,0.181818182,0.01010101,0.787878788,0.02020202,0,0.04040404,0,0,0.454545455,0.050505051,0,0,0.868686869,,,,,,,,,,,,,,,,,,,,,,,,,,,,,,,0.082828283,0.204040404,,,0,0,0.070707071,0,0,0.03030303,0,0,0,0,0,0,0,0,0.97979798,0,0,0.070707071,0,0.181818182,0,0,0,0,0,0.01010101,0.02020202,0,0,0.97979798,,,,,,,,,,,,,,,,,,,,,,,,,,,,,,,0.072053872,0.084175084,,,0.254634783,0.082828283,0.194695252,0.204040404,0.072053872,0.084175084,1.083333333,1.1,1.857142857,3.142857143,1.795833333
,,,,100,855,TRUE,14/02/2024 23:59,,,,,,,,anonymous,en,"i consent, begin the study",female,58,south african,south africa,white,-1,yes,bilingual (2),south_african,0,0,12.258,0,cape town,1.182,1.182,6.081,1,faf du plessis,0.737,0.737,10.403,1,biden,0.58,0.58,5.671,1,lethuli house,0.388,0.388,12.955,1,table mountain,0.563,0.563,5.763,1,braaivleis,0.641,0.641,8.841,1,robben island,0.495,0.495,19.873,1,francios van coke,0.427,0.427,10.836,1,the secret,0.655,0.655,15.988,1,netflix,0.489,0.489,8.64,1,france,0.849,0.849,6.338,1,hilary clinton,0.606,0.606,6.913,1,dollar,0.382,0.382,3.3,1,protea flower,0.351,0.351,6.074,1,rugby,green,,,,,,,,,new york,8.82,8.82,22.647,1,renaldo,1.18,1.18,9.231,1,vladimir putin,0.794,29.521,32.477,2,twin towers,0.718,0.718,8.457,1,mount everest,1.339,1.339,11.32,1,sushi,0.75,0.75,3.816,1,stone hedge,0.646,0.646,15.985,1,eminem,0.435,0.435,9.419,1,harry potter and the chamber of secrets,0.481,0.481,11.681,1,cnn,1.27,1.27,4.648,1,paris,1.07,1.07,4.062,1,hilary clinton,0.834,0.834,8.592,1,dollar,0.739,0.739,3.433,1,sunflower,0.694,0.694,4.581,1,football,212 farenheit,14.707,44.039,67.683,3,1,2,2,1,1,1,2,2,2,2,1,2,1,1,1,1,1,1,1,2,1,2,1,3,3,1,3,2,4,2,1,2,2,4,3,3,8,0.424242424,0.01010101,0.080808081,0,0.747474747,0,0.222222222,0,0,0,0,0.020408163,0.060606061,0.494949495,0.434343434,0.525252525,0.282828283,0.222222222,0.02020202,0.606060606,0.161616162,0.02020202,0.03030303,0.141414141,0.111111111,0.363636364,0.071428571,0.838383838,0.212121212,0.808080808,,,,,,,,,,,,,,,,,,,,,,,,,,,,,,,0.166343709,0.294324194,,,0,0,0.323232323,0,0,0,0,0,0,0,0,0.090909091,0.878787879,0,0.01010101,0.646464646,0.080808081,0.181818182,0.04040404,0.787878788,0.060606061,0.02020202,0.03030303,0.242424242,0.343434343,0.454545455,0.090909091,0.878787879,0.141414141,0.868686869,,,,,,,,,,,,,,,,,,,,,,,,,,,,,,,0.086868687,0.324579125,,,0,0,0.141414141,0,0,0,0,0,0,0,0,0.03030303,0.141414141,0,0,0,0.01010101,0.070707071,0,0.181818182,0,0,0,0.121212121,0.04040404,0.01010101,0.03030303,0.141414141,0.060606061,0.97979798,,,,,,,,,,,,,,,,,,,,,,,,,,,,,,,0.020875421,0.10976431,,,0.166343709,0.086868687,0.294324194,0.324579125,0.020875421,0.10976431,1.583333333,1.2,2.428571429,2.428571429,1.910119048
,,,,100,1342,TRUE,15/02/2024 00:08,,,,,,,,anonymous,en,"i consent, begin the study",male,25,south african,south africa,black,0,yes,multilingual (more than 2),south_african,0,0,10.001,0,johannesburg,2.2,2.2,5.601,1,mokoena,2.905,2.905,10.853,1,nelson mandela,1.251,1.251,42.3,1,carlton centre,33.243,37.901,52.097,2,mount kilimanjaro,1.965,19.675,38.102,2,mogodu,0.977,0.977,34.965,1,kruger national park,18.801,18.801,26.172,1,zano,1.339,1.339,56.601,1,born a crime,1.564,1.564,62.379,1,sabc,1.493,1.493,6.401,1,cape town,1.873,1.873,6.482,1,winnie mandela,2.179,2.179,8.059,1,rand,3.8,3.8,7.201,1,rose,0.638,0.638,2.501,1,soccer,green,,,,,,,,,chicago,8.487,8.487,15.191,1,messi,1.09,1.09,3.988,1,joe biden,1.722,8.92,11.6,2,leaning tower of pisa,0.852,129.862,132.129,2,mount kilimanjaro,2.074,2.074,25.7,1,dombolo and mogodu,0.741,0.741,22.302,1,eiffel tower,6.2,6.2,61.7,1,the weeknd,0.801,0.801,9.669,1,"rich dad, poor dad",1.398,1.398,12.602,1,bbc studios,30.432,30.432,36.501,1,cape town,19.62,19.62,24.389,1,angela merkel,47.46,47.46,57.001,1,dollar,2.16,2.16,6.501,1,rose,1.272,1.272,3.197,1,football,100 degrees celsius,0.901,107.535,109.693,13,1,2,2,2,2,2,2,2,2,2,2,2,1,1,1,1,1,1,1,2,1,1,1,1,3,1,3,1,1,1,1,1,1,1,1,1,9,0.373737374,0,0.373737374,0.060606061,0.101010101,0.03030303,0.111111111,0,0.03030303,0.828282828,0.737373737,0.132653061,0.909090909,0.272727273,0.525252525,0.01010101,0.424242424,0.252525253,0.01010101,0.232323232,0.01010101,0.313131313,0.02020202,0.090909091,0.353535354,0.121212121,0.142857143,0.838383838,0.535353535,0.808080808,,,,,,,,,,,,,,,,,,,,,,,,,,,,,,,0.299079228,0.277537278,,,0,0,0.01010101,0,0,0,0,0,0,0,0,0,0,0.656565657,0.868686869,0,0.676767677,0.323232323,0,0,0,0.222222222,0.04040404,0,0.353535354,0,0.272727273,0.878787879,0.656565657,0.868686869,,,,,,,,,,,,,,,,,,,,,,,,,,,,,,,0.102356902,0.286195286,,,0,0,0.01010101,0,0,0,0,0,0,0,0,0,0,0.313131313,0.97979798,0,0.101010101,0.141414141,0,0,0,0.02020202,0,0,0,0,0.03030303,0.141414141,0.313131313,0.97979798,,,,,,,,,,,,,,,,,,,,,,,,,,,,,,,0.086868687,0.115151515,,,0.299079228,0.102356902,0.277537278,0.286195286,0.086868687,0.115151515,1.916666667,1.1,1.571428571,1,1.39702381
,,,,100,1558,TRUE,15/02/2024 00:11,,,,,,,,anonymous,en,"i consent, begin the study",female,29,south african,south africa,black,0,yes,bilingual (2),south_african,0,0,19.993,0,durban,1.69,8.777,10.023,2,soccer,1.796,9.912,11.729,2,nelson mandela,3.962,3.962,13.635,1,absa tower,1.606,24.285,32.99,4,table mountain,1.312,19.806,28.903,4,bunny chow,5.759,28.151,33.766,3,table mountain,5.367,31.128,38.858,3,aka,12.113,17.514,18.898,2,long walk to freedom,3.836,20.128,28.579,4,sabc,3.998,4.586,9.66,2,cape town,2.281,2.281,8.063,1,zoleka mandela,3.523,23.259,25.9,4,rands,2.357,2.357,6.371,1,king protea,5.236,23.262,25.923,4,ruby,green,,,,,,,,,los angeles,14.485,51.878,62.998,5,cristiano ronaldo,5.354,47.387,49.953,4,nelson mandela,10.05,24.108,26.603,4,colosseum,4.262,57.882,58.898,5,mount fuji,23.562,23.562,29.73,1,mac n cheese,2.078,2.078,14.717,1,statue of liberty,4.343,18.109,35.412,4,justin bieber,1.871,1.871,15.531,1,macbeth,1.42,1.42,13.619,1,bbc,5.062,13.506,20.438,3,new york city,4.077,12.697,20.847,3,indira gandhi,4.546,42.21,46.342,4,pounds,3.634,3.634,9.022,1,sunflower,3.994,12.023,18.683,3,soccer,212 °f,5.422,81.902,83.122,12,2,2,2,2,2,2,2,1,1,2,2,2,2,2,3,1,2,1,2,2,1,2,2,2,3,2,3,3,3,2,3,2,3,3,3,3,9,0.101010101,0.02020202,0.373737374,0,0.747474747,0.060606061,0.171717172,0.111111111,0.151515152,0.828282828,0.737373737,0.010204082,0.909090909,0.494949495,0.434343434,0.02020202,0.282828283,0.101010101,0.02020202,0.03030303,0.060606061,0.161616162,0.111111111,0,0.353535354,0.121212121,0.010204082,0.050505051,0.212121212,0.808080808,,,,,,,,,,,,,,,,,,,,,,,,,,,,,,,0.343441215,0.156235828,,,0,0,0.01010101,0,0,0,0,0,0,0,0,0,0,0,0.01010101,0,0.080808081,0.01010101,0.01010101,0.03030303,0,0.101010101,0.101010101,0,0.353535354,0.121212121,0,0,0.141414141,0.868686869,,,,,,,,,,,,,,,,,,,,,,,,,,,,,,,0.001346801,0.121212121,,,0,0,0.01010101,0,0,0,0,0,0,0,0,0,0,0,0,0,0.01010101,0.01010101,0,0.01010101,0,0.02020202,0.04040404,0,0,0,0,0,0.060606061,0.97979798,,,,,,,,,,,,,,,,,,,,,,,,,,,,,,,0.000673401,0.075420875,,,0.343441215,0.001346801,0.156235828,0.121212121,0.000673401,0.075420875,1.833333333,1.8,2.571428571,2.714285714,2.229761905
,,,,100,1895,TRUE,15/02/2024 00:18,,,,,,,,anonymous,en,"i consent, begin the study",male,26,south african,south africa,black,-1,yes,multilingual (more than 2),south_african,0.066,0.066,22.998,1,cape town,24.725,30.6,31.5,4,christiano ronaldo,26.95,67.927,68.824,5,nelson mandela,2.383,28.91,30.136,5,apartheid museum,19.592,29.974,30.878,4,table mountain,16.625,25.781,26.6,4,bunny chow,24.779,29.72,30.59,4,robben island,13.304,23.058,23.885,6,hugh masekela,26.162,38.311,39.2,5,cry the beloved country,16.536,35.252,36.153,6,south african broadcasting coporation(sabc),21.317,59.056,60.869,4,johannesburg,21.405,25.301,26.162,4,graca machel,22.789,33.87,34.674,4,south african rands,3.416,14.513,15.2,4,rose,5.482,10.571,11.562,4,soccer,green,,,,,,,,,new york,26.229,34.826,39.058,6,lionel messi,11.673,24.648,26.253,5,joe biden,1.893,4.693,18.884,6,empire state building,1.609,3.585,21.726,4,mount everest,1.359,13.628,19.431,4,pizza,2.8,50.49,51.662,8,eifell tower,14.447,28.639,29.787,4,michael jackson,5.088,31.517,32.4,4,to kill a mockingbird,14.238,25.722,26.694,4,cable news network (cnn),14.933,47.707,48.593,5,paris,17.686,25.025,26.7,3,angela merkel,0.479,58.401,59.359,7,united states dollar,2.119,10.481,11.476,4,the rose,2.887,18.227,19.861,4,soccer,100 degrees celsius,21.095,72.209,73.134,17,1,1,2,1,1,2,2,1,1,2,2,1,1,1,1,2,1,1,1,2,1,1,3,1,1,1,1,1,2,1,2,1,2,1,1,1,8,0.424242424,0.04040404,0.373737374,0,0.747474747,0.060606061,0.222222222,0.01010101,0.03030303,0.828282828,0.02020202,0.010204082,0.909090909,0.272727273,0.525252525,0.525252525,0.424242424,0.252525253,0.252525253,0.606060606,0.090909091,0.313131313,0.131313131,0.01010101,0.111111111,0.363636364,0.142857143,0.838383838,0.535353535,0.808080808,,,,,,,,,,,,,,,,,,,,,,,,,,,,,,,0.29832337,0.36036556,,,0,0.080808081,0.01010101,0,0,0,0,0,0,0,0,0,0,0.656565657,0.868686869,0.646464646,0.676767677,0.323232323,0.313131313,0.787878788,0.292929293,0.222222222,0.252525253,0,0.343434343,0.454545455,0.272727273,0.878787879,0.656565657,0.868686869,,,,,,,,,,,,,,,,,,,,,,,,,,,,,,,0.107744108,0.465993266,,,0,0.01010101,0.01010101,0,0,0,0,0,0,0,0,0,0,0.313131313,0.97979798,0,0.101010101,0.141414141,0,0.181818182,0,0.02020202,0.01010101,0,0.04040404,0.01010101,0.03030303,0.141414141,0.313131313,0.97979798,,,,,,,,,,,,,,,,,,,,,,,,,,,,,,,0.087542088,0.131313131,,,0.29832337,0.107744108,0.36036556,0.465993266,0.087542088,0.131313131,1.416666667,1.2,1.428571429,1.285714286,1.332738095
,,,,100,643,TRUE,15/02/2024 00:32,,,,,,,,anonymous,en,"i consent, begin the study",male,24,south african,south africa,african,-1,no,bilingual (2),south_african,0,0,6.072,0,cape town,1.288,1.288,16.363,1,siya kolisi,0.898,0.898,8.292,1,nelson mandela,0.68,0.68,10,1,union building,0.888,10.883,11.581,3,table mountain,0.451,0.451,8.271,1,skopo,0.456,0.456,5.697,1,library,0.348,0.348,8.286,1,lloyiso,0.564,0.564,6.364,1,cry the beloved country,0.803,0.803,10.412,1,sabc,0.645,0.645,4.082,1,cape town,0.371,0.371,7.181,1,albertina sisulu,0.269,0.269,8.788,1,rand,0.21,3.957,6.691,2,protea,0.447,0.447,4.686,1,soccer,green,,,,,,,,,paris,1.006,1.006,3.996,1,christiano ronaldo,0.705,0.705,9.618,1,donald trump,0.899,0.899,7.346,1,eiffel tower,0.357,0.357,10.718,1,kilimanjaro,0.635,0.635,5.102,1,noodles,0.504,0.504,4.146,1,statue of liberty,0.648,0.648,30.239,1,chris brown,0.403,0.403,6.646,1,the great gatsby,0.436,0.436,8.658,1,bbc,1.645,1.645,4.481,1,paris,0.401,0.401,3.684,1,hillary clinton,0.362,0.362,9.156,1,dollar,0.909,0.909,4.412,1,lily,0.461,0.461,3.354,1,soccer,100,1.043,4.371,7.153,2,1,1,1,1,1,1,1,1,1,1,1,1,3,3,1,1,1,1,1,1,1,1,1,1,1,1,4,1,2,1,1,1,1,1,1,1,8,0.424242424,0.343434343,0.373737374,0.424242424,0.747474747,0,0,0.050505051,0.03030303,0.828282828,0.737373737,0,0.909090909,0.494949495,0.525252525,0.060606061,0.282828283,0.131313131,0.171717172,0.232323232,0,0.161616162,0.141414141,0.050505051,0.353535354,0.363636364,0.071428571,0.838383838,0.090909091,0.808080808,,,,,,,,,,,,,,,,,,,,,,,,,,,,,,,0.392592593,0.250553151,,,0,0,0.01010101,0,0,0,0,0,0,0,0,0,0,0,0.868686869,0.080808081,0.080808081,0.212121212,0.444444444,0,0,0.101010101,0,0,0.353535354,0.454545455,0.090909091,0.878787879,0.03030303,0.868686869,,,,,,,,,,,,,,,,,,,,,,,,,,,,,,,0.058585859,0.23973064,,,0,0,0.01010101,0,0,0,0,0,0,0,0,0,0,0,0.97979798,0,0.01010101,0.101010101,0.03030303,0,0,0.02020202,0,0,0,0.01010101,0.03030303,0.141414141,0,0.97979798,,,,,,,,,,,,,,,,,,,,,,,,,,,,,,,0.065993266,0.088215488,,,0.392592593,0.058585859,0.250553151,0.23973064,0.065993266,0.088215488,1,1.4,1.571428571,1,1.242857143
,,,,100,2934,TRUE,15/02/2024 00:37,,,,,,,,anonymous,en,"i consent, begin the study",male,29,south africa,south africa,black - african,0,yes,multilingual (more than 2),south_african,0,0,252.914,0,johannesburg,11.286,45.563,47.384,3,khuliso mudau,3.254,33.12,35.679,2,nelson mandela,50.161,68.054,69.574,2,union buildings,55.159,70.326,71.623,2,table mountain,23.348,46.82,52.203,2,pap & mogodu,4.644,71.026,93.682,2,robben island,15.387,15.387,96.155,1,chris brown,10.617,10.617,38.596,1,how to win friends and influence people,1.562,1.562,72.027,1,sabc,13.498,13.498,19.506,1,cape town,24.373,24.373,38.151,1,zoleka mandela,171.581,171.581,190.601,1,rand,7.844,7.844,15.881,1,rose,2.249,2.249,40.502,1,soccer,green,,,,,,,,,johannesburg,31.462,31.462,42.005,1,lionel messi,12.999,12.999,46.468,1,nelson mandela,2.069,2.069,65.282,1,eiffel tower,1.759,65.623,82.443,2,mount kilimanjaro,1.88,32.797,54.887,2,bunny chow,1.402,1.402,73.903,1,cradle of humankind,2.257,28,62.884,2,chris brown,2.355,2.355,19.34,1,bible,1.954,1.954,69.1,1,bbc,2.161,2.161,49.311,1,cape town,4.08,4.08,23.912,1,queen victoria,47.333,47.333,73.063,1,dollar,11.199,11.199,21.27,1,rose,23.403,23.403,30.757,1,soccer,100 degrees celsius,5.495,87.867,89.465,4,1,1,1,1,2,2,1,1,1,1,2,2,1,1,1,1,1,1,1,2,1,1,4,2,4,1,1,1,2,2,1,2,2,3,2,1,9,0.373737374,0,0.373737374,0.424242424,0.747474747,0.282828283,0.222222222,0.090909091,0,0.828282828,0.737373737,0.010204082,0.909090909,0.272727273,0.525252525,0.060606061,0.424242424,0.101010101,0.171717172,0.232323232,0,0,0.141414141,0.171717172,0.353535354,0.121212121,0.040816327,0.838383838,0.535353535,0.808080808,,,,,,,,,,,,,,,,,,,,,,,,,,,,,,,0.386538858,0.266694152,,,0,0,0.01010101,0,0,0,0,0,0,0,0,0,0,0.656565657,0.868686869,0,0.676767677,0.01010101,0.444444444,0,0,0,0,0.212121212,0.353535354,0,0,0.878787879,0.656565657,0.868686869,,,,,,,,,,,,,,,,,,,,,,,,,,,,,,,0.102356902,0.273400673,,,0,0,0.01010101,0,0,0,0,0,0,0,0,0,0,0.313131313,0.97979798,0,0.101010101,0.01010101,0.03030303,0,0,0,0,0.080808081,0,0,0,0.141414141,0.313131313,0.97979798,,,,,,,,,,,,,,,,,,,,,,,,,,,,,,,0.086868687,0.11043771,,,0.386538858,0.102356902,0.266694152,0.273400673,0.086868687,0.11043771,1.333333333,1.1,2.142857143,1.857142857,1.608333333
,,,,100,579,TRUE,14/02/2024 19:46,,,,,,,,anonymous,en,"i consent, begin the study",female,22,chilean,chile,latin amercian,-1,no,bilingual (2),chile,,,,,santiago,1.116,1.116,5.331,1,alexis sanchez,1.289,1.289,8.292,1,sebastián piñera,1.395,1.395,9.238,1,costanera center,0.782,0.782,5.572,1,cordillera de los andes,0.973,0.973,9.594,1,pastel de choclo,0.949,8.938,9.438,2,torres del paine,1.259,1.259,12.624,1,luis miguel,0.944,0.944,24.885,1,poeta chileno,0.43,9.025,9.483,2,tvn,0.968,0.968,3.155,1,san pedro de atacama,1.048,1.048,7.597,1,michelle bachelet,1.017,1.017,5.101,1,peso chileno,0.61,0.61,5.088,1,copihue,1.04,1.04,3.946,1,fútbol,green,1.314,1.314,5.288,1,,,,,new york,1.621,1.621,5.797,1,messi,1.127,1.127,3.743,1,joe biden,0.597,0.597,8.349,1,empire state building,0.861,0.861,7.013,1,cordillera de los andes,0.679,0.679,8.947,1,french fries,1.208,1.208,5.475,1,stonehedge,0.376,0.376,9.721,1,the weeknd,0.953,0.953,6.695,1,the great gatsby,0.736,0.736,12.839,1,cnn,0.847,0.847,2.895,1,london,0.511,0.511,3.402,1,michelle bachelet,0.634,0.634,14.277,1,dollar,0.732,0.732,3.47,1,sunflower,0.757,0.757,4.001,1,soccer,100 degrees celcius,1.036,1.036,14.105,1,2,2,2,1,3,2,2,1,2,2,4,3,1,1,2,2,1,1,1,1,1,1,3,4,4,2,4,4,2,2,3,2,2,2,2,2,9,,,,,,,,,,,,,,,,,,,,,,,,,,,,,,,0.939393939,0.616161616,0.101010101,0.666666667,0.424242424,0.131313131,0.151515152,0.02020202,0,0.626262626,0.04040404,0.696969697,0.828282828,0.525252525,0.97979798,0.646464646,0.676767677,0.323232323,0.313131313,0.03030303,0.060606061,0.02020202,0.04040404,0,0.343434343,0.02020202,0.101010101,0.878787879,0.141414141,0.868686869,,,0.44983165,0.297643098,,,,,,,,,,,,,,,,,,,,,,,,,,,,,,,0,0,0,0,0,0,0,0,0,0,0,0,0,0,0.808080808,0.525252525,0.424242424,0.252525253,0.252525253,0,0,0.02020202,0.02020202,0.050505051,0,0.02020202,0,0.838383838,0.212121212,0.808080808,,,0.053872054,0.228282828,,,,,,,,,,,,,,,,,,,,,,,,,,,,,,,0,0,0,0,0,0,0,0,0,0,0,0,0,0,0.525252525,0,0.050505051,0.080808081,0.050505051,0,0,0,0,0,0,0,0,0.060606061,0.131313131,0.525252525,,,0.035016835,0.05993266,0.44983165,0.053872054,0.297643098,0.228282828,0.035016835,0.05993266,2.166666667,1.2,3.285714286,2.142857143,2.198809524
,,,,100,727,TRUE,14/02/2024 19:47,,,,,,,,anonymous,en,"i consent, begin the study",female,30,chilena,chile,latinoamericana,0,no,bilingual (2),chile,,,,,santiago,5.579,5.579,10.029,1,alexis sánchez,1.396,1.396,10.427,1,barack obama,3.179,3.179,10.73,1,costanera center,2.683,2.683,9.262,1,monte everest,4.501,4.501,11.888,1,pastel de choclo,3.646,3.646,9.354,1,sur,3.058,3.058,13.267,1,jordan 23,3.135,3.135,11.136,1,cien años de soledad,3.122,3.122,15.145,1,chilevisión,3.502,3.502,9.82,1,valparaiso,4.272,4.272,8.803,1,malala,3.009,3.009,7.155,1,peso chileno,3.113,3.113,7.268,1,copihue,2.337,2.337,6.364,1,futbool,verde,6.53,6.53,11.61,1,,,,,paris,1.218,1.218,7.414,1,leonel messi,0.919,0.919,9.49,1,barack obama,1.093,1.093,8.912,1,burj kalifa,0.975,0.975,9.939,1,monte everest,0.688,0.688,8.326,1,pasta,1.047,1.047,5.682,1,sur,0.82,0.82,4.931,1,justin bieber,1.236,1.236,8.969,1,romeo y julieta,0.601,0.601,8.839,1,bbc,0.658,0.658,5.603,1,new york,2.462,2.462,15.319,1,malala,0.878,0.878,5.034,1,euro,2.194,7.745,10.466,2,rosa,0.758,0.758,3.801,1,futbool,100 °c,1.035,16.988,26.631,2,2,1,2,1,1,1,1,1,1,2,2,1,1,1,2,2,1,1,2,1,1,2,3,2,3,1,2,3,2,1,1,1,2,2,1,1,10,,,,,,,,,,,,,,,,,,,,,,,,,,,,,,,0.939393939,0.616161616,0.131313131,0.666666667,0.181818182,0.131313131,0,0.01010101,0.04040404,0.111111111,0.181818182,0.01010101,0.828282828,0.525252525,0.97979798,0.080808081,0.676767677,0.131313131,0.01010101,0.787878788,0.161616162,0,0.101010101,0.01010101,0.353535354,0.121212121,0.01010101,0.070707071,0.656565657,0.868686869,,,0.356902357,0.269360269,,,,,,,,,,,,,,,,,,,,,,,,,,,,,,,0,0,0.111111111,0,0.606060606,0,0,0,0,0,0,0,0,0,0.808080808,0.060606061,0.424242424,0.111111111,0.03030303,0.606060606,0.232323232,0,0.111111111,0,0,0.121212121,0,0.03030303,0.535353535,0.808080808,,,0.101683502,0.204713805,,,,,,,,,,,,,,,,,,,,,,,,,,,,,,,0,0,0,0,0.02020202,0,0,0,0,0,0,0,0,0,0.525252525,0,0.050505051,0,0,0.02020202,0.060606061,0,0.02020202,0.01010101,0,0.01010101,0,0,0.272727273,0.525252525,,,0.036363636,0.064646465,0.356902357,0.101683502,0.269360269,0.204713805,0.036363636,0.064646465,1.333333333,1.4,2.285714286,1.285714286,1.576190476
,,,,100,666,TRUE,14/02/2024 19:47,,,,,,,,anonymous,en,"i consent, begin the study",female,27,chilean,chile,latin american,0,no,bilingual (2),chile,,,,,santiago,1.92,1.92,6.679,1,alexis sánchez,0.92,0.92,10.536,1,barack obama,0.247,0.247,15.195,1,costanera,0.566,0.566,7.593,1,cordillera de los andes,0.231,0.231,7.969,1,empanada,0.542,0.542,6.554,1,volcán villarrica,0.35,16.576,16.988,2,chayanne,0.643,0.643,7.591,1,cien años de soledad,0.446,0.446,10.12,1,tvn,0.913,0.913,3.829,1,viña del mar,0.77,0.77,7.45,1,margaret tátcher,0.34,0.34,12.187,1,peso chileno,0.264,8.402,11.705,4,copihue,0.28,0.761,5.177,2,fútbol,verde,0.939,0.939,4.032,1,,,,,new york,1.196,1.196,9.886,1,messi,0.302,1.501,9.372,2,joe biden,0.288,10.366,13.591,3,eiffel tower,0.168,0.168,14.42,1,everest,0.145,0.145,5.595,1,sushi,0.142,0.142,4.9,1,statue of liberty,0.403,0.403,8.435,1,chayanne,0.091,0.844,4.163,2,1984,0.361,0.361,8.935,1,cnn,0.292,0.292,3.034,1,rio de janeiro,0.268,0.268,12.75,1,margaret tátcher,0.476,0.871,6.579,2,us dolar,0.36,0.36,4.797,1,sunflower,0.611,0.611,7.899,1,soccer,100c,1.064,1.064,5.886,1,2,2,2,2,2,2,2,2,2,2,4,2,1,1,1,2,1,1,1,2,2,1,2,3,4,1,3,2,2,2,3,3,3,3,3,4,10,,,,,,,,,,,,,,,,,,,,,,,,,,,,,,,0.939393939,0.616161616,0.131313131,0.666666667,0.424242424,0.232323232,0.01010101,0.050505051,0.04040404,0.626262626,0.333333333,0.04040404,0.828282828,0.525252525,0.97979798,0.646464646,0.676767677,0.323232323,0.444444444,0.787878788,0.060606061,0.101010101,0.02020202,0.050505051,0.343434343,0.02020202,0.050505051,0.878787879,0.141414141,0.868686869,,,0.42962963,0.360942761,,,,,,,,,,,,,,,,,,,,,,,,,,,,,,,0,0,0.111111111,0,0,0,0,0,0,0,0,0,0,0,0.808080808,0.525252525,0.424242424,0.252525253,0.171717172,0.606060606,0.161616162,0.161616162,0,0,0,0,0,0.838383838,0.212121212,0.808080808,,,0.061279461,0.277441077,,,,,,,,,,,,,,,,,,,,,,,,,,,,,,,0,0,0,0,0,0,0,0,0,0,0,0,0,0,0.525252525,0,0.050505051,0.080808081,0.02020202,0.02020202,0.03030303,0.01010101,0,0,0,0,0,0.060606061,0.131313131,0.525252525,,,0.035016835,0.061952862,0.42962963,0.061279461,0.360942761,0.277441077,0.035016835,0.061952862,2.166666667,1.3,2.428571429,3,2.223809524
,,,,100,854,TRUE,14/02/2024 19:50,,,,,,,,anonymous,en,"i consent, begin the study",female,35,chilean,chile,latin american,1,no,bilingual (2),chile,,,,,santiago,3.227,7.173,7.859,2,messi,1.158,10.137,13.711,2,barack obama,0.804,0.804,12.316,1,costanera,0.571,13.037,23.736,2,andes,0.377,12.375,22.488,2,asado,1.328,1.328,9.65,1,torres del paine,1.612,1.612,11.232,1,chayanne,1.271,7.077,7.5,2,juego de tronos,1.903,1.903,14.591,1,tvn,0.823,0.823,4.379,1,pucon,0.788,0.788,5.233,1,bachelet,0.552,0.552,8.289,1,peso chileno,0.722,0.722,8.202,1,copihue,0.492,0.492,5.181,1,futbol,green,0.803,0.803,10.801,1,,,,,new york,0.866,0.866,7.145,1,messi,0.744,0.744,6.31,1,biden,0.477,0.477,4.739,1,un building,0.863,0.863,21.758,1,andes,0.385,0.385,14.951,1,scrambled eggs,0.42,0.42,44.064,1,yellowstone,0.211,0.211,10.498,1,kayne,0.443,0.443,17.043,1,the lord of the rings,0.783,0.783,6.214,1,fox news,0.396,0.396,5.917,1,paris,0.483,0.483,9.812,1,bachelet,0.725,24.644,69.666,3,usd,0.385,0.385,3.18,1,daffodil,0.725,0.725,6.427,1,futbol,100ºc,0.616,0.616,12.9,1,2,2,3,2,2,2,2,2,2,2,2,2,2,2,1,1,1,1,1,1,2,1,3,4,3,1,3,2,2,3,2,2,3,3,3,3,11,,,,,,,,,,,,,,,,,,,,,,,,,,,,,,,0.939393939,0.101010101,0.131313131,0.666666667,0.424242424,0.01010101,0.151515152,0.050505051,0,0.626262626,0.090909091,0.696969697,0.828282828,0.525252525,0.97979798,0.646464646,0.676767677,0.323232323,0,0.03030303,0,0,0.01010101,0.101010101,0.070707071,0.454545455,0.101010101,0.878787879,0.01010101,0.868686869,,,0.414814815,0.278114478,,,,,,,,,,,,,,,,,,,,,,,,,,,,,,,0,0.424242424,0.111111111,0,0,0,0,0,0,0,0,0,0,0,0.808080808,0.525252525,0.424242424,0.252525253,0,0,0,0,0,0.03030303,0,0.363636364,0,0.838383838,0,0.808080808,,,0.08956229,0.216161616,,,,,,,,,,,,,,,,,,,,,,,,,,,,,,,0,0.050505051,0,0,0,0,0,0,0,0,0,0,0,0,0.525252525,0,0.050505051,0.080808081,0,0,0,0,0,0.01010101,0,0.01010101,0,0.060606061,0,0.525252525,,,0.038383838,0.049158249,0.414814815,0.08956229,0.278114478,0.216161616,0.038383838,0.049158249,2.083333333,1.3,2.571428571,2.714285714,2.167261905
,,,,100,1072,TRUE,14/02/2024 19:54,,,,,,,,anonymous,en,"i consent, begin the study",male,25,chilean,chile,latin american,-1,no,bilingual (2),chile,,,,,santiago,1.722,1.722,10.412,1,alexis sanchez,1.777,1.777,14.306,1,joe biden,1.034,1.034,13.361,1,costanera center,0.757,0.757,6.056,1,los andes,0.809,0.809,6.121,1,pastel de choclo,0.83,0.83,18.18,1,torres del paine,21.302,21.302,49.616,1,americo,0.676,10.095,10.625,2,papelucho,1.039,1.039,22.605,1,tvn,1.158,4.334,4.887,2,valparaiso,0.535,0.535,4.152,1,michelle bachelet,0.808,0.808,8.784,1,peso chileno,0.519,0.519,5.729,1,copihue,0.73,0.73,3.833,1,futbol,green,1.991,6.098,8.968,2,,,,,new york,2.591,2.591,10.774,1,lionel messi,0.473,0.473,7.709,1,putin,0.64,0.64,18.381,1,roman colosseum,0.536,62.548,65.026,2,himalayas,0.385,0.385,23.196,1,barbacue,0.553,55.724,60.982,3,stonehenge,0.273,0.273,18.061,1,michael jackson,0.465,0.465,20.513,1,the bible,1.25,1.25,10.349,1,bbc,0.567,6.845,7.399,2,new york,1.429,1.429,17.034,1,angela merkel,0.904,0.904,15.491,1,usd,0.463,3.931,6.541,2,sunflower,0.845,0.845,9.707,1,football/soccer,100 °c,3.377,36.166,42.23,4,3,2,2,2,2,2,3,2,2,2,4,3,1,1,1,2,1,1,2,2,2,2,3,4,3,3,4,3,4,3,3,2,2,2,2,2,8,,,,,,,,,,,,,,,,,,,,,,,,,,,,,,,0.939393939,0.616161616,0.141414141,0.666666667,0.424242424,0.131313131,0.151515152,0.060606061,0.151515152,0.626262626,0.181818182,0.696969697,0.828282828,0.525252525,0.97979798,0.646464646,0.676767677,0.181818182,0.01010101,0.03030303,0,0.02020202,0.252525253,0.212121212,0.353535354,0.121212121,0.272727273,0.878787879,0.141414141,0.868686869,,,0.474747475,0.311111111,,,,,,,,,,,,,,,,,,,,,,,,,,,,,,,0,0,0.252525253,0,0,0,0,0,0,0,0,0,0,0,0.808080808,0.525252525,0.424242424,0.222222222,0.02020202,0,0,0.02020202,0.131313131,0.171717172,0,0.121212121,0.142857143,0.838383838,0.212121212,0.808080808,,,0.070707071,0.242520443,,,,,,,,,,,,,,,,,,,,,,,,,,,,,,,0,0,0.080808081,0,0,0,0,0,0,0,0,0,0,0,0.525252525,0,0.050505051,0.080808081,0,0,0,0,0,0.080808081,0,0.01010101,0.030612245,0.060606061,0.131313131,0.525252525,,,0.04040404,0.064667079,0.474747475,0.070707071,0.311111111,0.242520443,0.04040404,0.064667079,2.416666667,1.5,3.428571429,2.285714286,2.407738095
,,,,100,1122,TRUE,14/02/2024 19:54,,,,,,,,anonymous,en,"i consent, begin the study",male,25,chilean,chile,latin american,0,no,bilingual (2),chile,,,,,santiago,0.703,0.969,4.21,2,alexis sanchez,0.286,0.286,8.517,1,boric,0.638,0.638,4.424,1,costanera,0.123,0.123,4.534,1,cordillera de los andes,0.164,0.164,9.872,1,completo,1.65,1.65,5.242,1,san cristobal,295.983,295.983,302.945,1,sergio gonzalez,0.135,22.229,24.601,3,la biblia,0.077,0.523,7.219,2,tvn,0.101,0.101,3.895,1,valdivia,0.087,17.804,18.102,5,mathei,0.05,0.619,5.704,2,pesos,0.08,0.555,2.982,2,copihue,0.142,0.142,3.71,1,futbol,green,0.786,0.786,7.685,1,,,,,new york,0.921,1.183,9.246,2,messi,0.997,0.997,9.287,1,vladimir putin,0.528,0.528,10.707,1,hospital,0.82,0.82,6.204,1,everest,0.451,0.451,5.164,1,pizza,0.387,8.383,14.8,2,burj khalifa,0.462,26.044,31.274,5,michael jackson,0.653,0.653,6.339,1,the bible,0.078,8.204,27.312,3,mtv,0.497,0.497,5.641,1,paris,1.063,1.063,5.833,1,angela merkel,3.361,25.977,30.083,6,dolar,0.685,0.685,5.862,1,daisy,0.403,0.403,4.118,1,soccer,100 celsius,4.283,47.208,54.924,5,1,1,1,1,2,1,2,1,1,1,3,2,1,2,3,1,2,1,2,1,2,1,3,4,3,2,2,3,2,2,2,1,1,1,1,3,9,,,,,,,,,,,,,,,,,,,,,,,,,,,,,,,0.939393939,0.616161616,0.303030303,0.666666667,0.424242424,0.161616162,0,0.090909091,0.080808081,0.626262626,0.060606061,0,0.828282828,0.525252525,0.97979798,0.646464646,0.676767677,0.181818182,0,0.787878788,0.292929293,0,0.252525253,0.212121212,0.03030303,0.454545455,0.272727273,0.878787879,0.050505051,0.868686869,,,0.42020202,0.373737374,,,,,,,,,,,,,,,,,,,,,,,,,,,,,,,0,0,0,0,0,0,0,0,0.171717172,0,0,0,0,0,0.808080808,0.525252525,0.424242424,0.222222222,0,0.606060606,0.090909091,0,0.131313131,0.171717172,0,0.363636364,0.142857143,0.838383838,0.01010101,0.808080808,,,0.065319865,0.288985089,,,,,,,,,,,,,,,,,,,,,,,,,,,,,,,0,0,0,0,0,0,0,0,0.080808081,0,0,0,0,0,0.525252525,0,0.050505051,0.080808081,0,0.02020202,0,0,0,0.080808081,0,0.01010101,0.030612245,0.060606061,0,0.525252525,,,0.04040404,0.057259672,0.42020202,0.065319865,0.373737374,0.288985089,0.04040404,0.057259672,1.416666667,1.6,2.714285714,1.571428571,1.825595238
,,,,100,1136,TRUE,14/02/2024 19:54,,,,,,,,anonymous,en,"i consent, begin the study",male,24,chilean,chile,hispanic,0,no,multilingual (more than 2),chile,,,,,santiago,5.702,10.714,11.543,2,alexis sanchez,13.307,13.307,22.506,1,gabriel boric,0.827,0.827,12.207,1,costanera center,3.037,14.371,19.638,5,cordillera de los andes,1.631,1.631,15.721,1,empanadas,0.985,5.635,6.514,2,la moneda,0.987,14.225,18.285,3,pailita,1.205,1.205,6.424,1,logia pablo ortega,1.031,51.255,52.449,3,chilevision,2.285,7.151,7.809,2,vina del mar,0.762,8.176,8.924,4,michelle bachelet,2.096,2.096,16.963,1,peso chileno,1.218,8.109,8.684,2,copihue,0.833,4.812,5.388,2,futbol,green,2.92,7.35,8.084,2,,,,,new york,3.01,3.01,11.341,1,cristiano ronaldo,0.971,0.971,8.432,1,donald trump,0.585,10.001,11.024,2,empire state,0.842,1.821,12.968,2,mount rushmore,1.004,1.004,20.494,1,philly cheesesteak,0.649,24.333,51.047,2,statue of liberty,0.781,62.101,68.787,5,eminem,0.568,0.568,11.234,1,to kill a mockingbird,1.593,12.386,25.004,2,cnn,0.878,1.563,5.615,2,miami,0.631,0.631,5.681,1,nancy pelosi,0.819,0.819,11.529,1,american dollar,0.651,1.278,7.533,2,camellia,0.797,13.529,25.431,2,baseball,100 °c,2.049,28.366,28.681,4,2,2,2,2,2,1,2,2,2,2,2,1,2,2,3,2,1,1,2,1,2,2,2,1,3,2,3,3,3,2,2,2,2,2,2,2,10,,,,,,,,,,,,,,,,,,,,,,,,,,,,,,,0.939393939,0.616161616,0.303030303,0.666666667,0.424242424,0.232323232,0.121212121,0.03030303,0,0.111111111,0.333333333,0.696969697,0.828282828,0.525252525,0.97979798,0.646464646,0.080808081,0.212121212,0.313131313,0.01010101,0,0.101010101,0.03030303,0,0.343434343,0.060606061,0,0.878787879,0,0.01010101,,,0.453872054,0.179124579,,,,,,,,,,,,,,,,,,,,,,,,,,,,,,,0,0,0,0,0,0,0,0,0,0,0,0,0,0,0.808080808,0.525252525,0.282828283,0.131313131,0.252525253,0,0,0.161616162,0.03030303,0.01010101,0,0.02020202,0,0.838383838,0,0,,,0.053872054,0.15016835,,,,,,,,,,,,,,,,,,,,,,,,,,,,,,,0,0,0,0,0,0,0,0,0,0,0,0,0,0,0.525252525,0,0.04040404,0.03030303,0.050505051,0,0,0.01010101,0,0,0,0,0,0.060606061,0,0,,,0.035016835,0.012794613,0.453872054,0.053872054,0.179124579,0.15016835,0.035016835,0.012794613,1.833333333,1.8,2.428571429,2,2.01547619
,,,,100,1212,TRUE,14/02/2024 19:56,,,,,,,,anonymous,en,"i consent, begin the study",male,23,chilean,chile,latino,1,no,bilingual (2),chile,,,,,santiago,1.175,1.175,4.434,1,messi,0.544,0.544,5.334,1,piñera,0.35,0.35,4.985,1,la moneda,0.419,0.419,5.978,1,torres del paine,0.351,8.031,8.299,2,empanada,0.217,0.217,5.655,1,torre entel,0.62,21.035,21.655,4,eminem,0.356,11.237,13.648,2,el principito,0.237,0.237,17.05,1,mega,0.407,0.407,8.25,1,valdivia,0.377,0.377,8.414,1,michele bachelet,0.366,0.366,6.416,1,pesos,0.498,0.498,4.073,1,rosa,0.476,0.476,3.328,1,football,green,1.009,1.009,4.303,1,,,,,washington,4.723,4.723,29.679,1,ronaldo,2.938,2.938,9.789,1,biden,2.751,2.751,8.25,1,pyramid of giza,1.872,1.872,12.679,1,everest,0.823,7.895,9.515,2,pasta,1.053,1.053,7.338,1,eifel tower,1.507,25.811,29.935,2,eminem,0.645,0.645,7.552,1,the lord of the rings,0.41,0.41,5.494,1,mtv,0.615,0.615,4.658,1,italy,0.917,0.917,5.785,1,angela merkel,1.951,1.951,20.03,1,dollars,0.649,3.033,3.35,2,rose,0.487,0.487,3.359,1,football,100 degrees,3.93,11.314,27.182,2,1,3,2,1,2,2,3,2,2,2,2,2,4,1,1,2,3,1,3,3,2,4,3,3,4,4,4,4,2,2,3,2,2,3,3,2,10,,,,,,,,,,,,,,,,,,,,,,,,,,,,,,,0.939393939,0.101010101,0.101010101,0.131313131,0.01010101,0.232323232,0.050505051,0,0.080808081,0.04040404,0.060606061,0.696969697,0.828282828,0.313131313,0.97979798,0.01010101,0.080808081,0.323232323,0.02020202,0.787878788,0.161616162,0.222222222,0.03030303,0.101010101,0.03030303,0,0.272727273,0.878787879,0.656565657,0.868686869,,,0.304377104,0.296296296,,,,,,,,,,,,,,,,,,,,,,,,,,,,,,,0,0.424242424,0,0,0,0,0,0.03030303,0,0,0,0,0,0.535353535,0.808080808,0,0.282828283,0.252525253,0,0.606060606,0.232323232,0.313131313,0.03030303,0.03030303,0,0,0.142857143,0.838383838,0.535353535,0.808080808,,,0.11986532,0.271476671,,,,,,,,,,,,,,,,,,,,,,,,,,,,,,,0,0.050505051,0,0,0,0,0,0,0,0,0,0,0,0.272727273,0.525252525,0,0.04040404,0.080808081,0,0.02020202,0.060606061,0.050505051,0,0.01010101,0,0,0.030612245,0.060606061,0.272727273,0.525252525,,,0.056565657,0.076788291,0.304377104,0.11986532,0.296296296,0.271476671,0.056565657,0.076788291,2,2.4,3.428571429,2.428571429,2.564285714
,,,,100,1915,TRUE,14/02/2024 20:07,,,,,,,,anonymous,en,"i consent, begin the study",male,29,chilean,chile,latin american,0,no,bilingual (2),chile,,,,,santiago,2.643,2.643,9.541,1,messi,3.391,3.391,13.596,1,gabriel boric,6.081,12.208,36.045,2,torre entel,1.724,1.724,8.034,1,san cristobal,1.021,1.021,25.53,1,completo,1.004,1.004,6.581,1,cordillera de los andes,1.3,1.3,25.658,1,marcianeke,0.709,13.013,17.787,2,la casa de los espiritus,0.851,0.851,20.61,1,tvn,1.268,1.268,4.641,1,viña del mar,2.423,2.423,12.275,1,michelle bachelet,1.343,1.343,18.871,1,peso,0.764,0.764,5.736,1,rosa,0.985,0.985,4.471,1,soccer,green,1.556,1.556,7.008,1,,,,,paris,0.971,0.971,8.871,1,lionel messi,0.693,0.693,5.539,1,justin trudeau,1.446,1.446,39.021,1,eiffel tower,0.961,0.961,9.815,1,everest,0.912,11.855,15.043,2,pizza,0.724,0.724,8.339,1,pacific ocean,0.653,1.822,16.621,2,the weeknd,0.803,0.803,16.457,1,the bible,0.615,0.615,12.613,1,bbc,1.991,6.039,6.483,3,paris,1.826,1.826,5.24,1,angela merkel,0.684,0.684,91.317,1,dollar,0.541,0.541,5.028,1,rose,0.369,0.369,3.351,1,soccer,100° celsius,1.239,1.239,21.078,1,2,2,2,2,2,1,1,1,2,2,2,2,1,1,1,2,2,1,1,2,2,2,3,2,2,2,2,2,2,2,2,2,2,2,2,2,9,,,,,,,,,,,,,,,,,,,,,,,,,,,,,,,0.939393939,0.101010101,0.303030303,0.04040404,0.101010101,0.161616162,0.03030303,0.04040404,0.121212121,0.626262626,0.333333333,0.696969697,0.828282828,0.313131313,0.97979798,0.080808081,0.676767677,0,0.444444444,0.787878788,0.292929293,0.01010101,0.04040404,0.212121212,0.353535354,0.454545455,0.272727273,0.878787879,0.656565657,0.868686869,,,0.374410774,0.402020202,,,,,,,,,,,,,,,,,,,,,,,,,,,,,,,0,0.424242424,0,0,0,0,0,0,0,0,0,0,0,0.535353535,0.808080808,0.060606061,0.424242424,0,0.171717172,0.606060606,0.090909091,0,0.02020202,0.171717172,0,0.363636364,0.142857143,0.838383838,0.535353535,0.808080808,,,0.117845118,0.282251082,,,,,,,,,,,,,,,,,,,,,,,,,,,,,,,0,0.050505051,0,0,0,0,0,0,0,0,0,0,0,0.272727273,0.525252525,0,0.050505051,0,0.02020202,0.02020202,0,0,0,0.080808081,0,0.01010101,0.030612245,0.060606061,0.272727273,0.525252525,,,0.056565657,0.071401086,0.374410774,0.117845118,0.402020202,0.282251082,0.056565657,0.071401086,1.75,1.5,2.142857143,2,1.848214286
,,,,100,5431,TRUE,14/02/2024 21:07,,,,,,,,anonymous,en,"i consent, begin the study",female,27,chile,chile,latin american,0,no,bilingual (2),chile,,,,,santiago,15.113,15.113,25.447,1,alexis sanchez,1.725,13.603,14.823,3,nelson mandela,5.449,7.949,19.899,2,costanera center,0.373,0.373,6.017,1,san cristobal,0.26,0.26,34.772,1,cazuela,0.48,0.48,12.233,1,costanera,0.241,11.07,15.297,2,americo,0.075,0.075,14.891,1,la casa de los espíritus,0.254,0.254,10.974,1,tvn,0.235,0.235,6.106,1,frutillar,0.148,18.958,20.486,3,malala yousafzai,68.341,68.341,69.5,2,peso,0.24,0.24,3.096,1,rose,0.153,0.153,16.407,1,football,green,0.653,7.691,12.498,2,,,,,bogotá,0.954,36.874,44.71,3,alexis sanchez,0.306,0.306,5.411,1,ghandi,0.055,1.903,7.91,2,empire state,4.233,4.233,10.215,1,everest,0.288,35.663,36.315,2,pasta,12.399,12.399,17.349,1,costanera,2.805,26.439,34.622,2,chayanne,0.6,220.85,225.393,2,divergent,0.285,0.285,5.889,1,cnn,0.633,0.633,7.573,1,miami,337.511,350.103,375.307,2,malala yousafzai,0.245,11.715,12.867,3,dollar,63.885,66.819,68.284,2,rose,0.962,0.962,3.487,1,football,100°c,0.663,16.019,22.885,2,2,2,1,2,3,2,3,1,2,2,4,3,2,1,3,1,1,1,1,2,1,1,4,3,3,1,4,3,3,2,2,2,2,2,2,3,10,,,,,,,,,,,,,,,,,,,,,,,,,,,,,,,0.939393939,0.616161616,0.01010101,0.666666667,0.101010101,0.151515152,0.03030303,0.060606061,0.121212121,0.626262626,0,0.01010101,0.828282828,0.313131313,0.97979798,0,0.03030303,0,0.313131313,0.787878788,0.161616162,0,0.02020202,0,0.343434343,0.060606061,0.01010101,0.878787879,0.656565657,0.868686869,,,0.363636364,0.275420875,,,,,,,,,,,,,,,,,,,,,,,,,,,,,,,0,0,0.101010101,0,0,0,0,0,0,0,0,0,0,0.535353535,0.808080808,0,0,0,0.252525253,0.606060606,0.232323232,0,0,0,0,0.02020202,0,0.838383838,0.535353535,0.808080808,,,0.096296296,0.21952862,,,,,,,,,,,,,,,,,,,,,,,,,,,,,,,0,0,0.373737374,0,0,0,0,0,0,0,0,0,0,0.272727273,0.525252525,0,0,0,0.050505051,0.02020202,0.060606061,0,0,0,0,0,0,0.060606061,0.272727273,0.525252525,,,0.078114478,0.065993266,0.363636364,0.096296296,0.275420875,0.21952862,0.078114478,0.065993266,2.25,1.4,3,2.142857143,2.198214286
,,,,100,555,TRUE,14/02/2024 22:07,,,,,,,,anonymous,en,"i consent, begin the study",male,33,chilean,chile,latino,1,no,bilingual (2),chile,,,,,santiago,4.402,4.402,10.329,1,alexis sanchez,1.479,7.786,8.091,2,trump,1.05,1.05,6.973,1,costanera center,0.788,5.626,6.1,3,los andes,0.503,3.58,3.809,2,cazuela,0.579,0.579,3.254,1,chiloe,0.677,0.677,5.029,1,miguel bose,0.681,0.681,10.279,1,perico trepa por chile,0.582,0.582,5.53,1,tvn,0.78,6.362,9.68,2,valparaiso,0.443,0.443,4.185,1,bachelet,0.502,0.502,3.854,1,pesos,0.684,0.684,3.024,1,copihue,0.514,1.562,4.943,3,futbol,green,5.769,5.769,9.536,1,,,,,paris,0.894,0.894,3.507,1,messi,0.246,3.128,3.387,2,putin,0.241,0.241,4.646,1,eiffel tower,0.332,11.19,11.627,4,everest,0.416,8.701,8.94,2,fries,0.368,0.368,3.823,1,grand canyon,0.446,26.84,27.776,6,psy,1.113,1.113,10.779,1,bible,0.669,0.669,3.791,1,bbc,0.679,0.679,4.101,1,paris,0.674,0.674,3.183,1,thatcher,0.744,12.012,12.561,3,dollar,0.463,0.463,4.746,1,roses,0.555,0.555,4.043,1,football,100,2.012,2.012,9.282,1,3,3,2,2,2,2,2,2,3,3,2,3,3,2,2,3,2,2,3,3,3,3,3,3,4,1,1,2,4,4,3,2,3,3,3,3,10,,,,,,,,,,,,,,,,,,,,,,,,,,,,,,,0.939393939,0.616161616,0.101010101,0.666666667,0.424242424,0.151515152,0,0,0,0.626262626,0.181818182,0.696969697,0.828282828,0.525252525,0.97979798,0.080808081,0.676767677,0.181818182,0.444444444,0.787878788,0.060606061,0.02020202,0,0.212121212,0.353535354,0.454545455,0.050505051,0.878787879,0.656565657,0.868686869,,,0.449158249,0.381818182,,,,,,,,,,,,,,,,,,,,,,,,,,,,,,,0,0,0.131313131,0,0,0,0,0,0,0,0,0,0,0,0.808080808,0.060606061,0.424242424,0.222222222,0.171717172,0.606060606,0,0.01010101,0,0.171717172,0,0.363636364,0,0.838383838,0.535353535,0.808080808,,,0.062626263,0.280808081,,,,,,,,,,,,,,,,,,,,,,,,,,,,,,,0,0,0.03030303,0,0,0,0,0,0,0,0,0,0,0,0.525252525,0,0.050505051,0.080808081,0.02020202,0.02020202,0,0,0,0.080808081,0,0.01010101,0,0.060606061,0.272727273,0.525252525,,,0.037037037,0.074747475,0.449158249,0.062626263,0.381818182,0.280808081,0.037037037,0.074747475,2.416666667,2.6,2.571428571,3,2.64702381
,,,,100,1042,TRUE,14/02/2024 22:09,,,,,,,,anonymous,en,"i consent, begin the study",female,23,chilena,chile,latinoamericano,0,no,bilingual (2),chile,,,,,santiago,6.5,6.5,12.08,1,alexis sánchez,4.766,4.766,14.19,1,joe biden,3.677,3.677,20.99,1,costanera center,4.712,4.712,10.154,1,san cristóbal,4.799,4.799,16.368,1,cazuela,2.929,2.929,6.938,1,torre entel,7.166,16.241,20.484,3,marcianeke,1.459,1.459,8.003,1,don quijote,1.377,1.377,12.164,1,tvn,2.005,2.005,8.613,1,punta arenas,1.353,1.353,24.078,1,michelle bachelet,1.751,1.751,16.4,1,peso chileno,1.111,1.111,7.86,1,rosa,1.241,1.241,5.285,1,fútbol,verde,10.26,10.26,14.988,1,,,,,new york,2.636,2.636,9.478,1,leo messi,5.701,5.701,22.863,1,donald trump,1.007,1.007,5.482,1,world strate center,1.031,1.031,12.435,1,everest,1.962,1.962,6.423,1,nuddles,2.905,2.905,13.943,1,torre eifel,2.782,35.31,52.481,2,john lennon,1.954,1.954,8.83,1,orgullo y prejuicio,1.586,1.586,28.098,1,cnn,2.035,2.035,7.644,1,rio de janeiro,1.414,1.414,27.188,1,hillary clinton,1.38,23.392,25.903,4,dolar,1.287,1.287,4.467,1,rosa,1.523,1.523,16.323,1,futball,100 grados,10.539,10.539,19.063,1,2,2,2,2,2,2,3,2,2,2,4,2,1,1,1,1,2,2,2,1,1,2,4,3,4,2,3,3,3,2,2,2,2,2,2,2,10,,,,,,,,,,,,,,,,,,,,,,,,,,,,,,,0.939393939,0.616161616,0.141414141,0.666666667,0.101010101,0.151515152,0.050505051,0.04040404,0,0.626262626,0.02020202,0.696969697,0.828282828,0.313131313,0.97979798,0.646464646,0.676767677,0.212121212,0.04040404,0.787878788,0,0.222222222,0,0.01010101,0.343434343,0.02020202,0.090909091,0.878787879,0.656565657,0.868686869,,,0.411447811,0.363636364,,,,,,,,,,,,,,,,,,,,,,,,,,,,,,,0,0,0.252525253,0,0,0,0,0,0,0,0,0,0,0.535353535,0.808080808,0.525252525,0.424242424,0.131313131,0.02020202,0.606060606,0,0.313131313,0,0.02020202,0,0,0.071428571,0.838383838,0.535353535,0.808080808,,,0.106397306,0.286243386,,,,,,,,,,,,,,,,,,,,,,,,,,,,,,,0,0,0.080808081,0,0,0,0,0,0,0,0,0,0,0.272727273,0.525252525,0,0.050505051,0.03030303,0,0.02020202,0,0.050505051,0,0,0,0,0.020408163,0.060606061,0.272727273,0.525252525,,,0.058585859,0.068700612,0.411447811,0.106397306,0.363636364,0.286243386,0.058585859,0.068700612,2.25,1.4,3.142857143,2,2.198214286
,,,,100,554,TRUE,14/02/2024 22:12,,,,,,,,anonymous,en,"i consent, begin the study",male,24,chilean,chile,latino,0,no,bilingual (2),chile,,,,,santiago,0.696,0.696,4.172,1,lionel messi,0.346,0.346,8.486,1,donald turmp,0.963,0.963,8.358,1,empire state,0.253,0.253,5.575,1,everest,0.216,0.216,3.637,1,leche asada,0.057,5.145,5.438,2,torre entel,2.524,7.58,7.784,2,pailita,0.39,0.39,9.9,1,cien años de soledad,1.249,1.249,10.275,1,tvn,0.389,0.389,3.528,1,viña del mar,0.91,0.91,5.178,1,michelle bachelet,0.656,0.656,6.365,1,dollar,0.085,2.766,3.033,2,copihue,0.054,0.054,3.314,1,football,green,1.131,1.131,7.119,1,,,,,new york,2.207,2.207,7.668,1,lionel messi,1.458,1.458,9.35,1,joe biden,0.719,0.719,12.14,1,empire state,0.682,0.682,4.382,1,everest,0.384,0.384,4.338,1,pancakes,0.29,0.29,5.597,1,i dont know,2.507,2.507,25.144,1,bruno mars,0.459,0.459,5.407,1,harry potter,0.338,4.922,5.19,2,cnn,0.668,1.972,3.808,2,paris,0.424,0.424,3.73,1,queen elizabeth,1.243,8.747,9.567,2,dollar,0.328,0.328,3.212,1,sunflower,0.509,0.509,4.144,1,soccer,100 celcius,4.628,4.628,12.864,1,2,2,2,2,3,4,2,2,1,1,3,2,1,1,1,2,2,1,2,2,2,1,3,4,3,1,3,3,4,2,3,2,3,3,3,3,9,,,,,,,,,,,,,,,,,,,,,,,,,,,,,,,0.939393939,0.101010101,0.101010101,0,0.181818182,0,0.050505051,0.03030303,0.04040404,0.626262626,0.333333333,0.696969697,0.141414141,0.525252525,0.97979798,0.646464646,0.676767677,0.323232323,0.313131313,0.787878788,0,0,0.01010101,0.242424242,0.343434343,0.454545455,0.070707071,0.878787879,0.141414141,0.868686869,,,0.316498316,0.383838384,,,,,,,,,,,,,,,,,,,,,,,,,,,,,,,0,0.424242424,0.131313131,0.252525253,0.606060606,0,0,0,0,0,0,0,0.838383838,0,0.808080808,0.525252525,0.424242424,0.252525253,0.252525253,0.606060606,0,0,0.01010101,0.141414141,0,0.363636364,0.091836735,0.838383838,0.212121212,0.808080808,,,0.204040404,0.301745345,,,,,,,,,,,,,,,,,,,,,,,,,,,,,,,0,0.050505051,0.03030303,0.050505051,0.02020202,0,0,0,0,0,0,0,0.060606061,0,0.525252525,0,0.050505051,0.080808081,0.050505051,0.02020202,0,0,0,0.060606061,0,0.01010101,0.06122449,0.060606061,0.131313131,0.525252525,,,0.049158249,0.070074899,0.316498316,0.204040404,0.383838384,0.301745345,0.049158249,0.070074899,2.166666667,1.5,3,2.714285714,2.345238095
,,,,100,1168,TRUE,14/02/2024 22:12,,,,,,,,anonymous,en,"i consent, begin the study",male,22,chilean,chile,white,-1,no,multilingual (more than 2),chile,,,,,santiago,0.746,0.746,4.423,1,arturo vidal,0.372,0.372,6.848,1,gabriel boric,0.395,0.395,10.93,1,costanera center,0.354,0.354,7.334,1,los andes,0.377,0.377,51.627,1,cazuela,1.723,2.21,7.271,2,hito de la mitad de chile,0.547,0.547,34.65,1,zalo reyes,0.928,0.928,8.037,1,subterra,0.415,7.138,11.476,2,chv,0.896,0.896,4.531,1,concón,0.553,0.553,19.955,1,michelle bachelet,0.357,0.357,8.174,1,peso,0.984,8.399,13.002,2,copihue,0.437,0.437,4.341,1,futbol,verde,2.981,2.981,12.026,1,,,,,new york,1.999,1.999,12.106,1,messi,0.722,0.722,17.609,1,joe biden,2.022,2.022,14.96,1,statue of liberty,1,2.662,32.901,2,everest,1.848,1.848,13.397,1,fish n' chips,1.09,13.415,31.78,2,the equator,1.083,1.083,51.525,1,michael jackson,1.145,1.145,12.448,1,lord of the rings (any of the 3),0.644,0.644,23.329,1,cnn,1.833,1.833,7.25,1,new york,0.981,0.981,32.731,1,michelle bachelet,0.98,0.98,25.959,1,dolar,0.574,0.574,4.413,1,rose,0.582,0.582,5.642,1,football,100°c,3.397,3.397,14.746,1,3,2,2,2,3,4,2,1,2,2,3,3,1,1,1,2,1,1,1,2,2,2,1,2,4,2,4,4,3,2,1,2,3,2,3,3,9,,,,,,,,,,,,,,,,,,,,,,,,,,,,,,,0.939393939,0.171717172,0.303030303,0.666666667,0.424242424,0.151515152,0,0,0.01010101,0.111111111,0,0.696969697,0.828282828,0.525252525,0.97979798,0.646464646,0.676767677,0.323232323,0.02020202,0.787878788,0.04040404,0.04040404,0.252525253,0.101010101,0.343434343,0.121212121,0.101010101,0.878787879,0.656565657,0.868686869,,,0.387205387,0.390572391,,,,,,,,,,,,,,,,,,,,,,,,,,,,,,,0,0,0,0,0,0,0,0,0,0,0,0,0,0,0.808080808,0.525252525,0.424242424,0.252525253,0,0.606060606,0.01010101,0,0.131313131,0.03030303,0,0.121212121,0,0.838383838,0.535353535,0.808080808,,,0.053872054,0.285521886,,,,,,,,,,,,,,,,,,,,,,,,,,,,,,,0,0,0,0,0,0,0,0,0,0,0,0,0,0,0.525252525,0,0.050505051,0.080808081,0,0.02020202,0.01010101,0,0,0.01010101,0,0.01010101,0,0.060606061,0.272727273,0.525252525,,,0.035016835,0.069360269,0.387205387,0.053872054,0.390572391,0.285521886,0.035016835,0.069360269,2.416666667,1.4,2.857142857,2.285714286,2.239880952
,,,,100,603,TRUE,14/02/2024 22:14,,,,,,,,anonymous,en,"i consent, begin the study",male,29,chile,chile,latin american,0,no,bilingual (2),chile,,,,,santiago,0.272,1.289,3.527,2,arturo vidal,0.639,0.639,6.143,1,sebastián piñera,0.444,0.444,6.098,1,costanera center,2.137,2.137,5.077,1,cerro santa lucía,0.381,0.381,7.736,1,completo,0.38,0.38,4.284,1,torres del paine,1.377,6.945,7.332,2,peso pluma,0.278,0.278,10.834,1,20 poemas de amor y una canción desesperada (neruda),0.41,0.41,29.54,1,tvn,0.415,0.415,3.701,1,valdivia,0.854,0.854,3.857,1,michelle bachelet,1.077,1.077,4.663,1,peso chileno clp,0.617,0.617,5.721,1,girasol (sunflower(,0.577,0.577,9.732,1,football,green,1.612,1.612,3.932,1,,,,,new york,5.069,5.069,14.423,1,usain bolt,0.99,0.99,18.465,1,joe biden,0.896,8.33,12.684,4,eiffel tower,0.833,0.833,5.454,1,everest,0.744,0.744,5.281,1,hamburger,1.251,1.251,7.973,1,washington square,0.793,0.793,9.865,1,the weekend,0.766,0.766,9.256,1,the bible,0.566,0.566,3.637,1,bbc,0.987,2.67,3.058,2,paris,0.741,0.741,6.128,1,angela merkel,1.04,12.776,18.914,4,us dollar,0.646,1.065,4.35,2,rose,0.687,9.456,9.709,2,football,100°c,2.23,2.23,8.651,1,1,2,1,1,1,1,1,1,1,1,3,1,1,1,1,1,1,1,1,1,1,1,2,1,4,2,2,1,2,2,3,2,2,2,3,3,9,,,,,,,,,,,,,,,,,,,,,,,,,,,,,,,0.939393939,0.171717172,0.101010101,0.666666667,0.01010101,0.161616162,0.151515152,0.03030303,0.02020202,0.626262626,0.060606061,0.696969697,0.828282828,0.060606061,0.97979798,0.646464646,0,0.323232323,0.444444444,0.787878788,0.090909091,0,0.04040404,0.212121212,0.353535354,0.454545455,0.272727273,0.878787879,0.656565657,0.868686869,,,0.367003367,0.402020202,,,,,,,,,,,,,,,,,,,,,,,,,,,,,,,0,0,0,0,0,0,0,0,0,0,0,0,0,0.212121212,0.808080808,0.525252525,0,0.252525253,0.171717172,0.606060606,0,0,0.02020202,0.171717172,0,0.363636364,0.142857143,0.838383838,0.535353535,0.808080808,,,0.068013468,0.295719096,,,,,,,,,,,,,,,,,,,,,,,,,,,,,,,0,0,0,0,0,0,0,0,0,0,0,0,0,0.131313131,0.525252525,0,0,0.080808081,0.02020202,0.02020202,0,0,0,0.080808081,0,0.01010101,0.030612245,0.060606061,0.272727273,0.525252525,,,0.043771044,0.073421288,0.367003367,0.068013468,0.402020202,0.295719096,0.043771044,0.073421288,1.25,1,2,2.428571429,1.669642857
,,,,100,1094,TRUE,14/02/2024 22:15,,,,,,,,anonymous,en,"i consent, begin the study",male,24,chilean,chile,white,0,no,bilingual (2),chile,,,,,santiago,0.578,8.097,8.289,2,arturo vidal,0.547,1.624,6.671,2,gabriel boric,3.315,3.315,11.816,1,costanera center,0.125,3.283,8.068,2,aconcagua,5.113,5.113,9.38,1,completo,1.845,2.862,5.474,2,la moneda,0.499,6.926,7.19,3,luis jara,2.175,2.175,9.168,1,papelucho,0.382,0.382,6.594,1,tvn,0.172,0.172,3.36,1,viña del mar,7.032,7.032,12.724,1,michelle bachelet,18.441,18.441,30.852,1,pesos chilenos,0.183,6.513,6.695,2,copihue,0.133,0.133,4.913,1,football,green,0.755,0.755,5.688,1,,,,,santiago de chile,1.332,22.443,22.701,2,cristiano ronaldo,0.98,0.98,18.356,1,donald trump,0.844,7.662,44.151,3,empire state,0.872,2.32,7.14,2,everest,1.036,1.805,4.729,2,hamburger,0.669,9.278,17.58,2,eiffel tower,1.081,13.383,22.982,3,michael jackson,0.448,0.692,13.007,2,the little prince,0.983,22.005,22.412,2,cnn,0.824,5.513,5.836,3,paris,0.725,0.725,3.789,1,kamala harris,0.387,0.387,21.131,1,dollar,0.763,0.763,4.76,1,rose,0.309,0.568,4.141,2,football,100 celcius,1.032,1.032,19.168,1,2,1,1,1,2,1,1,1,1,2,3,2,4,2,1,2,2,1,1,3,1,2,4,3,3,1,2,3,2,3,3,2,2,1,2,2,9,,,,,,,,,,,,,,,,,,,,,,,,,,,,,,,0.939393939,0.171717172,0.303030303,0.666666667,0.101010101,0.161616162,0.121212121,0.121212121,0.151515152,0.626262626,0.333333333,0.696969697,0.828282828,0.525252525,0.97979798,0.04040404,0.080808081,0.212121212,0.313131313,0.787878788,0.090909091,0.222222222,0.252525253,0.03030303,0.343434343,0.454545455,0.070707071,0.878787879,0.656565657,0.868686869,,,0.448484848,0.353535354,,,,,,,,,,,,,,,,,,,,,,,,,,,,,,,0,0,0,0,0,0,0,0,0,0,0,0,0,0,0.808080808,0,0.282828283,0.131313131,0.252525253,0.606060606,0,0.313131313,0.131313131,0,0,0.363636364,0.040816327,0.838383838,0.535353535,0.808080808,,,0.053872054,0.286896173,,,,,,,,,,,,,,,,,,,,,,,,,,,,,,,0,0,0,0,0,0,0,0,0,0,0,0,0,0,0.525252525,0,0.04040404,0.03030303,0.050505051,0.02020202,0,0.050505051,0,0,0,0.01010101,0.020408163,0.060606061,0.272727273,0.525252525,,,0.035016835,0.072067615,0.448484848,0.053872054,0.353535354,0.286896173,0.035016835,0.072067615,1.5,1.9,2.571428571,2.142857143,2.028571429
,,,,100,1147,TRUE,14/02/2024 22:16,,,,,,,,anonymous,en,"i consent, begin the study",male,34,chile,chile,latin american,0,no,monolingual (1),chile,,,,,santiago,10.7,16.022,21.071,2,alexis sanchez,3.484,3.484,22.29,1,obama,3.429,3.429,14.035,1,costanera,7.381,7.381,14.381,1,andes,3.671,3.671,30.781,1,empanada,1.463,1.463,4.905,1,desierto atacama,4,4,18.145,1,victor jara,1.144,1.144,17.178,1,20 poemas de amor y una canción desesperada,1.117,21.865,24.299,2,tvn,2.45,2.45,8.502,1,santiago,0.975,0.975,12.687,1,angela merkel,1.49,20.746,21.924,2,clp,2.432,2.432,9.546,1,copihüe,5.381,5.381,13.575,1,football,green,2.036,6.054,7.933,2,,,,,new york,2.413,2.413,10.879,1,messi,1.216,10.971,11.743,2,obama,1.064,1.064,4.854,1,egypt pyramids,1.598,25.456,31.331,5,everest,0.679,0.679,6.359,1,pizza,0.692,0.692,14.352,1,amazonas,2.41,2.41,19.738,1,bad bunny,1.305,1.305,15.434,1,the davinci code,0.829,33.401,37.457,2,bbc,0.669,10.79,13.232,3,paris,0.469,0.469,4.407,1,angela merkel,1.673,1.673,8.782,1,usd,0.995,0.995,5.686,1,lotus,0.529,0.529,5.061,1,football,100º celcius,2.74,12.056,13.766,4,2,3,2,2,2,2,3,2,2,2,3,3,1,1,2,2,1,1,1,2,1,1,2,3,3,2,3,3,2,2,2,2,2,2,2,2,8,,,,,,,,,,,,,,,,,,,,,,,,,,,,,,,0.939393939,0.616161616,0.131313131,0.666666667,0.424242424,0.232323232,0.050505051,0.03030303,0.02020202,0.626262626,0.090909091,0.03030303,0.828282828,0.525252525,0.97979798,0.646464646,0.676767677,0.131313131,0.02020202,0.787878788,0.292929293,0,0.050505051,0.01010101,0.353535354,0.454545455,0.272727273,0.878787879,0,0.868686869,,,0.412794613,0.362962963,,,,,,,,,,,,,,,,,,,,,,,,,,,,,,,0,0,0.111111111,0,0,0,0,0,0,0,0,0.142857143,0,0,0.808080808,0.525252525,0.424242424,0.111111111,0,0.606060606,0.090909091,0,0,0,0,0.363636364,0.142857143,0.838383838,0,0.808080808,,,0.070803271,0.260702261,,,,,,,,,,,,,,,,,,,,,,,,,,,,,,,0,0,0,0,0,0,0,0,0,0,0,0.030612245,0,0,0.525252525,0,0.050505051,0,0,0.02020202,0,0,0,0,0,0.01010101,0.030612245,0.060606061,0,0.525252525,,,0.037057651,0.046485261,0.412794613,0.070803271,0.362962963,0.260702261,0.037057651,0.046485261,2.333333333,1.3,2.571428571,2,2.051190476
,,,,100,899,TRUE,14/02/2024 22:17,,,,,,,,anonymous,en,"i consent, begin the study",male,29,venezuelan,chile,latin american,0,no,bilingual (2),chile,,,,,santiago,4.406,4.406,9.279,1,messi,7.058,10.794,11.117,2,obama,0.926,0.926,4.233,1,brooklyn bridge,0.485,0.485,22.946,1,everest,0.869,0.869,16.465,1,burger,1.236,1.236,4.933,1,statu of liberty,0.372,17.125,24.243,5,michael jackson,1.128,7.192,7.532,2,narnia,0.422,14.342,14.657,2,cnn,1.775,4.989,6.321,2,paris,0.791,0.791,10.369,1,margaret thatcher,8.532,14.412,19.56,2,euro,7.657,10.552,10.915,2,rose flower,0.749,0.749,15.593,1,beisball,green,2.111,2.111,4.605,1,,,,,santiago,27.326,27.326,32.747,1,messi,4.384,8.281,13.518,2,biden,5.957,5.957,9.482,1,eiffel tower,18.731,18.731,23.919,1,himalaya,3.238,3.238,6.747,1,pizza,1.463,12.632,20.788,2,the great wall of china,1.517,21.096,21.642,2,elvis,3.176,6.177,6.581,2,bible,3.235,3.235,7.478,1,abc,2.674,2.674,12.494,1,roma,3.697,3.697,6.293,1,helen winkelmann,43.623,43.623,45.055,1,euro,1.771,17.292,20.055,3,daisy flower,0.836,0.836,11.413,1,soccer,100 °c,7.293,25.675,26.333,5,2,2,3,2,2,1,3,1,1,1,1,1,1,2,1,2,1,1,3,3,3,2,1,1,4,1,1,2,3,1,1,2,2,2,2,2,9,,,,,,,,,,,,,,,,,,,,,,,,,,,,,,,0.939393939,0.101010101,0.131313131,0,0.181818182,0,0.02020202,0.01010101,0,0.04040404,0.01010101,0.04040404,0,0.313131313,0,0.04040404,0.676767677,0.323232323,0.444444444,0.03030303,0.292929293,0,0.04040404,0.212121212,0.02020202,0.080808081,0,0.070707071,0.050505051,0.868686869,,,0.119191919,0.21010101,,,,,,,,,,,,,,,,,,,,,,,,,,,,,,,0,0.424242424,0.111111111,0,0.606060606,0,0.161616162,0.131313131,0,0,0.363636364,0,0.03030303,0.535353535,0,0,0.424242424,0.252525253,0.171717172,0,0.090909091,0,0,0.171717172,0,0.03030303,0,0.03030303,0.01010101,0.808080808,,,0.157575758,0.132659933,,,,,,,,,,,,,,,,,,,,,,,,,,,,,,,0,0.050505051,0,0,0.02020202,0,0.01010101,0,0,0,0.01010101,0,0,0.272727273,0,0,0.050505051,0.080808081,0.02020202,0,0,0,0,0.080808081,0,0,0,0,0,0.525252525,,,0.024242424,0.050505051,0.119191919,0.157575758,0.21010101,0.132659933,0.024242424,0.050505051,1.666666667,1.9,1.857142857,1.714285714,1.78452381
,,,,100,1250,TRUE,14/02/2024 22:17,,,,,,,,anonymous,en,"i consent, begin the study",female,36,chilean,chile,latina,-1,no,bilingual (2),chile,,,,,santiago,1.191,1.721,5.25,2,alexis sanchez,0.939,9.009,16.551,2,obama,0.976,0.976,31.777,1,la moneda,0.905,0.905,26.785,1,los andes,0.955,0.955,5.005,1,empanadas,0.863,0.863,19.712,1,torres del paine,0.922,0.922,13.202,1,luis jara,0.913,0.913,21.314,1,harry potter,1.037,18.641,27.953,2,cnn,0.914,0.914,10.196,1,la serena,1.018,1.018,28.339,1,bachelet,0.803,0.803,18.201,1,clp,0.906,0.906,14.826,1,rosa,1.093,1.093,8.199,1,football,green,1.254,1.254,6.298,1,,,,,londres,10.283,10.283,31.305,1,messi,3.695,3.695,14.021,1,biden,2.083,2.083,21.761,1,eiffel,1.611,1.611,16.444,1,everest,0.978,0.978,13.185,1,pizza,1.356,1.356,19.004,1,pisa tower,23.863,51.415,53.303,2,drake,1.201,1.201,32.855,1,lord of the rings,1.467,1.467,17.573,1,bbc,1.537,1.537,9.49,1,paris,1.86,1.86,17.628,1,lady gaga,1.529,51.229,55.259,3,dollar,1.215,1.215,5.412,1,rose,1.05,1.05,6.568,1,football,100c,2.331,2.331,21.333,1,2,2,2,3,3,2,2,2,2,2,3,3,2,2,2,2,2,2,2,2,2,2,3,3,3,3,3,3,3,3,3,3,3,2,2,3,9,,,,,,,,,,,,,,,,,,,,,,,,,,,,,,,0.939393939,0.616161616,0.131313131,0.131313131,0.424242424,0.232323232,0.151515152,0.121212121,0.121212121,0.04040404,0,0.696969697,0.828282828,0.313131313,0.97979798,0.080808081,0.676767677,0.323232323,0.444444444,0.787878788,0.292929293,0.01010101,0.03030303,0.101010101,0.353535354,0.454545455,0,0.878787879,0.656565657,0.868686869,,,0.381818182,0.397306397,,,,,,,,,,,,,,,,,,,,,,,,,,,,,,,0,0,0.111111111,0,0,0,0,0,0.141414141,0,0,0,0,0.535353535,0.808080808,0.080808081,0.424242424,0.252525253,0.171717172,0.606060606,0.090909091,0,0.060606061,0.03030303,0,0.363636364,0,0.838383838,0.535353535,0.808080808,,,0.106397306,0.284175084,,,,,,,,,,,,,,,,,,,,,,,,,,,,,,,0,0,0,0,0,0,0,0,0.060606061,0,0,0,0,0.272727273,0.525252525,0,0.050505051,0.080808081,0.02020202,0.02020202,0,0,0,0.01010101,0,0.01010101,0,0.060606061,0.272727273,0.525252525,,,0.057239057,0.07003367,0.381818182,0.106397306,0.397306397,0.284175084,0.057239057,0.07003367,2.333333333,2,3,2.714285714,2.511904762
,,,,100,801,TRUE,14/02/2024 22:17,,,,,,,,anonymous,en,"i consent, begin the study",male,42,chilean,chile,latin american,-1,no,bilingual (2),chile,,,,,santiago,12.223,12.223,19.787,1,marcelo rios,3.702,3.702,12.913,1,barack obama,2.099,2.099,9.531,1,costanera center,1.1,1.1,6.735,1,cordillera de los andes,1.124,1.124,7.086,1,completos,1.166,7.518,7.906,2,torre entel,2.268,7.084,13.424,4,jorge gonzalez,1.625,38.23,42.569,2,historia secreta de chile,0.917,11.99,29.252,2,tvn,1.517,1.517,8.872,1,concepcion,1.168,1.168,5.405,1,michelle bachelet,1.165,1.165,9.569,1,peso,1.165,1.165,3.808,1,rosas,0.85,0.85,4.853,1,futbol,green,7.97,7.97,17.111,1,,,,,new york,2.643,2.643,12.559,1,mike tyson,1.405,1.405,34.196,1,donald trump,1.128,1.128,7.473,1,empire state,0.881,0.881,5.429,1,mount fuji,0.956,0.956,8.087,1,hot dogs,0.871,0.871,11.3,1,tower eifell,0.703,0.703,10.247,1,bono,0.893,0.893,3.777,1,fifty shades of grey,0.956,4.94,15.593,2,bbc,1.324,1.324,4.576,1,new york,0.978,0.978,17.48,1,angela merkel,1.433,1.433,19.383,1,dollar,0.91,0.91,3.672,1,roses,0.79,0.79,3.5,1,beisball,100c (212f),7.4,18.617,34.349,5,2,2,2,2,1,2,3,2,3,2,4,3,2,2,2,2,1,2,2,2,1,2,2,4,4,1,4,4,3,3,3,2,2,2,3,3,8,,,,,,,,,,,,,,,,,,,,,,,,,,,,,,,0.939393939,0,0.131313131,0.666666667,0.424242424,0.161616162,0.050505051,0.090909091,0.01010101,0.626262626,0,0.696969697,0.828282828,0.313131313,0.97979798,0.646464646,0,0.212121212,0.313131313,0.03030303,0.01010101,0.222222222,0,0.01010101,0.353535354,0.121212121,0.272727273,0.878787879,0.656565657,0.01010101,,,0.394612795,0.249158249,,,,,,,,,,,,,,,,,,,,,,,,,,,,,,,0,0,0.111111111,0,0,0,0,0,0,0,0,0,0,0.535353535,0.808080808,0.525252525,0,0.131313131,0.252525253,0.03030303,0,0.313131313,0,0,0,0.121212121,0.142857143,0.838383838,0.535353535,0,,,0.096969697,0.192688793,,,,,,,,,,,,,,,,,,,,,,,,,,,,,,,0,0,0,0,0,0,0,0,0,0,0,0,0,0.272727273,0.525252525,0,0,0.03030303,0.050505051,0,0,0.050505051,0,0,0,0.01010101,0.030612245,0.060606061,0.272727273,0,,,0.053198653,0.033690648,0.394612795,0.096969697,0.249158249,0.192688793,0.053198653,0.033690648,2.333333333,1.8,3.142857143,2.571428571,2.461904762
,,,,100,698,TRUE,14/02/2024 22:17,,,,,,,,anonymous,en,"i consent, begin the study",male,24,chilean,chile,latin american,-1,no,bilingual (2),chile,,,,,santiago,1.298,1.298,4.462,1,arturo vidal,0.567,0.567,7.644,1,gabriel boric,0.383,0.383,10.085,1,costanera center,0.195,0.195,6.758,1,aconcagua,0.256,0.256,7.811,1,empanadas,0.387,0.668,4.815,2,isla de pascua,0.17,18.372,22.648,4,luis jara,0.471,0.471,7.419,1,el principito,0.189,7.173,15.305,3,tvn,0.161,0.161,3.173,1,valparaiso,0.285,4.605,4.888,2,michelle bachelet,0.494,0.494,14.532,1,pesos,0.569,8.826,9.286,2,copihue,0.411,0.875,19.584,2,futbol,green,0.724,0.724,4.201,1,,,,,tokyo,4.501,9.461,14.658,3,neymar,0.723,1.06,7.648,2,vladimir putin,1.256,4.217,10.237,4,eiffel tower,0.946,2.93,9.166,4,everest,0.587,0.587,4.719,1,sushi,1.36,2.537,8.34,3,eiffel tower,0.537,14.739,18.328,7,ed sheeran,0.829,1.781,8.969,3,1984,0.563,16.877,19.384,2,fox,0.578,10.916,12.728,8,paris,0.915,7.724,7.967,6,michelle bachelet,0.6,21.234,22.005,6,euro,1.389,1.389,3.392,1,orchid,0.831,7.056,7.454,2,soccer,100 celsius degree,1.315,13.596,30.8,7,1,2,1,2,3,2,3,1,2,2,1,3,3,2,1,1,3,3,2,2,2,2,2,3,3,2,3,2,3,1,1,1,1,1,1,1,8,,,,,,,,,,,,,,,,,,,,,,,,,,,,,,,0.939393939,0.171717172,0.303030303,0.666666667,0.101010101,0.232323232,0.060606061,0.121212121,0.080808081,0.626262626,0.181818182,0.696969697,0.828282828,0.525252525,0.97979798,0.02020202,0,0.181818182,0.444444444,0.787878788,0.060606061,0.222222222,0.01010101,0.050505051,0.070707071,0.454545455,0.101010101,0.070707071,0,0.868686869,,,0.434343434,0.222895623,,,,,,,,,,,,,,,,,,,,,,,,,,,,,,,0,0,0,0,0,0,0,0,0,0,0,0,0,0,0.808080808,0,0,0.222222222,0.171717172,0.606060606,0.161616162,0.313131313,0.02020202,0,0,0.363636364,0,0.03030303,0,0.808080808,,,0.053872054,0.17979798,,,,,,,,,,,,,,,,,,,,,,,,,,,,,,,0,0,0,0,0,0,0,0,0,0,0,0,0,0,0.525252525,0,0,0.080808081,0.02020202,0.02020202,0.03030303,0.050505051,0,0,0,0.01010101,0,0,0,0.525252525,,,0.035016835,0.049158249,0.434343434,0.053872054,0.222895623,0.17979798,0.035016835,0.049158249,1.916666667,2.1,2.571428571,1,1.89702381
,,,,100,799,TRUE,14/02/2024 22:19,,,,,,,,anonymous,en,"i consent, begin the study",female,22,chilean,chile,latin american,0,no,bilingual (2),chile,,,,,santiago,2.275,2.275,7.32,1,alexis sanchez,0.804,0.804,15.863,1,vladimir putin,0.296,0.296,16.726,1,costanera center,1.076,1.076,8.857,1,everest,0.754,11.081,14.504,2,pastel de jaiba,1.346,1.346,10.462,1,torres del paine,0.651,0.651,9.28,1,luis jara,0.757,0.757,5.203,1,orgullo y prejuicio,0.624,0.624,20.427,1,tvn,0.583,0.583,5.474,1,viña del mar,0.632,0.632,5.375,1,michelle bachelet,0.867,0.867,7,1,clp,0.75,0.75,3.821,1,copihue,0.824,2.249,6.166,3,football,green,1.528,1.528,5.607,1,,,,,paris,2.491,2.491,13.422,1,messi,1.409,1.409,5.086,1,putin,0.731,0.731,9.291,1,empire state building,1.016,1.016,14.613,1,everest,0.587,0.587,7.302,1,lasagna,1.225,1.225,5.948,1,the statue of liberty,1.035,1.035,31.338,1,harry styles,0.842,0.842,8.564,1,pride and prejudice,0.544,0.544,8.311,1,bbc,0.315,0.315,3.795,1,paris,0.657,10.867,11.269,2,margaret tatcher,0.947,0.947,16.282,1,dollar,0.984,0.984,4.366,1,rose,0.951,0.951,5.286,1,football,100° celsius,1.67,38.082,43.233,2,2,2,2,2,2,2,2,1,2,2,2,2,1,1,3,2,2,2,2,2,2,1,2,3,3,2,3,3,2,1,1,1,1,2,2,2,10,,,,,,,,,,,,,,,,,,,,,,,,,,,,,,,0.939393939,0.616161616,0.070707071,0.666666667,0.181818182,0,0.151515152,0.121212121,0,0.626262626,0.333333333,0.696969697,0.828282828,0.525252525,0.97979798,0.080808081,0.676767677,0.181818182,0.313131313,0.787878788,0.060606061,0.101010101,0.101010101,0.01010101,0.353535354,0.454545455,0.050505051,0.878787879,0.656565657,0.868686869,,,0.449158249,0.371717172,,,,,,,,,,,,,,,,,,,,,,,,,,,,,,,0,0,0.222222222,0,0.606060606,0,0,0,0.02020202,0,0,0,0,0,0.808080808,0.060606061,0.424242424,0.222222222,0.252525253,0.606060606,0.04040404,0.161616162,0,0.02020202,0,0.363636364,0,0.838383838,0.535353535,0.808080808,,,0.11043771,0.288888889,,,,,,,,,,,,,,,,,,,,,,,,,,,,,,,0,0,0.080808081,0,0.02020202,0,0,0,0,0,0,0,0,0,0.525252525,0,0.050505051,0.080808081,0.050505051,0.02020202,0,0.01010101,0,0,0,0.01010101,0,0.060606061,0.272727273,0.525252525,,,0.041750842,0.072053872,0.449158249,0.11043771,0.371717172,0.288888889,0.041750842,0.072053872,1.916666667,1.8,2.571428571,1.428571429,1.929166667
,,,,100,526,TRUE,14/02/2024 22:19,,,,,,,,anonymous,en,"i consent, begin the study",female,41,chilean,chile,,0,no,bilingual (2),chile,,,,,viña del mar,0.701,2.662,9.201,2,jorge valdivia,0.301,8.501,16.6,3,obama,0.201,6.119,7.384,3,la moneda,0.201,1.579,7.199,2,villarrica,0.179,1.755,19.354,2,completo,0.395,3.991,4.361,2,torres del paine,0.198,1.464,12.06,2,alberto plaza,0.101,1.241,15.1,2,siutico,0.301,1.339,3.559,2,mega,0.501,1.365,4.075,2,pucon,0.394,1.625,4.58,2,bachelet,1.292,2.541,9,2,dólares,0.301,1.267,4.173,2,rose,1.101,2.884,4.557,2,tennis,green,1.3,1.3,3.472,1,,,,,santiago,2.287,2.287,4.701,1,arturo vidal,0.501,0.501,5.748,1,bachelet,0.423,0.423,3.2,1,torre costanera,0.496,0.496,5.172,1,volcán villarrica,0.698,0.698,5.966,1,porotos con riendas,0.266,0.266,5.964,1,atacama desert,0.101,0.101,5.453,1,jorge gonzález,0.1,0.1,3.404,1,la casa de los espiritus,0.496,0.496,7.29,1,tvn,0.401,5.618,5.901,4,valparaíso,0.343,0.343,6.565,1,bachelet,0.201,4.668,4.901,2,pesos,0.377,2.307,2.656,2,copihue,0.486,2.805,3.1,2,futbol,100 celsius degrees,1.964,1.964,14.344,1,2,2,2,1,3,1,2,1,1,1,4,2,1,1,3,2,1,1,2,2,2,1,3,3,4,2,3,3,2,2,2,1,2,2,2,2,10,,,,,,,,,,,,,,,,,,,,,,,,,,,,,,,0.01010101,0.01010101,0.131313131,0.131313131,0.02020202,0.161616162,0.151515152,0,0,0.04040404,0.090909091,0.696969697,0.141414141,0.313131313,0,0.04040404,0,0,0.01010101,0,0,0,0,0,0,0,0.101010101,0.01010101,0,0.868686869,,,0.126599327,0.068686869,,,,,,,,,,,,,,,,,,,,,,,,,,,,,,,0,0,0.111111111,0,0,0,0,0,0,0,0,0,0.838383838,0.535353535,0.01010101,0,0,0,0,0,0,0,0,0,0,0,0,0,0,0.808080808,,,0.0996633,0.053872054,,,,,,,,,,,,,,,,,,,,,,,,,,,,,,,0,0,0,0,0,0,0,0,0,0,0,0,0.060606061,0.272727273,0,0,0,0,0,0,0,0,0,0,0,0,0,0,0,0.525252525,,,0.022222222,0.035016835,0.126599327,0.0996633,0.068686869,0.053872054,0.022222222,0.035016835,1.833333333,1.6,2.857142857,1.857142857,2.036904762
,,,,100,780,TRUE,14/02/2024 22:19,,,,,,,,anonymous,en,"i consent, begin the study",female,30,chilean,chile,latin american,0,no,bilingual (2),chile,,,,,santiago,1.992,1.992,7.801,1,arturo vidal,0.35,12.368,12.837,2,michelle bachelet,0.517,0.517,6.157,1,eiffel tower,0.399,6.144,9.816,2,los andes,0.432,0.432,4.466,1,pastel de choclo,0.388,0.388,6.265,1,pisa tower,0.71,0.71,9.684,1,americo,0.638,0.638,5.252,1,harry potter,0.411,0.411,7.383,1,canal 13,0.951,0.951,5.222,1,pucón,0.419,0.419,7.001,1,hilary clinton,0.472,0.472,12.3,1,dollar,0.401,0.401,2.786,1,copihue,0.32,0.32,4.021,1,football,green,1.894,1.894,4.755,1,,,,,new york,7.38,7.38,16.861,1,travis kelce,2.479,5.911,11.022,2,biden,0.981,0.981,8.348,1,eiffel tower,1.593,7.218,12.127,2,colorado,1.972,1.972,14.767,1,pizza,2.082,2.082,6.164,1,pisa tower,1.19,41.398,45.986,11,harry styles,0.897,0.897,31.392,1,harry potter,0.975,0.975,6.09,1,cnn,0.751,0.751,4.192,1,rome,0.747,7.226,19.583,3,hilary clinton,0.715,13.125,14.342,3,dollar,0.732,0.732,4.377,1,rose,0.617,0.617,4.937,1,football,100ºc,1.192,13.614,17.431,3,2,2,2,1,1,1,1,1,1,1,1,1,1,1,2,1,1,1,1,2,1,1,2,2,3,1,3,3,1,2,2,1,1,1,1,1,10,,,,,,,,,,,,,,,,,,,,,,,,,,,,,,,0.939393939,0.171717172,0.03030303,0.03030303,0.424242424,0.131313131,0,0.060606061,0.121212121,0.080808081,0.090909091,0.03030303,0.141414141,0.525252525,0.97979798,0.646464646,0.01010101,0.323232323,0.444444444,0,0.292929293,0.01010101,0.101010101,0.242424242,0.343434343,0.080808081,0.090909091,0.878787879,0.656565657,0.868686869,,,0.250505051,0.332659933,,,,,,,,,,,,,,,,,,,,,,,,,,,,,,,0,0,0,0.171717172,0,0,0,0,0.141414141,0,0,0.071428571,0.838383838,0,0.808080808,0.525252525,0,0.252525253,0.171717172,0,0.090909091,0,0,0.141414141,0,0.03030303,0.071428571,0.838383838,0.535353535,0.808080808,,,0.135401635,0.231024531,,,,,,,,,,,,,,,,,,,,,,,,,,,,,,,0,0,0,0.02020202,0,0,0,0,0.060606061,0,0,0.020408163,0.060606061,0,0.525252525,0,0,0.080808081,0.02020202,0,0,0,0,0.060606061,0,0,0.020408163,0.060606061,0.272727273,0.525252525,,,0.045804989,0.069374012,0.250505051,0.135401635,0.332659933,0.231024531,0.045804989,0.069374012,1.25,1.2,2.142857143,1.285714286,1.469642857
,,,,100,805,TRUE,14/02/2024 22:19,,,,,,,,anonymous,en,"i consent, begin the study",male,26,chilean,chile,latin american,0,no,bilingual (2),chile,,,,,santiago,0.982,4.819,10.584,3,messi,0.801,0.801,7.385,1,vladimir putin,0.304,0.304,6.801,1,costanera center,0.247,0.247,5.826,1,monte everest,1.217,10.629,14.023,2,fideos con salsa,0.314,0.314,26.708,1,torres del paine,0.132,0.132,24.696,1,beto cuevas,0.419,0.419,12.115,1,harry potter,0.365,0.365,8.428,1,cnn,0.69,0.69,3.767,1,valdivia,0.371,0.371,8.137,1,reina isabel ii,0.517,0.517,12.869,1,pesos,0.252,0.252,3.746,1,rosa,0.548,0.548,2.736,1,futbol,green,1.178,1.178,4.309,1,,,,,new york,7.936,7.936,15.069,1,lionel messi,0.936,0.936,8.043,1,vladimir putin,1.028,1.028,6.788,1,eiffel tower,0.847,0.847,12.368,1,mount everest,0.603,0.603,6.224,1,french fries,0.496,0.496,12.859,1,great wall of china,0.532,0.532,30.327,1,michael jackson,2.481,2.481,14.197,1,harry potter,0.617,0.932,10.999,3,cnn,0.647,0.647,3.893,1,rome,0.764,3.845,12.82,2,queen elizabeth ii,0.508,63.497,64.222,2,dollar,0.652,0.652,6.662,1,rose,0.636,0.636,2.856,1,football,100 °c,6.172,16.325,19.909,2,2,2,2,1,2,2,2,1,1,2,3,2,1,1,1,1,2,2,1,1,1,1,3,3,3,1,3,3,2,3,2,1,2,3,2,3,9,,,,,,,,,,,,,,,,,,,,,,,,,,,,,,,0.939393939,0.101010101,0.070707071,0.666666667,0.181818182,0.03030303,0.151515152,0,0.121212121,0.04040404,0.060606061,0,0.828282828,0.313131313,0.97979798,0.646464646,0.676767677,0.181818182,0.444444444,0.787878788,0.060606061,0.050505051,0.252525253,0.242424242,0.343434343,0.080808081,0.070707071,0.878787879,0.656565657,0.868686869,,,0.298989899,0.416161616,,,,,,,,,,,,,,,,,,,,,,,,,,,,,,,0,0.424242424,0.222222222,0,0.606060606,0.232323232,0,0,0.141414141,0,0,0.091836735,0,0.535353535,0.808080808,0.525252525,0.424242424,0.222222222,0.171717172,0.606060606,0,0.03030303,0.131313131,0.141414141,0,0.03030303,0.091836735,0.838383838,0.535353535,0.808080808,,,0.204102247,0.303765547,,,,,,,,,,,,,,,,,,,,,,,,,,,,,,,0,0.050505051,0.080808081,0,0.02020202,0.060606061,0,0,0.060606061,0,0,0.06122449,0,0.272727273,0.525252525,0,0.050505051,0.080808081,0.02020202,0.02020202,0,0,0,0.060606061,0,0,0.06122449,0.060606061,0.272727273,0.525252525,,,0.075462104,0.076808905,0.298989899,0.204102247,0.416161616,0.303765547,0.075462104,0.076808905,1.833333333,1.2,2.571428571,2.285714286,1.972619048
,,,,100,1263,TRUE,14/02/2024 22:20,,,,,,,,anonymous,en,"i consent, begin the study",male,24,chilean,chile,latin american,0,no,bilingual (2),chile,,,,,santiago,6.508,6.508,12.105,1,alexis sanchez,0.764,0.764,18.302,1,joe biden,1.718,1.718,10.871,1,costanera center,0.643,0.643,6.691,1,ojos del salado,0.491,61.272,64.631,2,empanadas,0.79,0.79,26.951,1,desierto de atacama,0.27,31.124,35.835,5,pablo chill-e,21.482,21.482,26.841,1,la casa de los espíritus,69.904,69.904,70.951,1,chilevisión,4.352,40.47,40.77,5,santiago,8.243,54.262,54.429,5,kamala harris,0.497,42.313,42.519,3,peso,2.589,5.157,10.139,4,copihue,3.677,3.677,6.661,1,futbol,green / verde,1.397,1.397,25.279,1,,,,,new york,0.683,38.854,42.586,2,cristiano ronaldo,1.114,1.114,7.887,1,donald trump,0.07,6.069,6.202,4,eiffel tower,0.004,42.034,46.766,3,everest mountain,5.247,14.828,15.019,4,pizza,0.082,6,8.615,3,eiffel tower,0.487,24.388,24.734,5,harry styles,23.674,28.112,28.328,2,don quijote,0.072,0.072,5.243,1,bbc,0.246,0.246,2.098,1,paris,0.37,0.37,5.54,1,kamala harris,0.25,12.851,13.466,4,dollar,0.213,8.226,9.542,2,rose,0.302,0.302,18.028,1,soccer,100° c,1.811,1.811,11.473,1,1,2,2,1,4,2,2,1,2,2,4,2,2,2,1,1,2,1,3,1,1,3,4,3,4,1,4,4,2,3,2,2,3,1,1,3,9,,,,,,,,,,,,,,,,,,,,,,,,,,,,,,,0.939393939,0.616161616,0.141414141,0.666666667,0.04040404,0.232323232,0.050505051,0,0.121212121,0.111111111,0.090909091,0.02020202,0.828282828,0.525252525,0.97979798,0.646464646,0.080808081,0.212121212,0.444444444,0.787878788,0.292929293,0.222222222,0.101010101,0.02020202,0.353535354,0.454545455,0.070707071,0.878787879,0.656565657,0.868686869,,,0.357575758,0.406060606,,,,,,,,,,,,,,,,,,,,,,,,,,,,,,,0,0,0.252525253,0,0,0,0,0,0,0,0,0.040816327,0,0,0.808080808,0.525252525,0.282828283,0.131313131,0.171717172,0.606060606,0.090909091,0.313131313,0,0,0,0.363636364,0.040816327,0.838383838,0.535353535,0.808080808,,,0.073428159,0.3138322,,,,,,,,,,,,,,,,,,,,,,,,,,,,,,,0,0,0.080808081,0,0,0,0,0,0,0,0,0.020408163,0,0,0.525252525,0,0.04040404,0.03030303,0.02020202,0.02020202,0,0.050505051,0,0,0,0.01010101,0.020408163,0.060606061,0.272727273,0.525252525,,,0.041764585,0.070047413,0.357575758,0.073428159,0.406060606,0.3138322,0.041764585,0.070047413,2.083333333,1.7,3.142857143,2.142857143,2.267261905
,,,,100,1192,TRUE,14/02/2024 22:21,,,,,,,,anonymous,en,"i consent, begin the study",i describe my gender in a different way (describe if you wish),23,chilean,chile,latin american,0,no,bilingual (2),chile,,,,,santiago,1.458,1.458,5.607,1,alexis sanchez,0.634,1.142,7.474,2,kim jong-un,1.234,25.379,27.087,2,costanera center,0.779,0.779,6.229,1,everest,0.727,18.601,23.863,2,cazuela,1.011,1.011,5.813,1,pharmacy,0.717,4.477,26.263,3,harry styles,0.638,0.638,16.658,1,la contadora de peliculas,0.915,29.431,38.467,3,tvn,0.732,0.732,5.16,1,chiloe,0.968,0.968,11.01,1,michelle bachelet,0.649,1.707,16.207,4,peso,0.543,0.543,7.748,1,rosa,0.397,0.397,3.681,1,futball,green,1.22,1.22,6.625,1,,,,,new york,3.858,3.858,17.951,1,alexis sanchez,2.331,2.331,31.794,1,donald trump,1.501,1.501,10.75,1,eiffel tower,1.112,23.528,34.224,2,everest,1.239,1.239,15.428,1,spaghetti,0.92,24.416,27.438,2,restaurant,2.736,9.931,34.482,2,harry styles,0.94,0.94,7.197,1,the hunger games,0.57,0.57,19.152,1,bbc,0.882,0.882,12.437,1,paris,1.215,1.215,24.384,1,queen victoria of england,0.915,76.331,115.618,2,dolar,1.545,5.28,6.174,2,rose,1.005,5.173,5.523,2,football,100c,1.25,1.25,24.287,1,1,2,2,2,3,2,1,1,1,1,4,2,3,1,3,1,1,1,1,1,1,1,3,4,4,1,4,3,2,1,1,1,1,1,1,1,11,,,,,,,,,,,,,,,,,,,,,,,,,,,,,,,0.939393939,0.616161616,0,0.666666667,0.181818182,0.151515152,0,0.01010101,0,0.626262626,0,0.696969697,0.828282828,0.313131313,0.97979798,0.646464646,0.03030303,0.212121212,0.444444444,0.787878788,0.161616162,0,0.101010101,0,0.353535354,0.454545455,0,0.878787879,0.656565657,0.868686869,,,0.400673401,0.373063973,,,,,,,,,,,,,,,,,,,,,,,,,,,,,,,0,0,0,0,0.606060606,0,0,0,0,0,0,0,0,0.535353535,0.808080808,0.525252525,0,0.131313131,0.171717172,0.606060606,0.232323232,0,0,0,0,0.363636364,0,0.838383838,0.535353535,0.808080808,,,0.12996633,0.280808081,,,,,,,,,,,,,,,,,,,,,,,,,,,,,,,0,0,0,0,0.02020202,0,0,0,0,0,0,0,0,0.272727273,0.525252525,0,0,0.03030303,0.02020202,0.02020202,0.060606061,0,0,0,0,0.01010101,0,0.060606061,0.272727273,0.525252525,,,0.054545455,0.066666667,0.400673401,0.12996633,0.373063973,0.280808081,0.054545455,0.066666667,1.833333333,1.4,3,1,1.808333333
,,,,100,900,TRUE,14/02/2024 22:22,,,,,,,,anonymous,en,"i consent, begin the study",male,25,chilean,chile,latin american,0,no,bilingual (2),chile,,,,,santiago,1.625,1.625,6.746,1,arturo vidal,1.023,1.326,11.418,2,michelle bachelet,0.673,20.604,22.889,2,costanera center,1.03,1.03,5.089,1,ojos del salado,0.264,0.264,22.687,1,empanadas,0.446,0.446,9.115,1,palacio de la moneda,0.204,21.944,23.683,2,jorge gonzález,0.451,8.64,9.021,2,la casa de los espíritus,0.082,0.578,25.336,2,tvn,0.347,0.347,3.71,1,valparaíso,0.063,0.634,10.869,3,michelle bachelet,0.011,6.364,6.557,4,peso,0.056,0.922,3.067,3,copihue,0.01,2.824,3.065,3,fútbol,green,0.741,3.833,4.318,2,,,,,new york,1.6,1.6,5.643,1,lionel messi,0.2,0.2,6.542,1,joe biden,0.256,0.256,7.361,1,eiffel tower,0.078,0.612,21.712,2,mount everest,0.48,0.48,4.7,1,hamburger,0.455,26.967,30.203,7,broadway,0.077,40.71,71.072,3,bad bunny,0.089,0.309,5.363,2,harry potter,1.057,1.736,8.11,3,cnn,0.675,6.831,7.034,3,paris,0.043,3.037,3.239,5,angela merkel,0.103,0.382,4.579,2,dollar,0.073,0.073,3.094,1,rose,0.152,0.152,12.92,1,football,100° celcius,0.741,0.741,18.416,1,3,2,1,1,2,1,2,1,2,2,4,1,1,1,2,1,1,1,1,1,2,1,1,4,4,2,2,3,3,1,2,1,1,1,1,2,9,,,,,,,,,,,,,,,,,,,,,,,,,,,,,,,0.939393939,0.171717172,0.03030303,0.666666667,0.04040404,0.232323232,0.121212121,0.090909091,0.121212121,0.626262626,0.181818182,0.696969697,0.828282828,0.525252525,0.97979798,0.646464646,0.676767677,0.323232323,0.444444444,0.787878788,0.090909091,0,0.050505051,0.242424242,0.343434343,0.454545455,0.272727273,0.878787879,0.656565657,0.868686869,,,0.416835017,0.449158249,,,,,,,,,,,,,,,,,,,,,,,,,,,,,,,0,0,0,0,0,0,0,0,0,0,0,0,0,0,0.808080808,0.525252525,0.424242424,0.252525253,0.171717172,0.606060606,0,0,0,0.141414141,0,0.363636364,0.142857143,0.838383838,0.535353535,0.808080808,,,0.053872054,0.320634921,,,,,,,,,,,,,,,,,,,,,,,,,,,,,,,0,0,0,0,0,0,0,0,0,0,0,0,0,0,0.525252525,0,0.050505051,0.080808081,0.02020202,0.02020202,0,0,0,0.060606061,0,0.01010101,0.030612245,0.060606061,0.272727273,0.525252525,,,0.035016835,0.07544149,0.416835017,0.053872054,0.449158249,0.320634921,0.035016835,0.07544149,1.833333333,1.2,2.714285714,1.285714286,1.758333333
,,,,100,686,TRUE,14/02/2024 22:22,,,,,,,,anonymous,en,"i consent, begin the study",female,34,chilean,chile,latin american,0,no,bilingual (2),chile,,,,,santiago,5.196,5.196,8.354,1,soccer,0.248,0.248,5.386,1,piñera,0.341,0.341,4.117,1,costanera center,0.15,0.15,6.637,1,the andes,0.192,0.192,7.111,1,empanadas,0.305,0.305,4.454,1,santiago,0.312,0.312,25.455,1,peso pluma,0.348,0.348,24.703,1,100 poemas de amor y una canción desesperada,0.12,0.12,20.643,1,chilevisión,0.216,0.216,8.782,1,viña del mar,0.247,0.247,11.068,1,michelle bachelet,0.236,19.044,24.435,2,peso chileno,0.199,0.199,5.391,1,rose,0.104,0.104,5.373,1,soccer,green,1.082,1.082,4.889,1,,,,,new york,7.101,7.101,18.298,1,football,1.041,1.041,9.013,1,trump,1.434,1.434,10.283,1,empire state,1.392,1.392,6.669,1,mount everest,0.308,0.308,10.865,1,french fries,0.639,0.639,7.195,1,equator line,0.433,6.271,25.457,2,usher,1.378,1.378,15.669,1,dune,0.873,0.873,7.008,1,cbs,0.804,0.804,5.335,1,paris,0.569,0.569,4.754,1,angela merkel,0.372,0.372,34.392,1,dollar,0.38,0.38,4.282,1,sunflower,0.442,0.442,7.16,1,soccer,100 degrees celcius,1.792,1.792,13.598,1,2,2,2,1,2,2,3,1,2,2,4,3,2,2,1,1,1,1,1,2,2,2,3,3,4,3,3,3,3,2,3,3,3,3,3,2,10,,,,,,,,,,,,,,,,,,,,,,,,,,,,,,,0.939393939,0,0.101010101,0.666666667,0.424242424,0.232323232,0.02020202,0.03030303,0.02020202,0.111111111,0.333333333,0.696969697,0.828282828,0.313131313,0.97979798,0.646464646,0,0.212121212,0.313131313,0.787878788,0.060606061,0.04040404,0.04040404,0,0.01010101,0.454545455,0.272727273,0.878787879,0.141414141,0.868686869,,,0.37979798,0.315151515,,,,,,,,,,,,,,,,,,,,,,,,,,,,,,,0,0,0,0,0,0,0,0,0,0,0,0,0,0.535353535,0.808080808,0.525252525,0,0.131313131,0.252525253,0.606060606,0,0,0.090909091,0,0,0.363636364,0.142857143,0.838383838,0.212121212,0.808080808,,,0.08956229,0.264742665,,,,,,,,,,,,,,,,,,,,,,,,,,,,,,,0,0,0,0,0,0,0,0,0,0,0,0,0,0.272727273,0.525252525,0,0.02020202,0.03030303,0.050505051,0.02020202,0,0,0.070707071,0,0,0.01010101,0.030612245,0.060606061,0.131313131,0.525252525,,,0.053198653,0.063320278,0.37979798,0.08956229,0.315151515,0.264742665,0.053198653,0.063320278,2.166666667,1.5,3.142857143,2.714285714,2.380952381
,,,,100,746,TRUE,14/02/2024 22:23,,,,,,,,anonymous,en,"i consent, begin the study",male,30,chilean,chile,latin american,0,no,bilingual (2),chile,,,,,santiago,9.279,9.279,15.053,1,alexis sánchez,3.442,3.442,10.783,1,barack obama,1.4,1.4,14.942,1,la moneda,2.538,2.538,13.8,1,aconcagua,1.267,1.267,20.537,1,pastel de choclos,1.33,1.33,10.7,1,portada de antofagasta,1.541,1.541,26.082,1,chayanne,2.01,2.01,10.255,1,la casa de los espíritus,1.342,1.342,13.984,1,tvn,2.029,2.029,5.457,1,viña del mar,1.681,1.681,6.438,1,michelle obama,1.785,1.785,14.978,1,peso,1.171,1.171,3.3,1,copihue,1.274,1.274,5.776,1,football,green,2.679,2.679,5.102,1,,,,,new york,2.087,2.087,6.3,1,messi,1.955,2.291,15.195,2,joe biden,2.471,8.988,9.975,2,empire state building,2.79,2.79,16.362,1,everest,1.46,1.46,6.643,1,pizza,2.026,2.026,13.853,1,the grand canyon,1.227,1.227,15.939,1,tom jones,1.434,1.434,23.228,1,harry potter,1.306,1.306,7.2,1,cnn,1.325,1.325,3.4,1,hollywood,1.345,6.137,15.8,4,angela merkel,1.338,1.338,15.581,1,dollar,1.325,1.325,3.6,1,sunflower,1.199,1.199,19.676,1,football,100°c,1.624,1.624,8.998,1,2,2,2,1,2,2,2,2,2,2,4,2,1,1,3,1,1,1,1,1,1,1,4,2,4,1,4,4,2,2,1,1,2,2,2,2,9,,,,,,,,,,,,,,,,,,,,,,,,,,,,,,,0.939393939,0.616161616,0.131313131,0.131313131,0.101010101,0.131313131,0,0.050505051,0.121212121,0.626262626,0.333333333,0.02020202,0.828282828,0.525252525,0.97979798,0.646464646,0.676767677,0.323232323,0.313131313,0.787878788,0.292929293,0.02020202,0,0.242424242,0.343434343,0,0.272727273,0.878787879,0.141414141,0.868686869,,,0.369023569,0.387205387,,,,,,,,,,,,,,,,,,,,,,,,,,,,,,,0,0,0.111111111,0,0,0,0,0,0,0,0,0.12244898,0,0,0.808080808,0.525252525,0.424242424,0.252525253,0.252525253,0.606060606,0.090909091,0.01010101,0,0.141414141,0,0,0.142857143,0.838383838,0.212121212,0.808080808,,,0.069442727,0.286964887,,,,,,,,,,,,,,,,,,,,,,,,,,,,,,,0,0,0,0,0,0,0,0,0,0,0,0.051020408,0,0,0.525252525,0,0.050505051,0.080808081,0.050505051,0.02020202,0,0,0,0.060606061,0,0,0.030612245,0.060606061,0.131313131,0.525252525,,,0.038418196,0.067360682,0.369023569,0.069442727,0.387205387,0.286964887,0.038418196,0.067360682,2.083333333,1.2,3,1.714285714,1.999404762
,,,,100,1221,TRUE,14/02/2024 22:25,,,,,,,,anonymous,en,"i consent, begin the study",female,28,chile,chile,latin american,0,no,bilingual (2),chile,,,,,santiago,0.753,0.753,5.127,1,arturo vidal,0.405,0.405,15.039,1,gabriel boric,0.229,0.229,6.571,1,la moneda,0.452,11.294,11.204,2,cerro san cristóbal,0.365,0.365,33.416,1,completo,0.267,0.267,12.684,1,plaza de armas,0.498,0.498,55.533,1,pailita,0.258,17.372,17.392,2,atomic habits,0.269,0.269,9.921,1,tvn,0.185,0.185,8.747,1,viña del mar,0.313,0.313,13.624,1,michelle bachelet,0.45,0.45,8.492,1,peso,1.238,1.238,4.088,1,rosa,0.248,0.248,4.187,1,fútbol,green,0.757,0.757,3.683,1,,,,,new york,7.685,17.71,23.132,2,messi,3.651,3.651,14.508,1,joe biden,11.127,11.127,48.926,1,empire state,2.286,2.286,34.277,1,everest,1.121,2.84,8.531,2,pasta,5.938,5.938,10.428,1,eiffel tower,2.675,51.097,56.043,2,drake,0.91,0.91,28.582,1,atomic habits,0.682,0.682,8.901,1,cnn,0.703,0.703,9.01,1,paris,0.564,0.564,12.894,1,queen elizabeth,0.574,0.574,19.939,1,dollar,0.502,0.502,3.336,1,rose,0.552,0.552,11.893,1,soccer,100 degrees celsius,1.008,45.976,53.433,3,1,2,2,2,2,2,2,2,1,1,1,1,2,2,2,1,1,2,1,2,1,2,2,2,3,1,1,2,2,1,2,1,1,1,2,2,10,,,,,,,,,,,,,,,,,,,,,,,,,,,,,,,0.939393939,0.171717172,0.303030303,0.131313131,0.101010101,0.161616162,0.03030303,0.03030303,0.01010101,0.626262626,0.333333333,0.696969697,0.828282828,0.313131313,0.97979798,0.646464646,0.676767677,0.323232323,0.313131313,0.787878788,0.161616162,0.222222222,0.03030303,0.01010101,0.343434343,0.454545455,0.070707071,0.878787879,0.656565657,0.868686869,,,0.377104377,0.42962963,,,,,,,,,,,,,,,,,,,,,,,,,,,,,,,0,0,0,0,0,0,0,0,0,0,0,0,0,0.535353535,0.808080808,0.525252525,0.424242424,0.252525253,0.252525253,0.606060606,0.232323232,0.313131313,0.060606061,0,0,0.363636364,0.091836735,0.838383838,0.535353535,0.808080808,,,0.08956229,0.353597196,,,,,,,,,,,,,,,,,,,,,,,,,,,,,,,0,0,0,0,0,0,0,0,0.01010101,0,0,0,0,0.272727273,0.525252525,0,0.050505051,0.080808081,0.050505051,0.02020202,0.060606061,0.050505051,0,0.01010101,0,0.01010101,0.06122449,0.060606061,0.272727273,0.525252525,,,0.053872054,0.083542912,0.377104377,0.08956229,0.42962963,0.353597196,0.053872054,0.083542912,1.583333333,1.6,1.857142857,1.428571429,1.617261905
,,,,100,1033,TRUE,14/02/2024 22:25,,,,,,,,anonymous,en,"i consent, begin the study",female,21,chilean,chile,latin american,-1,no,bilingual (2),chile,,,,,santiago,1.496,6.515,6.8,2,alexis sanchez,0.722,11.997,12.4,2,gabriel boric,1.701,14.299,14.75,3,costanera center,0.875,10.035,10.464,2,los andes,0.987,26.91,27.3,2,completo,1.034,12.281,12.601,2,pacific,0.887,9.875,10.293,2,justin bieber,0.922,12.98,13.39,2,the little prince,0.894,19.119,19.401,2,tvn,1.189,6.693,6.901,3,san pedro de atacama,1.266,28.495,28.8,2,taylor swift,1.384,14.213,14.7,2,usd,1.479,8.393,8.6,2,sunflower,1.256,9.163,9.548,3,football,green,1.345,1.345,7.771,1,,,,,new york city,11.876,19.15,21.601,2,messi,6.796,15.129,15.994,2,elon musk,1.903,7.666,9.185,2,empire state,1.647,12.867,17.2,2,everest,15.803,19.738,20.576,2,pizza,2.509,13.96,14.979,2,pacific,21.007,29.642,30.781,2,justin bieber,1.054,27.228,27.6,4,the little prince,1.297,20.338,21.4,3,bbc,2.751,10.388,10.803,2,new york,8.102,13.47,13.802,2,taylor swift,1.885,15.471,15.9,2,usd,1.806,4.657,6.884,3,rose,1.492,14.523,16.102,2,football,100,8.401,8.401,22.902,1,2,2,2,1,2,2,1,1,1,1,1,2,1,1,1,1,1,1,1,1,1,1,4,1,3,2,4,2,2,1,2,1,2,2,1,4,9,,,,,,,,,,,,,,,,,,,,,,,,,,,,,,,0.939393939,0.616161616,0.303030303,0.666666667,0.424242424,0.161616162,0,0.04040404,0.080808081,0.626262626,0.04040404,0.01010101,0.141414141,0.060606061,0.97979798,0.646464646,0.676767677,0,0.313131313,0.787878788,0.292929293,0,0.101010101,0.03030303,0.353535354,0.121212121,0.02020202,0.878787879,0.656565657,0.868686869,,,0.339393939,0.383164983,,,,,,,,,,,,,,,,,,,,,,,,,,,,,,,0,0,0,0,0,0,0,0.111111111,0,0,0,0,0.838383838,0.212121212,0.808080808,0.525252525,0.424242424,0,0.252525253,0.606060606,0.090909091,0,0.111111111,0,0,0.121212121,0,0.838383838,0.535353535,0.808080808,,,0.131313131,0.287542088,,,,,,,,,,,,,,,,,,,,,,,,,,,,,,,0,0,0,0,0,0,0,0.02020202,0,0,0,0,0.060606061,0.131313131,0.525252525,0,0.050505051,0,0.050505051,0.02020202,0,0,0.02020202,0,0,0.01010101,0,0.060606061,0.272727273,0.525252525,,,0.049158249,0.067340067,0.339393939,0.131313131,0.383164983,0.287542088,0.049158249,0.067340067,1.5,1,2.571428571,1.857142857,1.732142857
,,,,100,1213,TRUE,14/02/2024 22:28,,,,,,,,anonymous,en,"i consent, begin the study",male,24,chilean,chile,latin,-1,no,bilingual (2),chile,,,,,santiago,10.368,16.338,24.176,2,alexis sanchez,2.69,12.304,14.089,2,vladimir putin,4.275,25.682,26.415,2,costanera center,1.955,1.955,9.501,1,los andes,1.064,9.7,13.898,2,empanadas,1.2,1.2,5.953,1,baquedano,10.225,10.225,16.02,1,bruno mars,2.877,39.183,45.375,3,papelucho,0.822,0.822,16.149,1,chilevision,6.358,23.275,26.31,3,viña del mar,1.316,1.316,8.933,1,michelle bachelet,0.806,0.806,29.047,1,peso,1.181,9.654,11.604,2,copihue,1.033,1.033,4.727,1,football,green,4.926,4.926,9.086,1,,,,,new york,3.153,9.469,13.006,2,mbappe,1.082,1.082,12.486,1,joe biden,0.82,0.82,5.677,1,the great wall of china,0.673,48.172,51.318,2,everest,1.246,1.246,5.378,1,beans,0.74,21.708,24.811,7,orion's belt,0.979,62.059,68.207,2,the weeknd,1.388,7.035,7.323,2,lord of the rings,0.7,0.7,16.487,1,cnn,0.561,0.561,4.299,1,cancun,0.797,0.797,5.807,1,michelle obama,0.653,0.653,6.718,1,dollar,0.577,9.909,12.218,2,rose,0.882,0.882,5.648,1,football,100 degrees celsius,2.128,27.83,32.503,4,1,3,3,2,4,3,3,2,2,2,4,4,2,2,1,2,2,2,3,1,1,2,3,4,3,3,4,3,3,2,3,3,2,1,2,3,8,,,,,,,,,,,,,,,,,,,,,,,,,,,,,,,0.939393939,0.616161616,0.070707071,0.666666667,0.424242424,0.232323232,0.04040404,0,0.151515152,0.111111111,0.333333333,0.696969697,0.828282828,0.525252525,0.97979798,0.646464646,0,0.323232323,0,0.787878788,0,0,0.04040404,0.101010101,0.343434343,0.01010101,0.050505051,0.878787879,0.656565657,0.868686869,,,0.441077441,0.313804714,,,,,,,,,,,,,,,,,,,,,,,,,,,,,,,0,0,0.222222222,0,0,0,0,0.01010101,0,0,0,0,0,0,0.808080808,0.525252525,0,0.252525253,0,0.606060606,0,0,0.02020202,0.03030303,0,0,0.12244898,0.838383838,0.535353535,0.808080808,,,0.069360269,0.249240706,,,,,,,,,,,,,,,,,,,,,,,,,,,,,,,0,0,0.080808081,0,0,0,0,0,0,0,0,0,0,0,0.525252525,0,0,0.080808081,0,0.02020202,0,0,0,0.01010101,0,0,0.051020408,0.060606061,0.272727273,0.525252525,,,0.04040404,0.068047825,0.441077441,0.069360269,0.313804714,0.249240706,0.04040404,0.068047825,2.75,1.8,3.285714286,2.285714286,2.530357143
,,,,100,1608,TRUE,14/02/2024 22:28,,,,,,,,anonymous,en,"i consent, begin the study",male,42,chilean,chile,latin american,0,yes,bilingual (2),chile,,,,,santiago,9.064,9.064,17.63,1,salas,3.388,3.388,10.348,1,gabriel boric,12.623,12.623,48.422,1,gran torre santiago,1.701,1.701,31.549,1,andes,3.542,3.542,14.042,1,empanadas,4.001,4.001,20.154,1,salar de maricunga,3.009,3.009,45.169,1,bruce dickinson,4.27,4.27,46.774,1,la casa de los espiritus,1.504,26.853,32.618,2,tvn,2.896,2.896,8.097,1,castro,3.745,3.745,17.723,1,michelle bachelet,10.112,78.192,96.291,2,pesos,2.497,2.497,8.059,1,flor del inca,4.572,4.572,32.774,1,futbol,green,7.224,7.224,21.88,1,,,,,new york,6.278,6.278,19.335,1,lionel messi,5.639,5.639,35.914,1,vladimir putin,4.348,4.348,30.51,1,empire state building,2.625,2.625,33.409,1,himalayas,2.832,2.832,35.078,1,pizza,3.003,3.003,16.919,1,eiffel tower,3.461,3.461,41.404,1,bon jovi,3.413,3.413,28.126,1,it,1.852,1.852,33.123,1,bbc,3.303,3.303,17.986,1,castro,5.734,5.734,37.847,1,hillary clinton,4.901,4.901,43.238,1,dolar,2.712,2.712,9.022,1,rose,2.775,2.775,11.675,1,soccer,100 degrees celsius,11.742,42.629,59.66,3,1,2,2,2,2,1,2,1,2,2,2,2,2,2,1,1,1,1,1,2,3,2,3,3,3,2,3,3,3,2,2,2,3,3,3,2,8,,,,,,,,,,,,,,,,,,,,,,,,,,,,,,,0.939393939,0,0.303030303,0,0.424242424,0.232323232,0,0,0.121212121,0.626262626,0,0.696969697,0.828282828,0,0.97979798,0.646464646,0.676767677,0.181818182,0.313131313,0.03030303,0.292929293,0.222222222,0,0,0.353535354,0,0.090909091,0.878787879,0.656565657,0.868686869,,,0.343434343,0.347474747,,,,,,,,,,,,,,,,,,,,,,,,,,,,,,,0,0,0,0,0,0,0,0,0,0,0,0,0,0,0.808080808,0.525252525,0.424242424,0.222222222,0.252525253,0,0.090909091,0.313131313,0,0,0,0,0.071428571,0.838383838,0.535353535,0.808080808,,,0.053872054,0.272101972,,,,,,,,,,,,,,,,,,,,,,,,,,,,,,,0,0,0,0,0,0,0,0,0,0,0,0,0,0,0.525252525,0,0.050505051,0.080808081,0.050505051,0,0,0.050505051,0,0,0,0,0.020408163,0.060606061,0.272727273,0.525252525,,,0.035016835,0.074087817,0.343434343,0.053872054,0.347474747,0.272101972,0.035016835,0.074087817,1.75,1.6,2.857142857,2.428571429,2.158928571
,,,,100,1169,TRUE,14/02/2024 22:29,,,,,,,,anonymous,en,"i consent, begin the study",male,25,chilean,chile,latin american,0,no,bilingual (2),chile,,,,,concepcion,0.816,0.816,3.633,1,alexis sanchez,0.626,0.626,5.787,1,michelle bachelet,0.297,0.297,5.04,1,costanera center,0.247,7.424,7.729,2,everest,0.681,6.018,6.489,2,completo,0.04,0.55,4.4,2,torres del paine,0.013,25.394,54.507,4,zayn,0.096,0.096,3.684,1,papelucho,0.145,0.84,11.666,3,canal 13,0.354,3.975,4.321,2,pucon,0.229,0.229,9.229,1,michelle bachelet,0.134,0.459,5.489,2,clp,0.318,0.318,3.1,1,roses,0.316,0.316,3.702,1,football,green,0.704,0.704,4.537,1,,,,,australia,1.504,4,14.208,2,alexis sanchez,0.553,12.869,13.82,2,gabriel boric,0.349,42.864,51.213,2,eiffel tower,2.627,10.414,16.488,5,everest,0.626,2.156,8.25,2,pasta,0.42,2.091,4.747,2,paris,0.062,9.436,12.336,2,zayn,0.319,3.44,3.846,2,lord of the rings,0.306,264.268,267.798,19,abc,0.468,49.771,57.425,3,new york,0.291,1.597,4.977,3,michelle bachelet,0.395,8.199,61.331,2,euro,0.292,0.732,5.825,2,roses,0.573,0.573,4.145,1,football,100°c,0.731,1.546,17.317,3,1,3,2,1,2,2,3,2,2,1,3,2,1,1,1,2,2,2,2,2,2,2,2,3,2,2,2,3,3,2,2,2,2,2,2,2,9,,,,,,,,,,,,,,,,,,,,,,,,,,,,,,,0.01010101,0.616161616,0.03030303,0.666666667,0.181818182,0.161616162,0.151515152,0,0.151515152,0.080808081,0.090909091,0.696969697,0.828282828,0.313131313,0.97979798,0,0.03030303,0.01010101,0.444444444,0.787878788,0.161616162,0,0,0.101010101,0.02020202,0.121212121,0.101010101,0.070707071,0.656565657,0.868686869,,,0.330639731,0.224915825,,,,,,,,,,,,,,,,,,,,,,,,,,,,,,,0,0,0,0,0.606060606,0,0,0,0,0,0,0,0,0.535353535,0.808080808,0,0,0,0.171717172,0.606060606,0.232323232,0,0,0.03030303,0,0.121212121,0,0.03030303,0.535353535,0.808080808,,,0.12996633,0.169023569,,,,,,,,,,,,,,,,,,,,,,,,,,,,,,,0,0,0,0,0.02020202,0,0,0,0,0,0,0,0,0.272727273,0.525252525,0,0,0,0.02020202,0.02020202,0.060606061,0,0,0.01010101,0,0.01010101,0,0,0.272727273,0.525252525,,,0.054545455,0.061279461,0.330639731,0.12996633,0.224915825,0.169023569,0.054545455,0.061279461,2,1.7,2.428571429,2,2.032142857
,,,,100,534,TRUE,14/02/2024 22:29,,,,,,,,anonymous,en,"i consent, begin the study",male,31,chile,chile,white,0,no,bilingual (2),chile,,,,,viña del mar,0.764,0.764,4.47,1,alexis sánchez,0.126,0.126,7.836,1,gabriel boric,0,0,8.557,0,costanera center,0,0,5.333,0,aconcagua,0,0,5.077,0,chorrillana,0,0,5.258,0,isla de pascua,0,0,7.828,0,silvio rodríguez,0,0,13.769,0,la biblia,0,0,3.426,0,tvn,0,0,3.653,0,valparaíso,0,0,5.74,0,michelle bachelet,0,0,5.399,0,peso,0,0,2.597,0,margarita,0,0,3.617,0,fútbol,green,0,0,4.08,0,,,,,new york,7.886,7.886,21.142,1,cristiano ronaldo,1.345,1.345,11.3,1,obama,0.642,0.642,6.267,1,empire state,0.256,0.256,4.247,1,mount everest,0.31,4.9,5.267,2,fish and chips,0.398,0.398,6.649,1,eastern island,0.155,0.155,13.174,1,michael jackson,0.57,0.57,8.286,1,the bible,0.268,0.268,4.493,1,bbc,0.338,0.338,5.629,1,paris,0.401,0.401,11.144,1,michelle bachelet,0,0,10.819,0,dolar,0,0,2.242,0,daisy,0,0,3.234,0,soccer,boiling point,0,0,20.875,0,2,2,2,3,2,1,2,2,1,1,1,3,1,2,1,2,1,2,1,2,3,2,3,3,4,2,3,3,2,4,3,3,3,3,2,3,9,,,,,,,,,,,,,,,,,,,,,,,,,,,,,,,0.01010101,0.616161616,0.303030303,0.666666667,0.101010101,0,0.060606061,0,0.080808081,0.626262626,0.181818182,0.696969697,0.828282828,0.04040404,0.97979798,0.646464646,0.080808081,0.131313131,0.313131313,0.787878788,0.04040404,0.01010101,0.252525253,0.212121212,0.353535354,0.454545455,0.101010101,0.878787879,0.050505051,0.868686869,,,0.346127946,0.345454545,,,,,,,,,,,,,,,,,,,,,,,,,,,,,,,0,0,0,0,0,0,0,0,0.171717172,0,0,0,0,0.01010101,0.808080808,0.525252525,0.282828283,0.111111111,0.252525253,0.606060606,0.01010101,0,0.131313131,0.171717172,0,0.363636364,0,0.838383838,0.01010101,0.808080808,,,0.065993266,0.274074074,,,,,,,,,,,,,,,,,,,,,,,,,,,,,,,0,0,0,0,0,0,0,0,0.080808081,0,0,0,0,0,0.525252525,0,0.04040404,0,0.050505051,0.02020202,0.01010101,0,0,0.080808081,0,0.01010101,0,0.060606061,0,0.525252525,,,0.04040404,0.053198653,0.346127946,0.065993266,0.345454545,0.274074074,0.04040404,0.053198653,1.833333333,1.7,2.857142857,3,2.347619048
,,,,100,842,TRUE,14/02/2024 22:30,,,,,,,,anonymous,en,"i consent, begin the study",male,29,chilean,chile,latin american,0,no,bilingual (2),chile,,,,,santiago,1.398,1.398,6.147,1,alexis sanchez,1.051,1.051,10.682,1,gabriel boric,1.106,1.106,10.949,1,la moneda,0.961,0.961,9.791,1,andes,0.821,0.821,10.439,1,empanada,1.348,1.348,8.711,1,atacama desert,1.323,1.323,9.678,1,victor jara,1.338,1.338,8.694,1,2666,0.889,0.889,6.2,1,tvn,1.438,1.438,5.06,1,viña del mar,1.254,1.254,12.297,1,michele bachelet,1.003,1.003,9.086,1,peso,1.207,1.207,5.953,1,copihue,1.028,1.028,9.51,1,football,green,1.929,1.929,7.28,1,,,,,tokyo,7.034,7.034,16.28,1,lionel messi,2.261,10.803,17.106,2,xi jinping,1.024,1.024,17.143,1,eiffel tower,1.408,1.408,13.814,1,ojos del salado,0.802,0.802,14.527,1,pizza,1.225,1.225,6.45,1,andes mountain range,2.155,2.155,15.487,1,freddy mercury,1.647,1.647,12.481,1,1984,0.889,0.889,9.58,1,cnn,1.854,1.854,6.321,1,barcelona,1.295,1.295,8.251,1,angela merkel,1.131,1.131,8.123,1,euro,1.254,1.254,4.746,1,rose,1.12,1.12,6.534,1,football,100,8.345,8.345,16.829,1,2,3,2,2,1,2,3,3,2,2,3,2,2,1,1,2,1,2,3,3,2,2,4,3,4,2,3,4,4,4,3,2,2,3,2,2,9,,,,,,,,,,,,,,,,,,,,,,,,,,,,,,,0.939393939,0.616161616,0.303030303,0.131313131,0.424242424,0.232323232,0.050505051,0.03030303,0,0.626262626,0.333333333,0.696969697,0.828282828,0.525252525,0.97979798,0.02020202,0.676767677,0,0.444444444,0,0.292929293,0.01010101,0.02020202,0.050505051,0.343434343,0,0.272727273,0.070707071,0.656565657,0.868686869,,,0.447811448,0.248484848,,,,,,,,,,,,,,,,,,,,,,,,,,,,,,,0,0,0,0,0,0,0,0,0,0,0,0,0,0,0.808080808,0,0.424242424,0,0.171717172,0,0.090909091,0,0,0,0,0,0.142857143,0.03030303,0.535353535,0.808080808,,,0.053872054,0.146897547,,,,,,,,,,,,,,,,,,,,,,,,,,,,,,,0,0,0,0,0,0,0,0,0,0,0,0,0,0,0.525252525,0,0.050505051,0,0.02020202,0,0,0,0,0,0,0,0.030612245,0,0.272727273,0.525252525,,,0.035016835,0.059953274,0.447811448,0.053872054,0.248484848,0.146897547,0.035016835,0.059953274,2.25,1.9,3.428571429,2.571428571,2.5375
,,,,100,947,TRUE,14/02/2024 22:30,,,,,,,,anonymous,en,"i consent, begin the study",female,29,chilean,chile,latin american,-1,no,bilingual (2),chile,,,,,santiago,1.565,1.565,7.006,1,cristiano ronaldo,1.171,1.171,14.881,1,donald trump,2.26,35.971,47.438,4,costanera center,0.852,13.948,24.403,3,fuji,0.724,16.612,20.169,2,bbq,1.141,1.141,11.211,1,plaza italia,0.618,13.298,17.737,2,elton john,0.584,0.584,14.964,1,the bible,0.716,16.772,33.652,2,tvn,1.14,1.14,7.336,1,valparaíso,0.718,0.718,13.669,1,margareth thatcher,0.503,0.503,23.832,1,usd,1.17,1.17,4.086,1,rose,1.198,2.902,7.356,2,football,green,0.925,0.925,5.149,1,,,,,new york,1.956,1.956,8.577,1,lionel messi,2.626,10.497,16.485,3,barack obama,1.701,1.701,7.684,1,eiffel tower,0.356,0.356,7.27,1,the everest,1.025,13.84,16.655,3,fish and chips,0.884,0.884,6.73,1,central park,0.447,11.455,11.828,2,bob dylan,0.621,7,7.635,2,the bible,0.462,0.462,11.137,1,bbc,0.636,0.636,35.694,1,paris,0.529,0.529,4.215,1,margareth thatcher,0.32,8.201,14.551,3,usd,0.637,0.637,3.307,1,rose,0.454,0.454,3.45,1,football,100°c,1.598,1.598,10.041,1,1,1,2,1,3,1,4,1,1,1,3,1,1,1,1,2,1,1,1,1,1,3,1,3,3,1,3,1,3,1,1,1,2,2,1,1,9,,,,,,,,,,,,,,,,,,,,,,,,,,,,,,,0.939393939,0.01010101,0.101010101,0.666666667,0.01010101,0.01010101,0.04040404,0,0.080808081,0.626262626,0.181818182,0.04040404,0.141414141,0.313131313,0.97979798,0.646464646,0.676767677,0.131313131,0.444444444,0.787878788,0.04040404,0.01010101,0,0.212121212,0.353535354,0.454545455,0.050505051,0.878787879,0.656565657,0.868686869,,,0.276094276,0.414141414,,,,,,,,,,,,,,,,,,,,,,,,,,,,,,,0,0.282828283,0.131313131,0,0.03030303,0,0,0,0.171717172,0,0,0,0.838383838,0.535353535,0.808080808,0.525252525,0.424242424,0.111111111,0.171717172,0.606060606,0.01010101,0,0,0.171717172,0,0.363636364,0,0.838383838,0.535353535,0.808080808,,,0.186531987,0.304377104,,,,,,,,,,,,,,,,,,,,,,,,,,,,,,,0,0.04040404,0.03030303,0,0,0,0,0,0.080808081,0,0,0,0.060606061,0.272727273,0.525252525,0,0.050505051,0,0.02020202,0.02020202,0.01010101,0,0,0.080808081,0,0.01010101,0,0.060606061,0.272727273,0.525252525,,,0.067340067,0.07003367,0.276094276,0.186531987,0.414141414,0.304377104,0.067340067,0.07003367,1.666666667,1.3,2.142857143,1.285714286,1.598809524
,,,,100,1661,TRUE,14/02/2024 22:30,,,,,,,,anonymous,en,"i consent, begin the study",male,55,venezuela,chile,latin american,0,no,bilingual (2),chile,,,,,santiago,12.335,26.134,35.188,2,mesi,3.203,3.203,34.568,1,donald trump,3.201,3.201,44.088,1,torre de pisa,4.598,14.942,52.468,2,everest,2.938,2.938,7.575,1,pastel de choclo,3.58,14.036,24.097,2,norte,4.014,15.486,31.931,2,frank sinatra,3.82,11.468,21.545,2,el viento conoce mi nombre,1.763,1.763,118.647,1,tele 13,3.336,15.192,19.758,2,viña del mar,2.49,2.49,15.759,1,margaret thatcher,6.503,6.503,41.595,1,peso,2.473,2.473,8.222,1,margarita,1.996,1.996,9.537,1,futbol,green,6.4,20.215,24.252,2,,,,,new york,1.75,1.75,14.5,1,michael jordan,2.126,2.126,20.876,1,donald trump,1.44,1.44,8.277,1,torre eiffel,0.979,0.979,26.7,1,everest,1.502,1.502,5.235,1,lasagna,2.008,2.008,46.918,1,the moon,2.866,9.786,30.247,2,michael jackson,5.5,38.489,50.638,3,the bible,1.261,1.261,17.387,1,espn,1.873,1.873,11.206,1,francia,1.624,1.624,9.725,1,angela merkel,30.612,30.612,36.074,1,dollar,1.62,1.62,7.131,1,lily,1.161,1.161,52.023,1,futbol,100,1.482,22.61,26.735,3,2,2,2,2,3,2,3,2,2,2,3,3,2,2,2,2,3,2,2,2,2,2,3,2,3,2,2,3,3,3,2,2,2,2,2,2,9,,,,,,,,,,,,,,,,,,,,,,,,,,,,,,,0.939393939,0.101010101,0.101010101,0,0.181818182,0.131313131,0,0,0,0.080808081,0.333333333,0.04040404,0.828282828,0.04040404,0.97979798,0.646464646,0.02020202,0.212121212,0.444444444,0.787878788,0.060606061,0,0.252525253,0.212121212,0.02020202,0,0.272727273,0.878787879,0.03030303,0.868686869,,,0.250505051,0.313804714,,,,,,,,,,,,,,,,,,,,,,,,,,,,,,,0,0.424242424,0.131313131,0,0.606060606,0,0,0,0,0,0,0,0,0.01010101,0.808080808,0.525252525,0.02020202,0.131313131,0.171717172,0.606060606,0.04040404,0,0.131313131,0.171717172,0,0,0.142857143,0.838383838,0.090909091,0.808080808,,,0.131986532,0.245214045,,,,,,,,,,,,,,,,,,,,,,,,,,,,,,,0,0.050505051,0.03030303,0,0.02020202,0,0,0,0,0,0,0,0,0,0.525252525,0,0,0.03030303,0.02020202,0.02020202,0,0,0,0.080808081,0,0,0.030612245,0.060606061,0.01010101,0.525252525,,,0.041750842,0.051872466,0.250505051,0.131986532,0.313804714,0.245214045,0.041750842,0.051872466,2.333333333,2.1,2.571428571,2.142857143,2.286904762
,,,,100,842,TRUE,14/02/2024 22:31,,,,,,,,anonymous,en,"i consent, begin the study",male,30,chilean,chile,latin american,0,no,bilingual (2),chile,,,,,santiago,0.721,0.721,4.106,1,alexis sanchez,0.204,4.225,4.931,2,sebastián piñera,0.092,1.284,7.731,2,costanera center,0.151,0.151,5.53,1,cerro san cristobal,0.176,0.176,10.02,1,empanadas,0.966,0.966,3.606,1,costanera center,0.055,1.463,5.821,2,luis jara,0.057,7.075,7.773,3,el alquimista,0.312,8.259,8.686,2,tvn,0.222,5.326,5.9,2,viña del mar,0.19,0.19,5.844,1,michelle bachelet,0.427,1.219,6.647,3,peso,0.228,0.228,2.521,1,copihue,0.28,3.81,4.113,3,fútbol,green,0.789,0.846,5.012,2,,,,,new york,5.687,5.687,9.782,1,alexis sanchez,0.874,0.874,9.347,1,barack obama,0.562,0.562,6.159,1,empire state,0.488,0.488,4.496,1,everest,0.598,0.598,4.513,1,hamburguer,0.276,0.276,4.942,1,pyramids,0.379,0.379,6.329,1,justin bieber,0.452,0.452,4.647,1,harry potter,0.175,0.247,5.581,2,bbc,1.117,1.117,4.358,1,rio de janeiro,3.924,4.472,8.803,2,hillary clinton,0.493,0.493,8.82,1,dollar,0.666,0.666,3.338,1,rose,0.317,0.317,3.299,1,football,100°c,1.31,1.31,7.008,1,1,1,1,1,1,2,2,1,1,1,2,1,1,1,1,2,1,1,1,2,2,2,3,3,4,1,4,4,4,2,3,2,2,2,3,1,9,,,,,,,,,,,,,,,,,,,,,,,,,,,,,,,0.939393939,0.616161616,0.101010101,0.666666667,0.101010101,0.232323232,0.03030303,0.121212121,0,0.626262626,0.333333333,0.696969697,0.828282828,0.525252525,0.97979798,0.646464646,0.03030303,0.131313131,0.313131313,0.787878788,0.090909091,0.04040404,0.101010101,0.242424242,0.353535354,0.02020202,0.090909091,0.878787879,0.656565657,0.868686869,,,0.453198653,0.35016835,,,,,,,,,,,,,,,,,,,,,,,,,,,,,,,0,0,0,0,0,0,0,0,0.01010101,0,0,0,0,0,0.808080808,0.525252525,0,0.111111111,0.252525253,0.606060606,0,0.070707071,0.111111111,0.141414141,0,0,0.071428571,0.838383838,0.535353535,0.808080808,,,0.054545455,0.271428571,,,,,,,,,,,,,,,,,,,,,,,,,,,,,,,0,0,0,0,0,0,0,0,0,0,0,0,0,0,0.525252525,0,0,0,0.050505051,0.02020202,0,0.01010101,0.02020202,0.060606061,0,0,0.020408163,0.060606061,0.272727273,0.525252525,,,0.035016835,0.069374012,0.453198653,0.054545455,0.35016835,0.271428571,0.035016835,0.069374012,1.25,1.4,3.285714286,2.142857143,2.019642857
,,,,100,751,TRUE,14/02/2024 22:31,,,,,,,,anonymous,en,"i consent, begin the study",male,23,chiliean,chile,latino,0,no,bilingual (2),chile,,,,,santiago,5.148,5.148,10.776,1,arturo vidal,1.331,1.331,9.394,1,gabriel boric,1.255,1.255,17.759,1,costanera center,0.941,0.941,11.789,1,volcan villarica,0.557,0.557,14.989,1,pastel de choclo,1.455,1.455,8.326,1,costanera center,0.487,0.487,15.809,1,luis jara,0.53,0.53,7.3,1,papelucho,0.141,0.141,5.072,1,tvn,0.213,0.85,5.192,2,valdivia,0.142,0.142,9.06,1,michele bachelet,0.079,10.359,10.82,3,peso chileno,0.258,0.258,10.277,1,copihue,0.097,0.097,4.017,1,football,verde,1.065,1.065,5.723,1,,,,,new york,0.768,0.768,9.379,1,lieonel messi,0.385,0.385,10.358,1,barack obama,0.015,1.15,7.578,2,torre eifel,0.058,13.019,17.307,3,monte everest,0.023,0.674,8.58,2,ramen,0.001,0.829,7.461,2,central park,0.117,0.117,11.469,1,harry style,0.839,0.839,8.544,1,harry potter,0.041,0.544,9.764,2,cnn,0.414,0.414,9.117,1,tokio,0.296,7.58,8.626,2,reina isabel ii,0.051,0.6,14.784,2,dolar,0.204,0.204,3.941,1,rose,0.086,0.964,7.393,2,basketball,100 grados celcius,0.854,1.443,9.428,2,2,3,2,2,3,3,3,2,1,2,3,2,2,2,2,2,2,2,2,1,3,2,3,3,3,2,3,3,2,3,3,3,3,3,3,3,9,,,,,,,,,,,,,,,,,,,,,,,,,,,,,,,0.939393939,0.171717172,0.303030303,0.666666667,0.02020202,0.131313131,0.03030303,0.121212121,0.151515152,0.626262626,0.060606061,0.696969697,0.828282828,0.525252525,0.97979798,0.646464646,0.676767677,0.131313131,0.444444444,0.787878788,0.02020202,0.01010101,0.101010101,0.242424242,0.343434343,0.02020202,0.070707071,0.878787879,0.656565657,0.02020202,,,0.416835017,0.336700337,,,,,,,,,,,,,,,,,,,,,,,,,,,,,,,0,0,0,0,0,0,0,0,0,0,0,0,0,0,0.808080808,0.525252525,0.424242424,0.111111111,0.171717172,0.606060606,0.02020202,0,0,0.141414141,0,0.02020202,0.091836735,0.838383838,0.535353535,0.03030303,,,0.053872054,0.234405277,,,,,,,,,,,,,,,,,,,,,,,,,,,,,,,0,0,0,0,0,0,0,0,0,0,0,0,0,0,0.525252525,0,0.050505051,0,0.02020202,0.02020202,0,0,0,0.060606061,0,0,0.06122449,0.060606061,0.272727273,0,,,0.035016835,0.036404865,0.416835017,0.053872054,0.336700337,0.234405277,0.035016835,0.036404865,2.333333333,2,2.714285714,3,2.511904762
,,,,100,582,TRUE,14/02/2024 22:32,,,,,,,,anonymous,en,"i consent, begin the study",male,27,chilean,chile,latin american,0,no,bilingual (2),chile,,,,,santiago,1.655,6.376,10.244,2,alexis sánchez,1.435,1.435,6.645,1,joe biden,0.55,0.55,7.823,1,torre entel,0.455,0.455,6.763,1,aconcagua,0.694,1.222,7.961,2,empanada,0.625,0.625,4.95,1,palacio de la moneda,0.18,13.564,13.847,2,américo,0.523,0.523,5.167,1,la biblia,0.243,0.243,5.558,1,tvn,0.266,0.266,3.431,1,san pedro de atacama,0.325,0.325,7.841,1,angela merckel,0.145,0.145,6.565,1,dólar,0.48,0.48,4.259,1,añañuca,0.192,0.192,3.146,1,football,green,2.157,2.317,7.088,2,,,,,new york,0.746,0.746,6.222,1,lionel messi,0,0,5.03,1,joe biden,2.086,2.829,7.258,2,eiffel tower,0.066,0.554,4.422,2,everest,2.04,2.04,4.941,1,pizza,0.05,3.378,4.133,3,big ben,0.056,10.903,14.451,3,eminem,0.019,0.515,9.104,2,holy bible,0.096,5.2,5.429,2,cnn,0.465,0.465,4.092,1,paris,0.169,0.465,5.374,2,angela merckel,0.302,7.58,7.799,3,dollar,1.426,1.426,4.693,1,sunflower,0.625,0.625,3.83,1,soccer,100°c,0.813,0.813,5.937,1,2,1,1,2,3,3,3,1,2,2,4,2,2,3,4,1,1,1,1,3,3,3,4,4,4,1,3,3,4,3,4,2,3,4,2,3,9,,,,,,,,,,,,,,,,,,,,,,,,,,,,,,,0.939393939,0.616161616,0.141414141,0.04040404,0.101010101,0.232323232,0.121212121,0,0.080808081,0.626262626,0.04040404,0.03030303,0.141414141,0,0.97979798,0.646464646,0.676767677,0.323232323,0.444444444,0.787878788,0.292929293,0,0.03030303,0.212121212,0.343434343,0.454545455,0.272727273,0.878787879,0.141414141,0.868686869,,,0.272727273,0.424915825,,,,,,,,,,,,,,,,,,,,,,,,,,,,,,,0,0,0.252525253,0,0,0,0,0,0.171717172,0,0,0.142857143,0.838383838,0,0.808080808,0.525252525,0.424242424,0.252525253,0.171717172,0.606060606,0.090909091,0,0.03030303,0.171717172,0,0.363636364,0.142857143,0.838383838,0.212121212,0.808080808,,,0.147570948,0.309187109,,,,,,,,,,,,,,,,,,,,,,,,,,,,,,,0,0,0.080808081,0,0,0,0,0,0.080808081,0,0,0.030612245,0.060606061,0,0.525252525,0,0.050505051,0.080808081,0.02020202,0.02020202,0,0,0,0.080808081,0,0.01010101,0.030612245,0.060606061,0.131313131,0.525252525,,,0.051872466,0.067360682,0.272727273,0.147570948,0.424915825,0.309187109,0.051872466,0.067360682,2.166666667,2.2,3.285714286,3,2.663095238
,,,,100,948,TRUE,14/02/2024 22:32,,,,,,,,anonymous,en,"i consent, begin the study",male,37,chilean,chile,latin american,0,no,bilingual (2),chile,,,,,santiago,0.698,0.698,6.064,1,alexis sanchez,0.317,9.301,13.493,2,gabriel boric,0.308,0.308,7.236,1,moneda,0.615,4.072,4.554,2,aconcagua,0.59,0.911,60.23,2,porotos,0.532,0.532,5.001,1,torres del paine,0.529,17.901,18.481,3,luis jara,0.571,0.571,12.014,1,papelucho,0.235,0.235,4.197,1,tvn,0.397,0.397,3.863,1,pucon,0.715,0.715,4.754,1,michelle bachelet,0.393,12.857,13.261,2,peso,0.759,0.759,6.2,1,copihue,0.4,0.4,4.499,1,futbol,verde,0.847,0.847,9.472,1,,,,,new york,2.301,3.317,24.968,3,messi,0.942,0.942,10.404,1,joe biden,2.532,2.532,8.802,1,empire state,1.397,1.397,16.326,1,everest,1.981,1.981,19.69,1,hamburger,0.996,0.996,18.002,1,great cannon,0.755,10.26,16.404,5,michael jackson,1.499,1.499,10.86,1,lord of the rings,0.776,1.119,12.369,2,bbc,1.137,1.137,5.503,1,paris,0.439,0.439,5.102,1,michelle bachelet,0.767,0.767,34.504,1,usd,1.367,1.367,4.263,1,rose,0.769,0.769,7.451,1,football,100 c,1.322,1.322,46.188,1,2,2,2,2,2,2,2,2,2,2,3,2,1,1,2,2,2,2,2,2,2,2,3,2,3,2,3,3,2,2,2,2,2,2,2,2,9,,,,,,,,,,,,,,,,,,,,,,,,,,,,,,,0.939393939,0.616161616,0.303030303,0.131313131,0.101010101,0.121212121,0.151515152,0.121212121,0.151515152,0.626262626,0.090909091,0.696969697,0.828282828,0.525252525,0.97979798,0.646464646,0.676767677,0.323232323,0.313131313,0.787878788,0.090909091,0.02020202,0.252525253,0.101010101,0.353535354,0.454545455,0.101010101,0.878787879,0.656565657,0.868686869,,,0.425589226,0.435016835,,,,,,,,,,,,,,,,,,,,,,,,,,,,,,,0,0,0,0,0,0,0,0,0,0,0,0,0,0,0.808080808,0.525252525,0.424242424,0.252525253,0.252525253,0.606060606,0,0.01010101,0.131313131,0.03030303,0,0.363636364,0,0.838383838,0.535353535,0.808080808,,,0.053872054,0.318518519,,,,,,,,,,,,,,,,,,,,,,,,,,,,,,,0,0,0,0,0,0,0,0,0,0,0,0,0,0,0.525252525,0,0.050505051,0.080808081,0.050505051,0.02020202,0,0,0,0.01010101,0,0.01010101,0,0.060606061,0.272727273,0.525252525,,,0.035016835,0.072053872,0.425589226,0.053872054,0.435016835,0.318518519,0.035016835,0.072053872,2.083333333,1.8,2.571428571,2,2.113690476
,,,,100,895,TRUE,14/02/2024 22:33,,,,,,,,anonymous,en,"i consent, begin the study",male,23,chilean,chile,white-latin im white but from latin america,1,no,bilingual (2),chile,,,,,santiago,1.7,1.7,10.618,1,alexis sanchez,1.196,1.196,7.825,1,gabriel boric,1.028,1.028,6.256,1,la moneda,0.751,0.751,4.437,1,los andes,0.621,0.621,4.067,1,porotos,0.639,0.999,5.047,2,la moneda,1.382,14.245,16.569,4,lucho jara,0.793,5.276,5.902,2,fulgor y muerte de joaquín murieta,0.473,30.742,31.03,3,tvn,1.514,1.514,3.618,1,santiago,0.596,5.059,5.201,2,ellen johnson sirleaf,1.67,26.515,27.381,4,dolar,1.758,1.758,4.742,1,copihue,0.276,4.337,4.581,2,futbol,verde,1.695,7.737,10.06,4,,,,,washington dc,0.763,0.763,10.35,1,lionel messi,0.72,0.72,4.909,1,donald trump,0.133,0.133,8.081,1,empire states,3.246,3.246,8.712,1,los andes,2.166,2.786,6.191,2,pizza,0.457,0.457,9.664,1,las piramides de gizza,0.857,0.857,12.448,1,justin bieber,0.4,0.4,6.729,1,el arte de la guerra,1.486,1.486,13.312,1,canal 13,53.425,57.202,57.572,3,praga,16.566,16.566,18.811,1,margaret tacher,24.864,25.184,30.73,2,dolar,5.854,5.854,8.811,1,rosa,15.147,20.492,21.594,2,futbol,100 °c,2.523,2.523,14.853,1,2,1,1,2,3,2,4,1,1,2,4,3,1,2,1,2,2,1,3,2,1,3,3,4,4,2,4,4,4,3,3,2,3,4,4,2,10,,,,,,,,,,,,,,,,,,,,,,,,,,,,,,,0.939393939,0.616161616,0.303030303,0.131313131,0.424242424,0.121212121,0.121212121,0.121212121,0,0.626262626,0.090909091,0,0.141414141,0.525252525,0.97979798,0.01010101,0.676767677,0.212121212,0.313131313,0.03030303,0.292929293,0.04040404,0.101010101,0,0,0,0.050505051,0.878787879,0.656565657,0.868686869,,,0.342760943,0.275420875,,,,,,,,,,,,,,,,,,,,,,,,,,,,,,,0,0,0,0,0,0,0,0,0,0,0,0,0.838383838,0,0.808080808,0,0.424242424,0.131313131,0.252525253,0,0.090909091,0.070707071,0.111111111,0,0,0,0,0.838383838,0.535353535,0.808080808,,,0.10976431,0.217508418,,,,,,,,,,,,,,,,,,,,,,,,,,,,,,,0,0,0,0,0,0,0,0,0,0,0,0,0.060606061,0,0.525252525,0,0.050505051,0.03030303,0.050505051,0,0,0.01010101,0.02020202,0,0,0,0,0.060606061,0.272727273,0.525252525,,,0.039057239,0.068013468,0.342760943,0.10976431,0.275420875,0.217508418,0.039057239,0.068013468,2.166666667,1.8,3.571428571,3,2.63452381
,,,,100,904,TRUE,14/02/2024 22:34,,,,,,,,anonymous,en,"i consent, begin the study",male,23,chilean,chile,latin america,0,no,bilingual (2),chile,,,,,valparaiso,5.891,5.891,17.573,1,alexis sanchez,3.175,9.251,15.035,2,joe biden,1.277,33.948,37.662,3,torre entel,0.608,0.608,5.333,1,aconcagua,0.555,7.316,7.627,2,completo,0.515,0.515,4.434,1,estacion central,0.423,28.767,29.194,6,bad bunny,0.803,14.145,14.535,4,historia secreta de chile,0.788,0.788,51.738,1,teletrece,1.771,2.47,6.42,2,punta arenas,1.268,4.486,8.201,3,michelle obama,0.867,0.867,35.893,1,peso,0.716,0.716,8.429,1,copihue,0.305,0.305,9.357,1,football,green,2.03,2.504,8.067,2,,,,,new york,0.68,2.608,6.666,2,cristiano ronaldo,0,0,6.308,0,joe biden,0,0,3.657,0,twin towers,0,0,4.726,0,everest,0,0,6.883,0,sushi,0,0,5.019,0,metro,0,0,7.521,0,bad bunny,0,0,4.933,0,antichrist,0,0,11.101,0,bcc,0,0,2.836,0,rome,0,0,4.993,0,michelle obama,0,0,4.951,0,dollar,4.786,4.786,5.817,1,rose,0,0,5.433,0,soccer,100 celsius,9.667,9.667,34.954,1,2,2,2,2,3,3,2,2,2,1,3,2,2,1,1,2,1,2,2,2,1,2,2,3,4,2,3,3,1,1,2,1,1,1,1,1,9,,,,,,,,,,,,,,,,,,,,,,,,,,,,,,,0,0.616161616,0.141414141,0.04040404,0.101010101,0.161616162,0,0.070707071,0.01010101,0.080808081,0.02020202,0.02020202,0.828282828,0.525252525,0.97979798,0.646464646,0.080808081,0.323232323,0.04040404,0.787878788,0.060606061,0,0.050505051,0,0.353535354,0.080808081,0.050505051,0.878787879,0.656565657,0.868686869,,,0.23973064,0.325252525,,,,,,,,,,,,,,,,,,,,,,,,,,,,,,,0,0,0.252525253,0,0,0,0,0,0,0,0,0.12244898,0,0,0.808080808,0.525252525,0.282828283,0.252525253,0.02020202,0.606060606,0.161616162,0,0,0,0,0.03030303,0.12244898,0.838383838,0.535353535,0.808080808,,,0.078870336,0.278870336,,,,,,,,,,,,,,,,,,,,,,,,,,,,,,,0,0,0.080808081,0,0,0,0,0,0,0,0,0.051020408,0,0,0.525252525,0,0.04040404,0.080808081,0,0.02020202,0.03030303,0,0,0,0,0,0.051020408,0.060606061,0.272727273,0.525252525,,,0.043805401,0.072088229,0.23973064,0.078870336,0.325252525,0.278870336,0.043805401,0.072088229,2.166666667,1.6,2.571428571,1.142857143,1.870238095
,,,,100,1150,TRUE,14/02/2024 22:34,,,,,,,,anonymous,en,"i consent, begin the study",male,24,chilean,chile,latin american,0,no,bilingual (2),chile,,,,,santiago,1.338,1.338,11.715,1,arturo vidal,0.915,0.915,19.246,1,sebastian piñera,0.357,0.357,10.226,1,costanera center,0.822,0.822,9.282,1,cordillera de los andes,0.343,5.442,21.155,2,pizza,0.846,0.846,9.351,1,plaza italia,0.9,18.764,25.665,2,marcianeke,0.737,8.229,18.112,2,biblia,0.577,0.577,12.847,1,tvn,1.258,1.258,6.333,1,viña del mar,0.798,0.798,6.954,1,bachelet,0.559,0.559,6.076,1,peso,0.612,0.612,4.478,1,copihue,0.295,0.295,4.215,1,futbol,green,1.907,1.907,10.749,1,,,,,new york,1.052,1.052,7.394,1,michael jordan,0.226,8.435,16.779,3,joe biden,0.476,0.476,6.602,1,empire state,0.779,0.779,23.726,1,everest,0.288,9.598,13.803,2,pizza,0.304,0.304,4.072,1,statue of liberty,0.302,8.469,23.93,2,michael jackson,0.661,9.269,15.738,2,the bible,0.304,6.64,14.131,2,cnn,0.576,4.672,5.26,2,paris,0.605,0.605,9.205,1,hillary clinton,1.292,8.604,13.92,2,dollar,0.405,0.405,3.77,1,rose,0.305,4.038,20.265,2,football,100 °c,3.735,3.735,23.379,1,3,2,2,2,2,1,2,2,2,2,4,2,1,1,2,2,2,1,2,3,2,2,3,1,4,2,4,4,4,2,3,2,2,2,2,1,9,,,,,,,,,,,,,,,,,,,,,,,,,,,,,,,0.939393939,0.171717172,0.101010101,0.666666667,0.424242424,0,0.04040404,0.04040404,0.080808081,0.626262626,0.333333333,0.696969697,0.828282828,0.525252525,0.97979798,0.646464646,0.02020202,0.323232323,0.313131313,0.787878788,0.292929293,0.101010101,0.252525253,0.212121212,0.343434343,0.454545455,0.090909091,0.878787879,0.656565657,0.868686869,,,0.43030303,0.416161616,,,,,,,,,,,,,,,,,,,,,,,,,,,,,,,0,0,0,0,0,0.090909091,0,0,0.171717172,0,0,0,0,0,0.808080808,0.525252525,0.02020202,0.252525253,0.252525253,0.606060606,0.090909091,0.161616162,0.131313131,0.171717172,0,0.363636364,0.071428571,0.838383838,0.535353535,0.808080808,,,0.071380471,0.321933622,,,,,,,,,,,,,,,,,,,,,,,,,,,,,,,0,0,0,0,0,0,0,0,0.080808081,0,0,0,0,0,0.525252525,0,0,0.080808081,0.050505051,0.02020202,0,0.01010101,0,0.080808081,0,0.01010101,0.020408163,0.060606061,0.272727273,0.525252525,,,0.04040404,0.075434618,0.43030303,0.071380471,0.416161616,0.321933622,0.04040404,0.075434618,2.166666667,1.8,3.142857143,2,2.277380952
,,,,100,1364,TRUE,14/02/2024 22:35,,,,,,,,anonymous,en,"i consent, begin the study",male,25,chilean,chile,latin american,-1,no,bilingual (2),chile,,,,,santiago,6.559,6.559,18.165,1,alexis sanchez,1.179,1.179,26.75,1,joe biden,2.721,2.721,17.293,1,costanera center,1.048,1.048,12.094,1,everest,1.143,1.143,15.942,1,porotos,2.912,2.912,8.293,1,la moneda,2.396,32.229,75.218,2,juan gabriel,1.259,1.259,12.216,1,el principito,0.922,0.922,27.381,1,tvn,1.035,20.447,23.353,2,valparaíso,1.815,1.815,10.198,1,michelle bachelet,0.59,92.378,92.862,9,peso,0.564,0.564,4.442,1,margarita,0.601,0.601,9.536,1,football,green,1.383,1.898,9.002,2,,,,,new york,1.078,1.078,14.27,1,lionel messi,0.469,6.435,20.164,2,joe biden,0.328,0.328,3.931,1,burj khalifa,0.403,27.623,46.007,2,everest,0.34,0.34,3.272,1,spaghetti,0.854,7.1,11.765,2,eiffel tower,0.404,57.4,60.899,8,eminem,0.265,0.265,17.65,1,the little prince,0.456,0.456,24.634,1,nbc,1.185,1.185,46.886,1,paris,0.557,0.557,6.342,1,angela merkel,1.074,1.074,6.9,1,dollar,0.496,0.496,3.071,1,rose,0.763,16.557,18.609,3,football,100,0.833,4.153,10.88,3,3,2,2,2,3,2,3,1,1,2,4,3,2,2,1,1,1,1,1,1,1,1,2,4,4,1,4,4,4,3,3,2,2,3,3,4,8,,,,,,,,,,,,,,,,,,,,,,,,,,,,,,,0.939393939,0.616161616,0.141414141,0.666666667,0.181818182,0.121212121,0.121212121,0,0.080808081,0.626262626,0.181818182,0.696969697,0.828282828,0.04040404,0.97979798,0.646464646,0.676767677,0.323232323,0.01010101,0.787878788,0.161616162,0.222222222,0.03030303,0.03030303,0,0.454545455,0.272727273,0.878787879,0.656565657,0.868686869,,,0.414814815,0.401346801,,,,,,,,,,,,,,,,,,,,,,,,,,,,,,,0,0,0.252525253,0,0.606060606,0,0,0,0,0,0,0,0,0.01010101,0.808080808,0.525252525,0.424242424,0.252525253,0.03030303,0.606060606,0.232323232,0.313131313,0.03030303,0,0,0.363636364,0.142857143,0.838383838,0.535353535,0.808080808,,,0.111784512,0.34016354,,,,,,,,,,,,,,,,,,,,,,,,,,,,,,,0,0,0.080808081,0,0.02020202,0,0,0,0,0,0,0,0,0,0.525252525,0,0.050505051,0.080808081,0,0.02020202,0.060606061,0.050505051,0,0,0,0.01010101,0.030612245,0.060606061,0.272727273,0.525252525,,,0.041750842,0.077461692,0.414814815,0.111784512,0.401346801,0.34016354,0.041750842,0.077461692,2.333333333,1.2,3.285714286,2.857142857,2.419047619
,,,,100,1015,TRUE,14/02/2024 22:36,,,,,,,,anonymous,en,"i consent, begin the study",male,55,chilena,chile,latino,0,no,bilingual (2),chile,,,,,santiago,2.964,2.964,8.752,1,messi,1.754,1.754,6.683,1,putin,1.943,1.943,6.651,1,costanera center,2.027,2.027,9.883,1,aconcagua,1.892,1.892,12.843,1,porotos,2.196,2.196,6.723,1,la cordillera de los andes,1.733,1.733,14.614,1,luis miguel,3.316,3.316,10.466,1,el señor de los anillos,2.453,2.453,26.221,1,rt,2.976,2.976,9.016,1,viña del mar,2.51,2.51,10.466,1,michelle bachelet,2.355,2.355,9.405,1,dolar,2.31,2.31,6.781,1,copihue,1.841,1.841,6.579,1,futbol,verde,1.821,1.821,4.801,1,,,,,santiago,20.439,22.335,32.774,2,messi,5.145,5.145,9.885,1,joe biden,4.1,4.1,14.564,1,empire states,5.613,5.613,15.935,1,k2,5.209,5.209,9.902,1,pico de gallo,4.059,4.059,18.482,1,la osa polar,4.02,4.02,14.094,1,luis miguel,3.04,3.04,9.451,1,cien años de soledad,2.167,2.167,9.378,1,cnn,3.529,3.529,7.974,1,paris,2.371,2.371,7.379,1,angela merkel,2.822,2.822,9.322,1,dolar,2.262,2.262,6.225,1,hibisco,2.208,2.208,8.601,1,futbol,100c,2.006,2.006,10.912,1,1,1,1,1,1,1,1,1,1,1,1,1,1,1,1,1,1,1,1,1,1,1,1,2,3,1,2,2,2,1,1,1,1,1,1,1,9,,,,,,,,,,,,,,,,,,,,,,,,,,,,,,,0.939393939,0.101010101,0.070707071,0.666666667,0.101010101,0.121212121,0.03030303,0.02020202,0.01010101,0,0.333333333,0.696969697,0.141414141,0.525252525,0.97979798,0.04040404,0.676767677,0.323232323,0.313131313,0,0,0,0,0,0.343434343,0.454545455,0.272727273,0.878787879,0,0.868686869,,,0.315824916,0.278114478,,,,,,,,,,,,,,,,,,,,,,,,,,,,,,,0,0.424242424,0.222222222,0,0,0,0,0,0.03030303,0,0,0,0.838383838,0,0.808080808,0,0.424242424,0.252525253,0.252525253,0,0,0,0,0,0,0.363636364,0.142857143,0.838383838,0,0.808080808,,,0.154882155,0.205483405,,,,,,,,,,,,,,,,,,,,,,,,,,,,,,,0,0.050505051,0.080808081,0,0,0,0,0,0.01010101,0,0,0,0.060606061,0,0.525252525,0,0.050505051,0.080808081,0.050505051,0,0,0,0,0,0,0.01010101,0.030612245,0.060606061,0,0.525252525,,,0.048484848,0.053892668,0.315824916,0.154882155,0.278114478,0.205483405,0.048484848,0.053892668,1,1,1.857142857,1,1.214285714
,,,,100,1664,TRUE,14/02/2024 22:36,,,,,,,,anonymous,en,"i consent, begin the study",male,24,venezuelan,chile,latin american-partial white background.,0,no,bilingual (2),chile,,,,,santiago,11.664,11.664,39.766,1,alexis sanchez,1.335,1.335,21.675,1,gabriel boric,2.774,29.242,34.278,2,palacio de la moneda,1.026,1.026,32.102,1,cordillera de los andes,1.08,11.366,15.421,4,porotos con rienda,4.394,4.394,47.922,1,isla de pascua,1.001,1.001,88.985,1,bad bunny,0.681,0.681,22.231,1,hija de la fortuna,0.286,0.286,52.03,1,chilevision,4.938,97.477,105.916,6,santiago,9.142,15.554,30.565,2,bachelet,3.534,3.534,25.192,1,dolar,0.706,9.956,10.697,3,girasoles,0.501,0.501,43.219,1,futbol,green,2.682,2.682,11.527,1,,,,,new york,1.118,1.118,29.492,1,lionel messi,1.245,12.352,19.38,4,vladimir putin,0.28,4.44,32.247,3,eiffel tower,2.289,2.289,12.91,1,mount everest,0.349,0.349,7.041,1,pizza,74.675,74.675,77.708,1,statue of liberty,0.597,0.597,58.524,1,michael jackson,0.235,0.235,20.685,1,the bible,0.245,0.245,21.169,1,bbc,0.623,0.623,17.228,1,paris,0.516,0.516,7.961,1,angela merkel,0.467,0.89,28.754,2,dollar,0.63,0.63,6.556,1,sunflower,0.312,0.312,5.377,1,soccer,100 celsius.,2.627,2.627,30.31,1,3,2,2,1,2,2,2,2,2,1,1,1,1,1,1,2,2,1,2,3,2,2,1,3,3,1,4,3,3,3,3,2,2,2,2,4,9,,,,,,,,,,,,,,,,,,,,,,,,,,,,,,,0.939393939,0.616161616,0.303030303,0.131313131,0.424242424,0.121212121,0.060606061,0.070707071,0,0.111111111,0.090909091,0.696969697,0.141414141,0.060606061,0.97979798,0.646464646,0.676767677,0.181818182,0.444444444,0.787878788,0.292929293,0.101010101,0.252525253,0.212121212,0.353535354,0.454545455,0.272727273,0.878787879,0.141414141,0.868686869,,,0.316498316,0.437710438,,,,,,,,,,,,,,,,,,,,,,,,,,,,,,,0,0,0,0,0,0,0,0,0,0,0,0,0.838383838,0.212121212,0.808080808,0.525252525,0.424242424,0.222222222,0.171717172,0.606060606,0.090909091,0.161616162,0.131313131,0.171717172,0,0.363636364,0.142857143,0.838383838,0.212121212,0.808080808,,,0.123905724,0.324675325,,,,,,,,,,,,,,,,,,,,,,,,,,,,,,,0,0,0,0,0,0,0,0,0,0,0,0,0.060606061,0.131313131,0.525252525,0,0.050505051,0.080808081,0.02020202,0.02020202,0,0.01010101,0,0.080808081,0,0.01010101,0.030612245,0.060606061,0.131313131,0.525252525,,,0.047811448,0.068034082,0.316498316,0.123905724,0.437710438,0.324675325,0.047811448,0.068034082,1.75,1.7,2.571428571,2.571428571,2.148214286
,,,,100,925,TRUE,14/02/2024 22:37,,,,,,,,anonymous,en,"i consent, begin the study",male,30,chile,chile,latin american,0,no,bilingual (2),chile,,,,,santiago,3.748,8.023,9.126,2,alexis sanchez,6.655,6.655,14.708,1,papa francisco,7.971,7.971,15.479,1,palacio de la moneda,4.127,4.127,16.474,1,cerro san cristobal,3.194,3.194,11.453,1,cazuela,4.08,4.08,10.297,1,talca,14.113,14.113,17.18,1,bad bunny,7.719,7.719,12.009,1,sub terra,2.911,2.911,22.428,1,tvn,9.795,9.795,17.778,1,valparaiso,2.881,2.881,7.899,1,taylor swift,3.694,3.694,23.737,1,peso,3.875,3.875,13.062,1,rosa,2.835,2.835,8.815,1,fútbol,green,2.809,2.809,7.092,1,,,,,new york,3.418,3.418,8.866,1,lionel messi,2.062,2.062,9.463,1,joe biden,2.873,2.873,33.828,1,giza pyramid,2.273,2.273,15.072,1,mt everest,1.317,5.161,10.078,3,pizza,2.663,2.663,4.675,1,scotland,9.955,9.955,34.634,1,bad bunny,2.948,2.948,12.317,1,the da vinci code,0.696,0.696,14.671,1,tbs,0.998,0.998,5.989,1,venice,0.922,0.922,11.307,1,taylor swift,1.802,1.802,10.134,1,bitcoin,0.784,0.784,5.239,1,sunflower,0.676,0.676,7.126,1,tennis,60?,12.247,12.247,17.033,1,1,2,2,1,2,2,1,2,2,2,1,2,2,2,1,1,1,1,2,1,2,2,2,2,3,2,3,3,3,2,2,2,2,2,1,1,9,,,,,,,,,,,,,,,,,,,,,,,,,,,,,,,0.939393939,0.616161616,0.01010101,0.131313131,0.101010101,0.151515152,0,0.070707071,0,0.626262626,0.181818182,0.01010101,0.828282828,0.313131313,0.97979798,0.646464646,0.676767677,0.323232323,0.02020202,0.787878788,0.292929293,0,0.050505051,0.01010101,0,0.02020202,0.02020202,0,0.141414141,0.03030303,,,0.330639731,0.201346801,,,,,,,,,,,,,,,,,,,,,,,,,,,,,,,0,0,0,0,0,0,0,0,0,0,0,0,0,0.535353535,0.808080808,0.525252525,0.424242424,0.252525253,0,0.606060606,0.090909091,0,0,0,0,0,0,0,0.212121212,0.01010101,,,0.08956229,0.141414141,,,,,,,,,,,,,,,,,,,,,,,,,,,,,,,0,0,0,0,0,0,0,0,0,0,0,0,0,0.272727273,0.525252525,0,0.050505051,0.080808081,0,0.02020202,0,0,0,0,0,0,0,0,0.131313131,0,,,0.053198653,0.018855219,0.330639731,0.08956229,0.201346801,0.141414141,0.053198653,0.018855219,1.666666667,1.5,2.571428571,1.714285714,1.863095238
,,,,100,1505,TRUE,14/02/2024 22:38,,,,,,,,anonymous,en,"i consent, begin the study",male,33,chilean,chile,white,0,no,multilingual (more than 2),chile,,,,,santiago,2.22,2.22,6.4,1,vidal,0.591,0.591,3.781,1,trump,0.111,0.111,7.099,1,costanera,0.055,6.567,6.962,3,san cristobal,0.321,0.725,6.881,3,porotos,0.099,0.099,5.387,1,moneda,0.211,0.211,8.526,1,chayan,0.247,9.433,67.154,6,papelucho,0.292,12.254,12.569,6,tvn,0.165,1.366,4.778,2,london,0.442,8.885,9.06,5,bachelet,0.107,1.768,4.337,7,peso,0.119,2.775,2.982,2,copihue,0.044,17.829,18.092,11,football,green,0.612,4.29,4.479,2,,,,,new york,31.195,57.03,73.424,10,lebron james,0.167,0.167,14.293,1,trump,0.426,8.926,9.111,3,trade center,0.332,39.564,39.8,4,dolomites,0.254,15.298,15.568,2,pizza,0.395,10.13,10.201,6,vatican,0.128,0.128,7.944,1,elvis,26.734,169.085,169.307,19,lord of the rings,0.186,7.557,7.742,2,cnn,0.051,4.033,4.224,5,rome,0.063,7.124,7.416,4,taylor swift,0.34,7.888,14.06,4,dollar,0.267,3.209,3.369,2,tulip,0.344,4.148,4.322,2,bascketball,100 c,0.465,18.133,20.043,7,1,1,1,1,1,1,1,1,1,2,1,2,2,2,1,1,1,1,2,3,3,2,2,2,4,1,4,4,3,4,4,2,3,3,3,2,10,,,,,,,,,,,,,,,,,,,,,,,,,,,,,,,0.939393939,0.171717172,0.101010101,0.666666667,0.101010101,0.121212121,0.121212121,0.050505051,0.151515152,0.626262626,0,0.696969697,0.828282828,0.525252525,0.97979798,0.646464646,0,0.212121212,0.04040404,0,0.292929293,0,0.04040404,0.101010101,0.343434343,0.080808081,0.02020202,0.878787879,0,0.02020202,,,0.405387205,0.178451178,,,,,,,,,,,,,,,,,,,,,,,,,,,,,,,0,0,0.131313131,0,0,0,0,0,0,0,0.02020202,0,0,0,0.808080808,0.525252525,0.02020202,0.131313131,0.02020202,0,0.090909091,0,0,0.03030303,0,0.03030303,0,0.838383838,0,0.03030303,,,0.063973064,0.114478114,,,,,,,,,,,,,,,,,,,,,,,,,,,,,,,0,0,0.03030303,0,0,0,0,0,0,0,0,0,0,0,0.525252525,0,0,0.03030303,0,0,0,0,0,0.01010101,0,0,0,0.060606061,0,0,,,0.037037037,0.006734007,0.405387205,0.063973064,0.178451178,0.114478114,0.037037037,0.006734007,1.166666667,1.8,2.857142857,3,2.205952381
,,,,100,1752,TRUE,14/02/2024 22:40,,,,,,,,anonymous,en,"i consent, begin the study",male,30,chilean,chile,"latinamerican , diaguita original (saludos profe soy ariel , un gusto saber que sigue mejorando en la investigacion )",-1,no,bilingual (2),chile,,,,,santiago,2.502,4.265,10.201,2,alexis sanchez,10.502,10.502,16.199,1,putin,1.174,1.174,11.877,1,torre eiffel,11.054,30.878,33.285,7,monte everest,0.546,58.059,62.378,5,pastel de choclo,10.789,22.989,35.567,4,cordillera de los andes,1.266,1.266,21.788,1,lucho jara,2.593,65.169,82.328,3,papelucho y el marciano,1.136,1.495,20.057,2,television nacional,7.302,7.302,19.139,1,viña del mar,1.419,1.419,13.266,1,michell bachelet,19.382,19.382,49.926,1,dolar,1.425,1.425,5.421,1,copihue,2.354,7.377,16.489,4,fulbol,verde,1.392,1.392,9.233,1,,,,,new york,0.998,0.998,14.685,1,leonel messi,0.99,1.398,12.2,2,donald trump,0.792,28.8,38.528,3,torre eiffel,0.729,13.569,21.069,3,monte everest,0.765,37.756,41.649,10,pizza,0.784,5.576,6.372,2,europa,0.566,0.566,21.892,1,drake,1.317,45.862,48.423,2,don quijote de la mancha - miguel de cervantes,0.655,33.831,35.112,2,bbc news,1.073,29.969,30.89,4,paris (france),1.065,42.776,53.65,4,kamala harris,1.131,81.234,86.678,2,dolar,0.8,0.8,3.178,1,roses,0.607,1.223,10.845,3,soccer,100° degrees,1.284,29.579,30.262,6,1,1,2,1,1,1,1,1,1,1,2,1,1,1,1,1,1,1,1,1,1,1,1,1,4,1,3,3,1,1,1,1,1,1,1,1,8,,,,,,,,,,,,,,,,,,,,,,,,,,,,,,,0.939393939,0.616161616,0.070707071,0.03030303,0.181818182,0.131313131,0.03030303,0.121212121,0.151515152,0.626262626,0.333333333,0.696969697,0.141414141,0.525252525,0.97979798,0.646464646,0.676767677,0.212121212,0.444444444,0.787878788,0.292929293,0,0.03030303,0.02020202,0.353535354,0.454545455,0.070707071,0.878787879,0.656565657,0.868686869,,,0.371717172,0.426262626,,,,,,,,,,,,,,,,,,,,,,,,,,,,,,,0,0,0.222222222,0.171717172,0.606060606,0,0,0,0,0,0,0,0.838383838,0,0.808080808,0.525252525,0.424242424,0.131313131,0.171717172,0.606060606,0.090909091,0,0.060606061,0,0,0.363636364,0.040816327,0.838383838,0.535353535,0.808080808,,,0.176430976,0.306424792,,,,,,,,,,,,,,,,,,,,,,,,,,,,,,,0,0,0.080808081,0.02020202,0.02020202,0,0,0,0,0,0,0,0.060606061,0,0.525252525,0,0.050505051,0.03030303,0.02020202,0.02020202,0,0,0,0,0,0.01010101,0.020408163,0.060606061,0.272727273,0.525252525,,,0.047138047,0.06735381,0.371717172,0.176430976,0.426262626,0.306424792,0.047138047,0.06735381,1.166666667,1,2,1,1.291666667
,,,,100,839,TRUE,14/02/2024 22:41,,,,,,,,anonymous,en,"i consent, begin the study",male,26,chilean,chile,latin american,0,no,bilingual (2),chile,,,,,santiago,0.587,2.838,3.163,2,arturo vidal,0.235,4.981,5.372,2,gabriel boric,0.353,4.362,4.602,2,estadio monumental,0.273,5.21,5.518,2,cerro san cristóbal,0.302,5.672,5.901,2,porotos,0.366,4.147,4.515,2,ccu,0.2,18.559,22.021,4,cris mj,0.401,13.553,13.896,3,papelucho,0.384,2.614,2.896,2,tvn,0.101,2.216,3.345,2,pucón,0.1,3.711,4.013,2,michelle bachelet,0.501,4.62,5.1,2,chilean pesos,5.993,12.634,12.934,2,sunflower,0.241,0.241,2.69,1,football,green,0.661,0.661,3.117,1,,,,,new york,0.496,0.496,3.76,1,lionel messi,0.059,0.059,3.349,1,vladimir putin,0,0,5.265,1,statue of liberty,0.256,44.723,46.084,3,everest,0.778,0.778,3.392,1,lasagna,1.165,1.165,7.1,1,eiffel tower,0.383,20.221,21.58,2,drake,0.1,0.1,15.487,1,atomic habits,0.1,0.1,20.885,1,espn,0.5,8.583,10.233,2,miami,0.501,0.501,2.346,1,greta thunberg,0.481,32.939,33.274,4,dolar,0.901,7.374,9.66,2,sunflower,0.483,0.483,3.139,1,football,100° celsius,0.9,0.9,7.057,1,2,1,1,1,2,2,3,1,1,1,2,2,1,1,1,1,3,1,3,1,1,1,3,2,3,1,1,2,1,1,1,2,2,2,2,1,9,,,,,,,,,,,,,,,,,,,,,,,,,,,,,,,0.939393939,0.171717172,0.303030303,0,0.101010101,0.121212121,0,0,0.151515152,0.626262626,0.090909091,0.696969697,0.828282828,0.060606061,0.97979798,0.646464646,0.676767677,0.181818182,0.02020202,0.787878788,0.060606061,0.222222222,0.03030303,0.01010101,0.02020202,0.060606061,0.04040404,0.878787879,0.141414141,0.868686869,,,0.338047138,0.30976431,,,,,,,,,,,,,,,,,,,,,,,,,,,,,,,0,0,0,0,0,0,0,0,0,0,0,0,0,0.212121212,0.808080808,0.525252525,0.424242424,0.222222222,0,0.606060606,0.04040404,0.313131313,0.060606061,0,0,0.02020202,0,0.838383838,0.212121212,0.808080808,,,0.068013468,0.271380471,,,,,,,,,,,,,,,,,,,,,,,,,,,,,,,0,0,0,0,0,0,0,0,0,0,0,0,0,0.131313131,0.525252525,0,0.050505051,0.080808081,0,0.02020202,0,0.050505051,0,0.01010101,0,0,0.010204082,0.060606061,0.131313131,0.525252525,,,0.043771044,0.062633134,0.338047138,0.068013468,0.30976431,0.271380471,0.043771044,0.062633134,1.583333333,1.4,1.857142857,1.571428571,1.60297619
,,,,100,974,TRUE,14/02/2024 22:41,,,,,,,,anonymous,en,"i consent, begin the study",female,57,chilean,chile,latin american,-1,no,bilingual (2),chile,,,,,santiago,6.005,6.005,13.901,1,alexis sanchez,1.38,1.38,11.82,1,joe biden,1.301,1.301,32.241,1,la moneda,1.475,1.475,7.687,1,everest,1.407,1.407,7.501,1,pasta,1.191,1.191,12.273,1,torres del paine,1.5,1.5,10.873,1,david bowie,1.141,1.141,18.909,1,lord of the rings,1.39,1.39,12.814,1,bbc,1.285,1.395,7.204,2,santiago,2.018,2.018,14.048,1,margeret thatcher,1.176,1.176,18.065,1,chilean peso,5.249,5.249,12.121,1,rose,2.967,2.967,8.831,1,football,green,1.873,1.873,7.9,1,,,,,london,1.536,1.536,9.02,1,andy murray,1.129,1.129,45.752,1,donald trump,1.48,1.48,10.151,1,eifful tower,1.577,1.577,14.391,1,everest,1.253,1.253,7.184,1,fish and chips,1.686,1.686,9.873,1,"lands end, cornwall",1.118,1.118,17.966,1,elvis pressley,1.216,1.216,16.003,1,harry potter,1.23,1.23,9.992,1,bbc,1.129,1.129,11.552,1,edinburgh,1.268,30.689,32.666,2,merkel,1.408,1.408,9.483,1,british pound,1.367,1.367,11.573,1,daffodil,1.354,15.477,18.9,2,golf,what is the name of donald trumps wife,3.049,19.557,63.507,3,1,1,3,1,3,1,1,3,2,1,1,2,1,1,3,1,1,1,1,1,1,1,4,2,3,1,3,3,3,3,2,2,3,3,2,2,9,,,,,,,,,,,,,,,,,,,,,,,,,,,,,,,0.939393939,0.616161616,0.141414141,0.131313131,0.181818182,0.03030303,0.151515152,0,0.01010101,0,0.090909091,0.04040404,0.828282828,0.313131313,0.97979798,0.080808081,0,0.212121212,0.444444444,0.787878788,0.04040404,0,0,0.242424242,0.353535354,0,0.272727273,0,0.01010101,0,,,0.296969697,0.162962963,,,,,,,,,,,,,,,,,,,,,,,,,,,,,,,0,0,0.252525253,0,0.606060606,0.232323232,0,0,0.03030303,0,0,0,0,0.535353535,0.808080808,0.080808081,0,0.131313131,0.171717172,0.606060606,0.01010101,0,0,0.141414141,0,0,0.142857143,0.050505051,0,0,,,0.164309764,0.088985089,,,,,,,,,,,,,,,,,,,,,,,,,,,,,,,0,0,0.080808081,0,0.02020202,0.060606061,0,0,0.01010101,0,0,0,0,0.272727273,0.525252525,0,0,0.03030303,0.02020202,0.02020202,0.01010101,0,0,0.060606061,0,0,0.030612245,0,0,0,,,0.064646465,0.011468426,0.296969697,0.164309764,0.162962963,0.088985089,0.064646465,0.011468426,1.666666667,1.2,2.714285714,2.428571429,2.002380952
,,,,100,2228,TRUE,14/02/2024 22:41,,,,,,,,anonymous,en,"i consent, begin the study",male,23,chilean,chile,"white, latin american",0,no,bilingual (2),chile,,,,,santiago,1.128,1.128,9.955,1,lionel messi,0.782,0.782,10.649,1,boric,0.863,0.863,10.522,1,eiffel tower,0.364,0.364,15.583,1,mount everest,0.7,0.7,6.593,1,empanada de pino,0.381,0.381,7.216,1,plaza de armas,0.857,27.489,32.18,2,michael jackson,0.511,0.511,5.801,1,the little prince,0.492,0.492,20.696,1,mtv,1.099,62.762,74.446,5,viña del mar,37.206,47.27,65.497,3,greta thunberg,0.598,17.006,22.282,2,peso chileno,0.771,0.771,5.438,1,copihue,0.996,0.996,4.711,1,football,green,1.489,1.489,12.525,1,,,,,santiago,0.743,0.743,3.754,1,lionel messi,0.422,0.422,5.45,1,boric,69.697,78.993,81.452,2,eiffel tower,0.179,5.987,11.293,2,mount everest,0.188,0.188,4.566,1,empanada de pino,1.235,5.843,6.366,2,plaza de armas,0.622,5.022,5.321,2,michael jackson,0.4,0.4,5.171,1,the little prince,0.136,0.136,9.512,1,mtv,47.964,87.948,90.4,3,viña del mar,0.203,0.203,4.47,1,greta thunberg,0.135,0.135,5.85,1,peso chileno,75.631,75.631,81.915,1,rose,0.726,0.726,5.105,1,football,212°f (100°c),46.377,93.41,168.18,2,1,1,2,1,1,1,2,2,2,2,2,2,1,1,1,2,2,1,2,1,1,2,4,2,3,1,2,2,2,2,1,2,2,2,2,2,9,,,,,,,,,,,,,,,,,,,,,,,,,,,,,,,0.939393939,0.101010101,0.303030303,0.03030303,0.181818182,0.232323232,0.03030303,0.01010101,0.080808081,0.01010101,0.333333333,0.01010101,0.828282828,0.525252525,0.97979798,0.04040404,0.676767677,0.01010101,0.444444444,0.787878788,0,0,0.252525253,0.03030303,0.03030303,0,0.04040404,0.01010101,0.656565657,0.868686869,,,0.306397306,0.256565657,,,,,,,,,,,,,,,,,,,,,,,,,,,,,,,0,0.424242424,0,0.171717172,0.606060606,0,0,0.131313131,0,0,0,0,0,0,0.808080808,0,0.424242424,0,0.171717172,0.606060606,0,0,0.131313131,0,0,0,0,0,0.535353535,0.808080808,,,0.142760943,0.178451178,,,,,,,,,,,,,,,,,,,,,,,,,,,,,,,0,0.050505051,0,0.02020202,0.02020202,0,0,0,0,0,0,0.010204082,0,0,0.525252525,0,0.050505051,0,0.02020202,0.02020202,0,0,0,0,0,0,0.010204082,0,0.272727273,0.525252525,,,0.041757713,0.059939531,0.306397306,0.142760943,0.256565657,0.178451178,0.041757713,0.059939531,1.583333333,1.4,2.285714286,1.857142857,1.781547619
,,,,100,1198,TRUE,14/02/2024 22:43,,,,,,,,anonymous,en,"i consent, begin the study",male,31,chilean,chile,latin american,0,no,bilingual (2),chile,,,,,santiago,4.801,9.1,9.6,2,vidal,2.801,8.658,9.845,2,el papa,1.504,9.52,10.195,2,costanera center,1.201,8.252,8.889,2,ojos del salado,3.701,12.471,13.395,2,pastel de choclo,17.663,22.698,25.097,2,supermercado,15.783,21.083,23.137,2,luis miguel,1.201,8.001,9.985,2,código da vinci,1.001,1.001,24.601,1,chilevisión,1.705,1.705,8.35,1,viña del mar,1.101,9.286,9.966,2,michelle obama,1.5,9.897,10.469,2,visa,15.306,15.306,20.447,1,rosa,0.802,0.802,4.955,1,fútbol,green,2.001,2.001,13.694,1,,,,,nueva york,3.401,3.401,10.271,1,messi,0.901,0.901,4.38,1,dalai lama,1.561,1.561,24.401,1,estatua de la libertad,1.051,1.051,11.562,1,everest,0.95,0.95,6.6,1,pizza,1.253,1.253,8.09,1,beach,18.148,18.148,21.823,1,bad bunny,0.806,0.806,10.477,1,don quijote de la mancha,0.801,0.801,17.011,1,hbo,1.301,1.301,5.4,1,cancun,1,1,11.342,1,prince of gales,1.397,1.397,28.846,1,dolar,1.601,1.601,11.895,1,pink,1.9,36.16,39.485,2,soccer,100 c,17.212,17.212,25.855,1,1,1,2,2,1,2,2,1,1,1,3,3,1,2,1,1,1,2,2,1,1,1,3,3,4,2,3,2,3,2,2,2,2,3,2,2,9,,,,,,,,,,,,,,,,,,,,,,,,,,,,,,,0.939393939,0.171717172,0.01010101,0.666666667,0.04040404,0.131313131,0,0.02020202,0,0.111111111,0.333333333,0.02020202,0,0.313131313,0.97979798,0.646464646,0.676767677,0,0.02020202,0.787878788,0.292929293,0,0.050505051,0.02020202,0.01010101,0.01010101,0,0.878787879,0,0.868686869,,,0.249158249,0.284175084,,,,,,,,,,,,,,,,,,,,,,,,,,,,,,,0,0,0,0,0,0,0,0,0,0,0,0.12244898,0,0.535353535,0.808080808,0.525252525,0.424242424,0,0,0.606060606,0.090909091,0,0,0,0,0,0,0.838383838,0,0.808080808,,,0.097725555,0.21952862,,,,,,,,,,,,,,,,,,,,,,,,,,,,,,,0,0,0,0,0,0,0,0,0,0,0,0.051020408,0,0.272727273,0.525252525,0,0.050505051,0,0,0.02020202,0,0,0,0,0,0,0,0.060606061,0,0.525252525,,,0.056600014,0.043771044,0.249158249,0.097725555,0.284175084,0.21952862,0.056600014,0.043771044,1.666666667,1.3,2.857142857,2.142857143,1.991666667
,,,,100,1300,TRUE,14/02/2024 22:44,,,,,,,,anonymous,en,"i consent, begin the study",male,42,chilean,chile,latin american-mapuche ancestors,0,no,bilingual (2),chile,,,,,santiago,9.561,15.379,16.101,3,arturo vidal,2.403,10.645,13.668,2,obama,1.967,16.038,16.719,2,costanera center,1.33,10.149,22.588,3,cordillera de los andes,1.185,6.528,7.261,2,porotos,1.306,4.704,5.342,2,fruna,0.929,6.614,7.219,2,luis jara,1.152,15.706,16.401,2,hábitos atómicos,0.988,50.565,51.247,3,tvn,1.159,7.108,7.794,2,valparaíso,1.06,7.569,8.274,2,angela merkel,1.294,30.319,30.987,2,peso chileno,0.955,7.211,8.049,2,copihue,0.726,4.301,4.987,2,fútbol,green,10.426,38.69,43.239,5,,,,,new york,7.369,13.501,14.537,4,messi,0.7,4.67,5.908,2,obama,0.834,3.743,4.461,2,empire state,0.678,4.127,4.763,2,everest,0.939,6.647,7.38,2,pizza,0.759,20.013,20.873,3,eiffel tower,2.586,59.221,60.857,2,usher,0.994,6.032,6.841,2,the bible,0.757,22.325,23.089,2,cnn,1.527,6.228,9.101,3,new york,1.311,6.295,6.939,2,angela merkel,0.968,7.659,8.439,3,dolar,1.068,4.485,5.244,2,rose,1.218,7.217,7.996,2,football,100° c,10.992,43.159,47.036,4,2,2,2,1,2,2,2,2,2,1,3,2,1,1,1,2,1,1,2,1,1,1,2,2,2,1,2,2,1,1,1,1,1,1,1,2,9,,,,,,,,,,,,,,,,,,,,,,,,,,,,,,,0.939393939,0.171717172,0.131313131,0.666666667,0.424242424,0.121212121,0,0.121212121,0.01010101,0.626262626,0.181818182,0.03030303,0.828282828,0.525252525,0.97979798,0.646464646,0.676767677,0.131313131,0.313131313,0.787878788,0.292929293,0.222222222,0.04040404,0.212121212,0.343434343,0.121212121,0.272727273,0.878787879,0.656565657,0.868686869,,,0.383838384,0.430976431,,,,,,,,,,,,,,,,,,,,,,,,,,,,,,,0,0,0.111111111,0,0,0,0,0,0,0,0,0.142857143,0,0,0.808080808,0.525252525,0.424242424,0.111111111,0.252525253,0.606060606,0.090909091,0.313131313,0.090909091,0.171717172,0,0.121212121,0.142857143,0.838383838,0.535353535,0.808080808,,,0.070803271,0.335449735,,,,,,,,,,,,,,,,,,,,,,,,,,,,,,,0,0,0,0,0,0,0,0,0.01010101,0,0,0.030612245,0,0,0.525252525,0,0.050505051,0,0.050505051,0.02020202,0,0.050505051,0.070707071,0.080808081,0,0.01010101,0.030612245,0.060606061,0.272727273,0.525252525,,,0.037731052,0.081502096,0.383838384,0.070803271,0.430976431,0.335449735,0.037731052,0.081502096,1.916666667,1.2,1.714285714,1.142857143,1.493452381
,,,,100,757,TRUE,14/02/2024 22:45,,,,,,,,anonymous,en,"i consent, begin the study",female,22,chilean,chile,latin,-1,no,bilingual (2),chile,,,,,santiago,11.063,11.063,21.9,1,alexis,2.941,2.941,4.801,1,obama,3.318,3.318,14.701,1,apumanque,0.791,0.791,7.301,1,cordillera de los andes,0.448,0.448,7.302,1,porotos,4.005,4.005,8.691,1,costanera,0.519,18.053,20.778,2,prisioneros,0.68,0.68,8.871,1,isabel allende,0.482,0.482,3.989,1,t13,1.008,1.008,7.646,1,santiago,0.508,0.508,3.091,1,hilary clinton,3.591,3.591,12.092,1,pesos,0.532,0.532,5.133,1,girasol,0.458,0.458,3.501,1,futbol,verde,0.713,0.713,4.597,1,,,,,new york,3.2,3.2,6.67,1,beckham,0.344,0.344,8.747,1,trump,0.389,0.389,2.5,1,empire state,0.262,0.262,6.464,1,everest,1.014,1.014,4.669,1,pasta,0.5,0.5,13.801,1,liberty statue,0.526,0.526,13.25,1,harry styles,0.91,0.91,7.301,1,auschwitz,0.342,37.512,44.126,7,bbc news,0.609,0.609,6.997,1,miami,0.362,0.362,5.046,1,hilary clinton,0.501,0.501,4.701,1,dollars,0.382,0.382,7.292,1,rose,0.527,0.527,7.065,1,american football,100 degrees,1.31,1.31,9.6,1,1,1,2,2,2,3,2,1,1,1,2,2,1,1,1,1,2,2,1,2,1,2,3,4,3,1,2,3,3,1,3,2,2,2,1,2,9,,,,,,,,,,,,,,,,,,,,,,,,,,,,,,,0.939393939,0.616161616,0.131313131,0,0.424242424,0.121212121,0.03030303,0.090909091,0,0.080808081,0.090909091,0.03030303,0.828282828,0.060606061,0.97979798,0.646464646,0,0.212121212,0.313131313,0.787878788,0.161616162,0.101010101,0.101010101,0,0.353535354,0.060606061,0.090909091,0.878787879,0.656565657,0,,,0.294949495,0.290909091,,,,,,,,,,,,,,,,,,,,,,,,,,,,,,,0,0,0.111111111,0,0,0,0,0,0,0,0,0.071428571,0,0.212121212,0.808080808,0.525252525,0,0.131313131,0.252525253,0.606060606,0.232323232,0.161616162,0,0,0,0.02020202,0.071428571,0.838383838,0.535353535,0,,,0.08018278,0.224963925,,,,,,,,,,,,,,,,,,,,,,,,,,,,,,,0,0,0,0,0,0,0,0,0,0,0,0.020408163,0,0.131313131,0.525252525,0,0,0.03030303,0.050505051,0.02020202,0.060606061,0.01010101,0,0,0,0,0.020408163,0.060606061,0.272727273,0,,,0.045131588,0.035030578,0.294949495,0.08018278,0.290909091,0.224963925,0.045131588,0.035030578,1.666666667,1.4,2.714285714,1.857142857,1.90952381
,,,,100,1534,TRUE,14/02/2024 22:46,,,,,,,,anonymous,en,"i consent, begin the study",male,23,chilean,chile,latin american,0,no,multilingual (more than 2),chile,,,,,santiago,1.53,1.53,8.591,1,alexis sanchez,1.035,1.035,9.866,1,piñera,2.476,2.476,17.114,1,costanera center,0.451,0.451,19.689,1,aconcagua,0.436,0.436,5.361,1,completo,0.402,0.402,6.607,1,santiago,0.586,12.53,17.898,2,luis jara,0.514,0.514,19.325,1,el economista callejero,0.618,129.93,135.865,3,televisión nacional (tvn),0.544,0.544,17.157,1,viña del mar,0.384,0.384,5.412,1,michelle bachelet,0.104,0.104,6.395,1,peso chileno,0.426,0.426,4.825,1,copihue,0.476,15.9,19.609,2,fútbol,green,1.455,10.799,13.013,3,,,,,roma,1.339,1.339,20.208,1,messi,1.101,1.101,5.307,1,donald trump,0.298,0.298,8.831,1,eiffel tower,0.149,0.149,7.116,1,everest,0.137,0.137,5.061,1,spaghetti,0.201,0.201,5.895,1,ecuator,0.041,10.393,10.702,3,bad bunny,0,0,9.344,1,harry potter,0.166,0.166,8.563,1,espn,0.206,0.206,4.891,1,paris,0.45,0.45,16.079,1,giorgia meloni,0.221,0.221,56.946,1,dollar,0.387,0.387,3.498,1,rose,0.583,0.583,4.926,1,football,100 celsius,1.005,1.005,7.421,1,2,2,2,2,2,3,2,2,2,2,3,3,2,3,2,2,2,2,2,2,3,3,3,3,3,2,3,3,3,3,2,3,3,3,3,2,10,,,,,,,,,,,,,,,,,,,,,,,,,,,,,,,0.939393939,0.616161616,0.101010101,0.666666667,0.101010101,0.161616162,0.02020202,0.121212121,0,0.626262626,0.333333333,0.696969697,0.828282828,0.525252525,0.97979798,0,0.676767677,0.212121212,0.444444444,0.787878788,0.161616162,0.04040404,0.050505051,0.242424242,0.02020202,0.454545455,0,0.878787879,0.656565657,0.868686869,,,0.447811448,0.366329966,,,,,,,,,,,,,,,,,,,,,,,,,,,,,,,0,0,0,0,0,0,0,0,0,0,0,0,0,0,0.808080808,0,0.424242424,0.131313131,0.171717172,0.606060606,0.232323232,0,0,0.141414141,0,0.363636364,0,0.838383838,0.535353535,0.808080808,,,0.053872054,0.283501684,,,,,,,,,,,,,,,,,,,,,,,,,,,,,,,0,0,0,0,0,0,0,0,0,0,0,0,0,0,0.525252525,0,0.050505051,0.03030303,0.02020202,0.02020202,0.060606061,0,0,0.060606061,0,0.01010101,0,0.060606061,0.272727273,0.525252525,,,0.035016835,0.074074074,0.447811448,0.053872054,0.366329966,0.283501684,0.035016835,0.074074074,2.25,2.3,2.857142857,2.714285714,2.530357143
,,,,100,2790,TRUE,14/02/2024 22:48,,,,,,,,anonymous,en,"i consent, begin the study",male,29,chilean,chile,"latin american, mixed",1,no,bilingual (2),chile,,,,,santiago,0.858,0.858,4.677,1,alexis sanchez,0.237,0.237,6.234,1,gabriel boric,0.313,0.313,5.517,1,la moneda,0.183,0.183,5.794,1,aconcagua,0.365,0.365,5.8,1,humitas,0.287,0.287,8.068,1,the andes,0.389,0.813,6.09,2,americo,0.213,0.213,5.779,1,the house of spirits,0.398,18.302,37.115,4,tvn,0.344,0.64,3.493,2,viña del mar,0.652,0.652,6.176,1,michelle bachelet,0.371,0.371,6.535,1,peso,0.396,0.396,4.624,1,copihue,0.377,0.721,28.054,2,football soccer,green,1.072,3.905,4.573,2,,,,,new york,3.549,13.189,18.616,5,lionel messi,0.953,0.953,9.215,1,lionel messi,0.636,14.988,25.823,2,empire state building,0.918,45.574,54.498,2,everest,0.461,0.461,6.274,1,soup,0.368,0.368,6.39,1,the andes,0.496,0.496,15.42,1,michael jackson,0.574,0.574,7.066,1,lord of the rings,0.293,0.293,8.737,1,bbc,0.351,3.401,4.858,2,paris,0.694,3.798,5.466,2,angela merkel,0.299,7.516,8.88,2,dollar,0.482,0.482,4.333,1,rose,0.374,3.222,4.627,2,football soccer,100°c,0.949,7.821,10.514,2,2,2,2,1,2,2,2,1,2,2,2,2,1,1,1,1,1,1,1,1,1,1,3,2,3,2,3,3,2,2,2,1,1,1,1,2,10,,,,,,,,,,,,,,,,,,,,,,,,,,,,,,,0.939393939,0.616161616,0.303030303,0.131313131,0.101010101,0.02020202,0.03030303,0.060606061,0.121212121,0.626262626,0.333333333,0.696969697,0.828282828,0.525252525,0.97979798,0.646464646,0.676767677,0,0.313131313,0.787878788,0.02020202,0.01010101,0.252525253,0.101010101,0.353535354,0.454545455,0.272727273,0.878787879,0.656565657,0.868686869,,,0.420875421,0.41952862,,,,,,,,,,,,,,,,,,,,,,,,,,,,,,,0,0,0,0,0,0,0,0,0,0,0,0,0,0,0.808080808,0.525252525,0.424242424,0,0.252525253,0.606060606,0.02020202,0,0.131313131,0.03030303,0,0.363636364,0.142857143,0.838383838,0.535353535,0.808080808,,,0.053872054,0.311880712,,,,,,,,,,,,,,,,,,,,,,,,,,,,,,,0,0,0,0,0,0,0,0,0,0,0,0,0,0,0.525252525,0,0.050505051,0,0.050505051,0.02020202,0,0,0,0.01010101,0,0.01010101,0.030612245,0.060606061,0.272727273,0.525252525,,,0.035016835,0.068707483,0.420875421,0.053872054,0.41952862,0.311880712,0.035016835,0.068707483,1.833333333,1,2.571428571,1.428571429,1.708333333
,,,,100,818,TRUE,14/02/2024 22:49,,,,,,,,anonymous,en,"i consent, begin the study",female,25,chilean,chile,latin american,0,no,multilingual (more than 2),chile,,,,,santiago,1.2,1.2,5.805,1,alexis sanchez,0.5,0.5,7.011,1,trump,1.255,12.006,15.267,4,titanium,0.705,0.705,54.633,1,los andes,1.049,1.049,5.282,1,pasta,0.741,3.507,6.451,3,eiffel tower,0.896,0.896,18.876,1,freddy mercury,0.796,0.796,16.27,1,100 años de soledad,0.877,0.877,11.834,1,mtv,1.216,1.216,3.463,1,santiago,0.972,0.972,4.889,1,bachelet,0.994,0.994,8.202,1,pesos,1.014,1.014,3.676,1,margarita,0.926,4.749,5.328,2,futbol,green,1.834,1.834,8.446,1,,,,,london,7.902,7.902,12.286,1,messi,3.399,3.399,13.188,1,trump,1.182,1.182,8.815,1,eiffel tower,1.398,1.398,11.408,1,alpes,1.147,1.147,8.396,1,pasta,0.999,0.999,3.912,1,great wall of china,1.146,1.146,49.203,1,phil collins,1.101,6.695,16.693,3,the help,0.835,0.835,11.09,1,mtv,2.474,2.474,10.37,1,la,1.196,1.196,6.444,1,michelle obama,1.116,1.116,25.178,1,euro,1.121,1.121,3.556,1,daisy,0.828,0.828,5.523,1,rugby,100 c°,2.857,2.857,10.829,1,1,2,2,2,2,2,1,1,1,1,2,1,1,1,1,1,1,1,1,1,1,1,1,3,3,1,2,2,1,2,2,1,1,1,2,2,11,,,,,,,,,,,,,,,,,,,,,,,,,,,,,,,0.939393939,0.616161616,0.101010101,0,0.424242424,0.03030303,0.02020202,0.01010101,0.04040404,0.01010101,0.090909091,0.696969697,0.828282828,0.04040404,0.97979798,0.080808081,0.676767677,0.212121212,0.444444444,0.01010101,0.161616162,0.050505051,0,0,0.03030303,0,0.050505051,0.070707071,0.050505051,0.01010101,,,0.321885522,0.123232323,,,,,,,,,,,,,,,,,,,,,,,,,,,,,,,0,0,0.131313131,0,0,0.232323232,0.313131313,0,0,0,0,0,0,0.01010101,0.808080808,0.080808081,0.424242424,0.131313131,0.171717172,0,0.232323232,0.03030303,0,0,0,0,0.12244898,0.03030303,0.01010101,0.050505051,,,0.0996633,0.085604343,,,,,,,,,,,,,,,,,,,,,,,,,,,,,,,0,0,0.03030303,0,0,0.060606061,0.050505051,0,0,0,0,0,0,0,0.525252525,0,0.050505051,0.03030303,0.02020202,0,0.060606061,0,0,0,0,0,0.051020408,0,0,0.434343434,,,0.044444444,0.043132,0.321885522,0.0996633,0.123232323,0.085604343,0.044444444,0.043132,1.5,1,1.857142857,1.571428571,1.482142857
,,,,100,695,TRUE,14/02/2024 22:49,,,,,,,,anonymous,en,"i consent, begin the study",female,29,chilean,chile,latin american,0,no,bilingual (2),chile,,,,,santiago,2.718,2.718,7.405,1,messi,3.059,15.87,16.25,2,gabriel boric,1.301,12.865,22.087,4,costanera,1.988,2.95,44.676,2,cordillera de los andes,1.023,11.792,12.045,2,humitas,0.721,0.721,6.316,1,torre entel,0.814,14.475,21.67,3,justin bieber,0.589,0.589,8.012,1,biblia,0.769,0.769,8.26,1,tvn,0.685,0.685,4.372,1,viña del mar,0.494,0.494,6.336,1,michelle bachelet,0.551,0.551,6.879,1,pesos,0.956,0.956,3.725,1,rosa,1.893,2.197,4.587,2,futbol,green,0.764,1.092,7.439,2,,,,,new york,1.74,2.106,7.969,2,messi,0.725,0.725,5.113,1,trump,0.52,0.742,4.014,2,eiffel tower,0.88,0.88,14.516,1,everest,0.853,0.853,3.771,1,pizza,0.495,0.495,7.582,1,eiffel tower,0.477,0.477,13.742,1,michael jackson,1.048,1.048,6.678,1,harry potter and the philosopher's stone,0.737,0.737,53.09,1,cnn,0.783,0.783,4.935,1,paris,0.404,0.404,7.874,1,hillary clinton,0.475,0.475,19.051,1,dollars,0.831,0.831,3.408,1,rose,0.69,0.69,3.17,1,soccer,100° celsius,1.438,11.967,18.87,2,1,2,2,2,2,2,2,1,2,1,4,2,1,1,3,2,1,1,2,2,1,2,3,4,3,1,2,2,4,1,2,2,2,2,2,2,10,,,,,,,,,,,,,,,,,,,,,,,,,,,,,,,0.939393939,0.101010101,0.303030303,0.666666667,0.424242424,0.02020202,0.050505051,0.04040404,0.080808081,0.626262626,0.333333333,0.696969697,0.828282828,0.313131313,0.97979798,0.646464646,0.676767677,0.212121212,0.444444444,0.787878788,0.292929293,0.222222222,0.252525253,0.242424242,0.343434343,0.454545455,0.090909091,0.878787879,0.656565657,0.868686869,,,0.426936027,0.471380471,,,,,,,,,,,,,,,,,,,,,,,,,,,,,,,0,0.424242424,0,0,0,0,0,0.111111111,0.171717172,0,0,0,0,0.535353535,0.808080808,0.525252525,0.424242424,0.131313131,0.171717172,0.606060606,0.090909091,0.313131313,0.131313131,0.141414141,0,0.363636364,0.071428571,0.838383838,0.535353535,0.808080808,,,0.136700337,0.343482443,,,,,,,,,,,,,,,,,,,,,,,,,,,,,,,0,0.050505051,0,0,0,0,0,0.02020202,0.080808081,0,0,0,0,0.272727273,0.525252525,0,0.050505051,0.03030303,0.02020202,0.02020202,0,0.050505051,0,0.060606061,0,0.01010101,0.020408163,0.060606061,0.272727273,0.525252525,,,0.063299663,0.074761218,0.426936027,0.136700337,0.471380471,0.343482443,0.063299663,0.074761218,1.916666667,1.6,2.714285714,1.857142857,2.02202381
,,,,100,2510,TRUE,14/02/2024 22:52,,,,,,,,anonymous,en,"i consent, begin the study",female,54,chile,chile,hispanic,0,no,bilingual (2),chile,,,,,santiago,1.299,1.299,4.525,1,alexis sanchez,0.154,10.81,11.029,3,biden,0.264,0.264,6.427,1,costanera center,0.033,0.489,8,2,andes,0.006,0.366,4.048,2,pastel de choclo,0.802,0.802,9.726,1,torres del paine,0.009,41.003,41.461,5,americo,0.13,0.13,5.812,1,harry potter,0.061,0.061,11.53,1,cnn,0.196,3.46,3.896,5,viña del mar,0.305,4.166,4.37,2,bachelet,0.024,3.591,3.875,7,chilean peso,0.355,4.78,10.663,2,sunflower,7.846,7.846,8.337,2,football,green,0.753,6.171,6.405,3,,,,,valparaiso,4.259,7.074,27.021,4,djokovic,1.209,1.209,21.741,1,biden,0.771,1.131,12.175,2,eiffel tower,1.403,16.42,16.79,3,everest,0.282,0.939,3.821,3,spaghetti,0.827,13.215,13.469,2,giza piramids,0.928,22.111,35.962,2,michael jackson,1.382,1.382,10.009,1,blood meridian,0.23,0.23,8.514,1,bbc,0.268,0.268,4.583,1,paris,0.303,8.193,11.196,4,merkel,0.626,0.626,16.31,1,us dollar,7.996,7.996,14.104,1,sunflower,0.503,0.876,11.365,2,football,100ºc,1.846,23.311,23.963,8,2,2,3,3,2,3,3,3,2,3,2,2,3,3,2,2,2,2,2,2,2,2,3,3,4,1,3,3,4,2,2,2,2,2,2,2,10,,,,,,,,,,,,,,,,,,,,,,,,,,,,,,,0.939393939,0.616161616,0.141414141,0.666666667,0.424242424,0.131313131,0.151515152,0.060606061,0.121212121,0.04040404,0.333333333,0.696969697,0.828282828,0.060606061,0.97979798,0,0.01010101,0.323232323,0.444444444,0.787878788,0.161616162,0.04040404,0.252525253,0,0.353535354,0.454545455,0.272727273,0.878787879,0.141414141,0.868686869,,,0.412794613,0.332659933,,,,,,,,,,,,,,,,,,,,,,,,,,,,,,,0,0,0.252525253,0,0,0,0,0,0.141414141,0,0,0,0,0.212121212,0.808080808,0,0,0.252525253,0.171717172,0.606060606,0.232323232,0.070707071,0.131313131,0,0,0.363636364,0.142857143,0.838383838,0.212121212,0.808080808,,,0.094276094,0.255315055,,,,,,,,,,,,,,,,,,,,,,,,,,,,,,,0,0,0.080808081,0,0,0,0,0,0.060606061,0,0,0,0,0.131313131,0.525252525,0,0,0.080808081,0.02020202,0.02020202,0.060606061,0.01010101,0,0,0,0.01010101,0.030612245,0.060606061,0.131313131,0.525252525,,,0.053198653,0.063320278,0.412794613,0.094276094,0.332659933,0.255315055,0.053198653,0.063320278,2.5,2.2,3,2,2.425
,,,,100,1447,TRUE,14/02/2024 23:02,,,,,,,,anonymous,en,"i consent, begin the study",female,24,united states,chile,mixed,0,yes,bilingual (2),chile,,,,,santiago,1.473,1.473,6.825,1,messi,5.226,5.226,12.361,1,nelson mandela,1.445,1.445,25.866,1,costanera center,1.724,1.724,11.344,1,ojos del salado,0.552,0.552,55.172,1,cazuela,1.264,1.264,19.139,1,atacama desert,1.295,1.295,53.405,1,justin bieber,8.722,8.722,22.677,1,little women,13.412,13.412,18.198,1,tvn,1.248,1.248,5.542,1,viña del mar,9.101,9.101,14.532,1,kamala harris,1.33,1.33,8.766,1,chilean peso,1.604,1.604,12.307,1,rose,1.018,1.018,6.837,1,football,green,1.865,1.865,6.221,1,,,,,new york,4.856,4.856,17.299,1,messi,9.853,9.853,22.504,1,nelson mandela,3.081,3.081,47.998,1,eiffel tower,3.237,3.237,41.085,1,everest,1.293,1.293,8.228,1,mac & cheese,0.743,0.743,27.011,1,great wall of china,40.884,40.884,49.056,1,harry styles,1.109,1.109,10.559,1,little women,34.062,34.062,39.699,1,bbc,4.467,4.467,8.095,1,new york,1.593,1.593,8.546,1,kamala harris,29.155,29.155,44.688,1,eur,18.131,18.131,35.404,1,rose,15.57,15.57,21.272,1,football,100 degrees celsius,6.548,8.156,46.59,2,3,1,1,1,1,1,1,1,1,1,4,1,1,1,3,1,1,1,1,1,1,1,4,2,4,1,4,4,1,2,2,2,2,4,2,2,9,,,,,,,,,,,,,,,,,,,,,,,,,,,,,,,0.939393939,0.101010101,0.01010101,0.666666667,0.04040404,0.151515152,0.050505051,0.04040404,0,0.626262626,0.333333333,0.02020202,0.828282828,0.313131313,0.97979798,0.646464646,0.676767677,0.01010101,0.444444444,0.787878788,0,0.050505051,0.101010101,0,0.353535354,0.121212121,0.070707071,0.070707071,0.656565657,0.868686869,,,0.34006734,0.323905724,,,,,,,,,,,,,,,,,,,,,,,,,,,,,,,0,0.424242424,0.101010101,0,0,0,0,0.111111111,0,0,0,0.040816327,0,0.535353535,0.808080808,0.525252525,0.424242424,0.101010101,0.171717172,0.606060606,0.060606061,0.03030303,0,0,0,0.121212121,0.040816327,0.03030303,0.535353535,0.808080808,,,0.13470762,0.230330516,,,,,,,,,,,,,,,,,,,,,,,,,,,,,,,0,0.050505051,0.373737374,0,0,0,0,0.02020202,0,0,0,0.020408163,0,0.272727273,0.525252525,0,0.050505051,0.373737374,0.02020202,0.02020202,0,0,0,0,0,0.01010101,0.020408163,0,0.272727273,0.525252525,,,0.084188827,0.086209029,0.34006734,0.13470762,0.323905724,0.230330516,0.084188827,0.086209029,1.416666667,1.2,2.857142857,2.285714286,1.939880952
,,,,100,871,TRUE,14/02/2024 23:05,,,,,,,,anonymous,en,"i consent, begin the study",female,24,chilean,chile,latin american,0,no,bilingual (2),chile,,,,,santiago,5.342,5.342,10.008,1,alexis sanchez,0.488,0.488,12.108,1,salvador allende,0.683,0.683,7.492,1,costanera center,0.656,0.656,12.634,1,andes,0.89,0.89,3.108,1,empanada,0.411,0.411,5.738,1,atacama desert,0.499,0.499,9.88,1,gepe,0.78,0.78,7.706,1,cien años de soledad,0.371,0.371,9.9,1,tvn,0.708,0.708,4.829,1,viña del mar,0.537,6.938,6.969,2,michelle bachelet,0.751,21.858,24.733,2,pesos,2.558,2.558,4.748,1,rose,3.736,3.736,5.509,1,football,green,1.808,9.377,10.74,2,,,,,paris,0.667,0.667,3.341,1,leonel messi,0.845,0.845,15.509,1,nelson mandela,0.409,0.409,7.587,1,the roman colosseum,2.217,2.649,47.82,2,everest,0.745,0.745,5.134,1,spaghetti,0.643,0.643,5.706,1,eiffel tower,0.644,0.644,19.708,1,harry styles,0.636,0.636,9.711,1,frankenstein,0.464,0.464,17.091,1,bbc,2.508,2.508,6.75,1,london,0.55,0.55,3.323,1,marie curie,2.154,2.154,20.9,1,dollar,0.655,4.54,4.569,2,rose,0.408,0.408,2.252,1,football,100º celsius,1.052,1.052,13.609,1,1,2,2,1,2,2,2,1,2,1,3,2,1,1,3,2,1,1,2,1,1,3,3,3,3,1,3,3,3,2,1,2,3,2,2,2,10,,,,,,,,,,,,,,,,,,,,,,,,,,,,,,,0.939393939,0.616161616,0,0.666666667,0.424242424,0.232323232,0.050505051,0,0.04040404,0.626262626,0.333333333,0.696969697,0.828282828,0.313131313,0.97979798,0.080808081,0.676767677,0.01010101,0.01010101,0.787878788,0.161616162,0.222222222,0.101010101,0,0.353535354,0.02020202,0,0.878787879,0.656565657,0.868686869,,,0.44983165,0.321885522,,,,,,,,,,,,,,,,,,,,,,,,,,,,,,,0,0,0,0,0,0,0,0,0,0,0,0,0,0.535353535,0.808080808,0.060606061,0.424242424,0.101010101,0.02020202,0.606060606,0.232323232,0.313131313,0,0,0,0.02020202,0,0.838383838,0.535353535,0.808080808,,,0.08956229,0.263973064,,,,,,,,,,,,,,,,,,,,,,,,,,,,,,,0,0,0,0,0,0,0,0,0,0,0,0,0,0.272727273,0.525252525,0,0.050505051,0.373737374,0,0.02020202,0.060606061,0.050505051,0,0,0,0,0,0.060606061,0.272727273,0.525252525,,,0.053198653,0.094276094,0.44983165,0.08956229,0.321885522,0.263973064,0.053198653,0.094276094,1.75,1.6,2.714285714,2,2.016071429
,,,,100,3045,TRUE,14/02/2024 23:10,,,,,,,,anonymous,en,"i consent, begin the study",male,26,chilean,chile,latin american,-1,no,bilingual (2),chile,,,,,santiago,2.1,2.1,5.376,1,alexis sánchez,3.894,3.894,9.952,1,donald trump,4.651,15.403,15.725,2,la moneda,1.344,1.344,7.25,1,cordillera de los andes,2.054,2.054,7.84,1,pastel de choclo,2.882,2.882,9.981,1,volcán villarica,4.506,4.506,10.204,1,jorge gonzález,0.899,0.899,28.158,1,harry potter y la piedra filosofal,3.28,3.28,14.452,1,tvn,0.861,0.861,5.839,1,viña del mar,1.414,1.414,9.673,1,michelle bachellet,2.934,19.889,20.159,3,peso chileno,0.67,0.67,4.144,1,rosa,0.749,0.749,3.751,1,football,green,1.694,1.694,8.225,1,,,,,miami,1.566,1.918,15.928,2,lionel messi,1.044,1.044,6.304,1,vladimir putin,1.04,1.04,5.13,1,eiffel tower,0.631,8.528,10.26,2,cordillera de los andes,0.916,0.916,8.278,1,pizza,2.03,2.03,5.025,1,mt rushmore,0.773,0.773,9.248,1,freddie mercury,0.769,12.705,15.684,2,the lord of the rings,0.757,0.757,10.546,1,cnn,0.7,0.7,2.793,1,rome,0.914,0.914,12.7,1,michelle bachelet,0.658,0.658,6.438,1,usd,0.791,0.791,3.282,1,rose,0.815,0.815,3.193,1,soccer,100 °c,2.997,2.997,9.359,1,2,1,3,2,3,3,4,3,2,1,4,3,2,2,1,2,2,1,2,2,1,2,3,4,4,2,4,4,2,2,3,2,3,3,3,2,8,,,,,,,,,,,,,,,,,,,,,,,,,,,,,,,0.939393939,0.616161616,0.101010101,0.131313131,0.424242424,0.131313131,0.01010101,0.090909091,0.121212121,0.626262626,0.333333333,0.696969697,0.828282828,0.313131313,0.97979798,0,0.676767677,0.181818182,0.444444444,0.03030303,0.292929293,0.01010101,0.02020202,0.101010101,0.343434343,0.080808081,0.101010101,0.878787879,0.656565657,0.868686869,,,0.422895623,0.312457912,,,,,,,,,,,,,,,,,,,,,,,,,,,,,,,0,0,0.131313131,0,0,0,0,0,0.141414141,0,0,0,0,0.535353535,0.808080808,0,0.424242424,0.222222222,0.171717172,0,0.090909091,0,0,0.03030303,0,0.03030303,0,0.838383838,0.535353535,0.808080808,,,0.107744108,0.21010101,,,,,,,,,,,,,,,,,,,,,,,,,,,,,,,0,0,0.03030303,0,0,0,0,0,0.060606061,0,0,0,0,0.272727273,0.525252525,0,0.050505051,0.080808081,0.02020202,0,0,0,0,0.01010101,0,0,0,0.060606061,0.272727273,0.525252525,,,0.059259259,0.068013468,0.422895623,0.107744108,0.312457912,0.21010101,0.059259259,0.068013468,2.583333333,1.7,3.285714286,2.571428571,2.535119048
,,,,100,1323,TRUE,14/02/2024 23:22,,,,,,,,anonymous,en,"i consent, begin the study",female,24,chilean,chile,latinamerican,-1,no,bilingual (2),chile,,,,,santiago,6.709,6.709,14.181,1,alexis sanchez,0.864,0.864,24.633,1,gabriel boric,6.555,6.555,15.578,1,costanera center,1.639,1.639,8.189,1,cordillera de los andes,0.851,0.851,23.895,1,cazuela,1.247,1.247,10.43,1,moai,0.547,4.441,67.121,4,marcianeke,0.801,0.801,44.734,1,biblia,1.188,12.003,16.165,2,chilevision,1.091,1.091,8.266,1,viña del mar,1.051,1.051,8.782,1,michelle bachelet,1.21,1.21,8.629,1,peso chileno,0.999,0.999,9.85,1,copihue,1.034,1.034,16.212,1,futbol,green,1.75,1.75,14.315,1,,,,,new york,2.971,2.971,13.74,1,messi,2.178,2.178,8.231,1,joe biden,0.98,0.98,10.174,1,eiffel tower,1.148,1.148,36.216,1,fuji,2.075,2.075,18.175,1,french fries,1.652,1.652,19.064,1,statue of liberty,42.468,54.331,64.225,2,justin bieber,0.65,0.65,8.113,1,the bible,2.505,2.505,8.608,1,fox,1.389,1.389,38.121,1,paris,1.451,4.434,8.351,2,kamala harris,2.092,2.092,112.236,1,dolar,1.202,1.202,5.597,1,rose,1.743,1.743,6.211,1,football,100°c,1.802,1.802,38.812,1,2,1,2,2,2,2,2,1,2,2,2,2,1,1,1,1,1,2,2,1,1,1,1,1,1,1,2,2,2,1,2,2,3,3,2,3,9,,,,,,,,,,,,,,,,,,,,,,,,,,,,,,,0.939393939,0.616161616,0.303030303,0.666666667,0.424242424,0.151515152,0.060606061,0.04040404,0.080808081,0.111111111,0.333333333,0.696969697,0.828282828,0.525252525,0.97979798,0.646464646,0.676767677,0.323232323,0.444444444,0.03030303,0.060606061,0.101010101,0.101010101,0.212121212,0.070707071,0.454545455,0.070707071,0.878787879,0.656565657,0.868686869,,,0.450505051,0.373063973,,,,,,,,,,,,,,,,,,,,,,,,,,,,,,,0,0,0,0,0,0,0,0,0.171717172,0,0,0,0,0,0.808080808,0.525252525,0.424242424,0.252525253,0.171717172,0.03030303,0,0.161616162,0.111111111,0.171717172,0,0.363636364,0.040816327,0.838383838,0.535353535,0.808080808,,,0.065319865,0.295650381,,,,,,,,,,,,,,,,,,,,,,,,,,,,,,,0,0,0,0,0,0,0,0,0.080808081,0,0,0,0,0,0.525252525,0,0.050505051,0.080808081,0.02020202,0,0,0.01010101,0.02020202,0.080808081,0,0.01010101,0.020408163,0.060606061,0.272727273,0.525252525,,,0.04040404,0.07678142,0.450505051,0.065319865,0.373063973,0.295650381,0.04040404,0.07678142,1.833333333,1.2,1.428571429,2.285714286,1.686904762
,,,,100,1163,TRUE,14/02/2024 23:24,,,,,,,,anonymous,en,"i consent, begin the study",female,31,chilean,chile,latin american,0,no,bilingual (2),chile,,,,,santiago,9.5,9.5,13.9,1,alexis sanchez,4.412,4.412,28.967,1,putin,3.079,3.079,11.026,1,costanera center,1.644,1.644,13.406,1,los andes,1.32,1.32,6.886,1,pasta,1.056,1.056,17.913,1,eiffel tower,1.21,34.581,82.5,4,elvis presley,1.371,1.371,58.537,1,harry potter,2.221,2.221,5.7,1,tvn,1.919,1.919,4.803,1,valdivia,0.741,0.741,8.792,1,jacinda arden,0.735,0.735,8.731,1,peso,0.592,0.592,5.002,1,rose,0.765,0.765,6.001,1,football/soccer,green,2.106,2.106,6.385,1,,,,,london,1.707,1.707,7.378,1,novak djokovic,1.836,1.836,27.488,1,putin,2.129,2.129,5.498,1,big ben,1.685,1.685,19.219,1,everest,2.023,2.023,4.736,1,bbq,1.658,1.658,5.156,1,eiffel tower,0.799,0.799,7.182,1,elvis presley,0.664,0.664,10.992,1,harry potter,0.65,0.65,5.935,1,cnn,0.987,7.561,11.071,2,paris,0.861,0.861,5.048,1,jacinda arden,0.93,0.93,6.629,1,dollar,0.69,0.69,3.139,1,rose,0.655,0.655,3.245,1,tennis,100°c,2.136,2.136,11.712,1,1,2,2,2,2,2,2,2,2,3,2,2,1,1,3,2,1,1,1,1,1,1,2,2,3,1,3,3,3,1,2,1,2,2,2,2,10,,,,,,,,,,,,,,,,,,,,,,,,,,,,,,,0.939393939,0.616161616,0.070707071,0.666666667,0.424242424,0.03030303,0.02020202,0,0.121212121,0.626262626,0.060606061,0,0.828282828,0.313131313,0.97979798,0.080808081,0.01010101,0.181818182,0,0.787878788,0,0.222222222,0.04040404,0.242424242,0.343434343,0.454545455,0.02020202,0.878787879,0.656565657,0.03030303,,,0.37979798,0.263299663,,,,,,,,,,,,,,,,,,,,,,,,,,,,,,,0,0,0.222222222,0,0,0.232323232,0.313131313,0,0.141414141,0,0,0.030612245,0,0.535353535,0.808080808,0.080808081,0,0.222222222,0,0.606060606,0,0.313131313,0,0.141414141,0,0.363636364,0.030612245,0.838383838,0.535353535,0.01010101,,,0.152209166,0.209448224,,,,,,,,,,,,,,,,,,,,,,,,,,,,,,,0,0,0.080808081,0,0,0.060606061,0.050505051,0,0.060606061,0,0,0.020408163,0,0.272727273,0.525252525,0,0,0.080808081,0,0.02020202,0,0.050505051,0,0.060606061,0,0.01010101,0.020408163,0.060606061,0.272727273,0,,,0.071394214,0.038397581,0.37979798,0.152209166,0.263299663,0.209448224,0.071394214,0.038397581,2,1.3,2.428571429,1.714285714,1.860714286
,,,,100,820,TRUE,14/02/2024 23:34,,,,,,,,anonymous,en,"i consent, begin the study",female,26,chilean,chile,latin american,0,no,bilingual (2),chile,,,,,santiago,4.256,4.256,8.202,1,alexis sánchez,2.554,10.375,13.359,2,piñera,3.473,3.473,11.18,1,costanera center,0.793,0.793,6.457,1,cerro san cristóbal,1.233,9.012,14.751,2,cazuela,0.882,0.882,4.143,1,la moneda,1.037,1.037,11.186,1,jorge gonzález,0.769,8.756,15.001,2,la casa de los espíritus,4.227,4.227,14.284,1,tvn,0.644,0.644,3.471,1,viña del mar,0.641,1.906,6.45,2,michelle bachelet,0.74,7.164,10.219,3,peso chileno,0.597,0.597,5.098,1,copihue,0.447,0.447,5.04,1,football,green,1.006,1.006,6.627,1,,,,,new york,0.905,0.905,6.721,1,messi,0.643,0.643,6.091,1,obama,0.425,0.425,4.578,1,eiffel tower,0.451,0.451,18.243,1,himalaya,0.798,0.798,6.801,1,burger and fries,0.301,0.301,9.393,1,mount rushmore,0.678,0.678,19.723,1,justin bieber,0.643,0.643,4.764,1,50 shades of gray,0.753,0.753,11.4,1,bbc,2.331,2.331,4.549,1,paris,1.046,1.046,3.528,1,michelle obama,0.941,38.125,42.167,3,dollar,0.772,0.772,3.962,1,lily,0.728,0.728,12.87,1,football,hot,0.922,0.922,9.536,1,2,2,2,1,1,1,2,1,1,1,1,1,1,1,2,1,1,1,1,1,1,1,1,1,3,1,2,3,1,2,3,1,1,1,1,2,10,,,,,,,,,,,,,,,,,,,,,,,,,,,,,,,0.939393939,0.616161616,0.101010101,0.666666667,0.101010101,0.151515152,0.121212121,0.090909091,0.121212121,0.626262626,0.333333333,0.696969697,0.828282828,0.525252525,0.97979798,0.646464646,0.676767677,0.131313131,0.444444444,0.03030303,0.090909091,0.01010101,0.101010101,0.01010101,0.353535354,0.454545455,0.050505051,0.878787879,0.03030303,0.868686869,,,0.45993266,0.318518519,,,,,,,,,,,,,,,,,,,,,,,,,,,,,,,0,0,0,0,0,0,0,0,0,0,0,0,0,0,0.808080808,0.525252525,0.424242424,0.111111111,0.171717172,0,0,0,0.111111111,0,0,0.363636364,0.12244898,0.838383838,0.090909091,0.808080808,,,0.053872054,0.237792895,,,,,,,,,,,,,,,,,,,,,,,,,,,,,,,0,0,0,0,0,0,0,0,0,0,0,0,0,0,0.525252525,0,0.050505051,0,0.02020202,0,0,0,0.02020202,0,0,0.01010101,0.051020408,0.060606061,0.01010101,0.525252525,,,0.035016835,0.049866007,0.45993266,0.053872054,0.318518519,0.237792895,0.035016835,0.049866007,1.333333333,1.1,1.714285714,1.571428571,1.429761905
,,,,100,1534,TRUE,14/02/2024 23:42,,,,,,,,anonymous,en,"i consent, begin the study",female,29,venezuelan,chile,white caribbean,1,no,bilingual (2),chile,,,,,santiago,1.095,1.095,4.937,1,arturo vidal,1.012,1.012,6.277,1,gabriel boric,0.86,0.86,7.681,1,torre entel,0.966,0.966,6.669,1,maipo,26.925,26.925,29.222,1,completo,1.593,1.593,5.864,1,atacama desert,1.223,1.223,22.409,1,ke personajes,2.292,2.292,27.961,1,el secreto,0.837,0.837,9.066,1,teletrece,1.088,1.088,13.923,1,san pedro de atacama,1.402,25.679,33.715,2,angela merkel,0.733,0.733,8.221,1,peso,1.17,1.17,4.034,1,girasol,1.014,1.014,5.369,1,fútbol,green,2.591,2.591,10.722,1,,,,,new york,7.08,7.08,17.424,1,cristiano ronaldo,9.284,9.284,18.361,1,joe biden,3.961,3.961,24.401,1,empire state building,2.878,2.878,23.881,1,everest,2.369,2.369,6.117,1,pasta,1.188,1.188,7.083,1,great wall of china,2.086,22.628,39.076,2,usher,1.228,1.228,14.799,1,1984,2.23,2.23,7.77,1,cnn,1.583,1.583,5.702,1,paris,1.573,1.573,6.82,1,angela merkel,1.383,1.383,18.074,1,dollar,1.615,1.615,5.295,1,rose,1.277,1.277,6.053,1,football,100 degrees celsius,3.617,19.263,22.804,2,2,2,2,1,2,2,2,3,2,3,3,2,2,2,3,2,2,2,2,2,1,2,4,3,3,1,4,4,2,2,2,1,2,1,2,3,11,,,,,,,,,,,,,,,,,,,,,,,,,,,,,,,0.939393939,0.171717172,0.303030303,0.04040404,0,0.161616162,0.050505051,0,0,0.080808081,0.04040404,0.03030303,0.828282828,0.060606061,0.97979798,0.646464646,0.080808081,0.323232323,0.313131313,0.787878788,0.161616162,0.050505051,0.04040404,0.050505051,0.343434343,0.454545455,0.272727273,0.878787879,0.656565657,0.868686869,,,0.245791246,0.395286195,,,,,,,,,,,,,,,,,,,,,,,,,,,,,,,0,0,0,0,0,0,0,0,0,0,0,0.142857143,0,0.212121212,0.808080808,0.525252525,0.282828283,0.252525253,0.252525253,0.606060606,0.232323232,0.03030303,0.090909091,0,0,0.363636364,0.142857143,0.838383838,0.535353535,0.808080808,,,0.077537278,0.330735931,,,,,,,,,,,,,,,,,,,,,,,,,,,,,,,0,0,0,0,0,0,0,0,0,0,0,0.030612245,0,0.131313131,0.525252525,0,0.04040404,0.080808081,0.050505051,0.02020202,0.060606061,0,0.070707071,0,0,0.01010101,0.030612245,0.060606061,0.272727273,0.525252525,,,0.04581186,0.081502096,0.245791246,0.077537278,0.395286195,0.330735931,0.04581186,0.081502096,2.166666667,2,3,1.857142857,2.255952381
,,,,100,661,TRUE,15/02/2024 00:20,,,,,,,,anonymous,en,"i consent, begin the study",female,32,chilena,chilena,latin american.,1,no,bilingual (2),chile,,,,,santiago,2.001,2.001,6.833,1,alexis sanchez,1.44,2.703,10.098,2,piñera,1.195,1.195,6.561,1,costanera center,1.045,1.045,6.038,1,cerro la campana,0.881,0.881,16.557,1,empanada,1.013,1.013,5.452,1,torre entel,1.227,1.227,26.96,1,luis jara,1.106,1.106,7.418,1,harry potter,1.238,1.238,21.078,1,tvn,1.158,1.158,5.355,1,viña del mar,1.05,1.05,17.451,1,michelle bachelet,1.077,1.077,7.784,1,peso,1.032,1.032,4.574,1,copihue,0.946,0.946,5.494,1,futbol,verde,1.468,1.468,9.848,1,,,,,london,1.347,1.347,6.312,1,messi,1.49,1.49,4.064,1,putin,1.119,1.119,10.495,1,eiffel tower,1.348,1.348,9.687,1,mt. fuji,0.721,0.721,6.81,1,french fries,1.037,1.037,6.441,1,rapa nui,1.36,1.36,8.016,1,harry styles,1.039,1.039,9.811,1,sherlock holmes,1.155,1.155,10.301,1,cbs,1.072,1.072,4.528,1,rome,1.52,1.52,4.718,1,angela merkel,1.252,5.356,6.261,2,dollar,0.999,0.999,4.64,1,rose,1.128,4.045,4.684,2,soccer,100°c,1.6,1.6,7.314,1,3,3,2,1,2,3,3,4,2,2,2,2,1,1,1,3,2,2,1,2,1,3,3,4,4,3,3,2,3,2,3,2,3,3,2,3,11,,,,,,,,,,,,,,,,,,,,,,,,,,,,,,,0.939393939,0.616161616,0.101010101,0.666666667,0,0.232323232,0.050505051,0.121212121,0.121212121,0.626262626,0.333333333,0.696969697,0.828282828,0.525252525,0.97979798,0.080808081,0.676767677,0.181818182,0.444444444,0.03030303,0.060606061,0.01010101,0.101010101,0,0.01010101,0.080808081,0.272727273,0.878787879,0.656565657,0.868686869,,,0.455892256,0.29023569,,,,,,,,,,,,,,,,,,,,,,,,,,,,,,,0,0,0,0,0,0,0,0,0.141414141,0,0,0,0,0,0.808080808,0.080808081,0.424242424,0.222222222,0.171717172,0.03030303,0,0,0,0,0,0.03030303,0.142857143,0.838383838,0.535353535,0.808080808,,,0.063299663,0.218951419,,,,,,,,,,,,,,,,,,,,,,,,,,,,,,,0,0,0,0,0,0,0,0,0.060606061,0,0,0,0,0,0.525252525,0,0.050505051,0.080808081,0.02020202,0,0,0,0,0,0,0,0.030612245,0.060606061,0.272727273,0.525252525,,,0.039057239,0.069380884,0.455892256,0.063299663,0.29023569,0.218951419,0.039057239,0.069380884,2.416666667,1.7,3.142857143,2.571428571,2.457738095
,,,,100,671,TRUE,15/02/2024 00:47,,,,,,,,anonymous,en,"i consent, begin the study",female,26,chilean,chile,latin american,0,no,bilingual (2),chile,,,,,santiago,0.593,0.795,2.998,2,alexis sanchez,0.221,0.221,6.101,1,gabriel boric,0.074,17.411,20.047,4,torre entel,0.265,0.265,6.583,1,cordillera de los andes,0.055,21.201,22.889,5,sopaipillas,0.065,6.685,6.991,3,plaza de armas,0.229,9.009,9.301,3,jordan 23,0.194,7.687,7.91,2,subterra,0.019,0.446,5.537,2,chilevision,0.061,4.777,5.337,4,pucon,0.011,2.939,6.6,3,michelle bachelet,0.003,0.386,4.497,2,pesos,0.078,4.45,4.734,3,rosas,0.065,5.833,6.085,3,futbol,verde,0.485,6.738,7.052,5,,,,,new york,2.026,2.341,5.902,2,messi,2.885,2.885,8.182,1,vladimir putin,2.232,8.346,8.593,3,empire state,2.774,2.774,8.715,1,everest,1.943,10.771,11.057,2,pasta,11.629,11.924,28.349,2,eiffel tower,0.123,25.904,26.2,3,justin bieber,1.432,1.432,6.33,1,alice in wonderland,0.321,0.321,7.363,1,cnn,2.377,2.377,6.318,1,new york,0.94,0.94,4.789,1,michelle bachelet,0.136,28.798,29.095,7,euro,1.101,3.158,3.384,2,daisy,0.126,0.126,3.457,1,football,100 °c,0.67,56.955,58.127,12,2,2,2,2,2,2,3,3,3,2,3,3,2,2,2,2,1,2,2,2,1,3,2,3,3,2,3,3,3,2,2,1,2,2,1,3,10,,,,,,,,,,,,,,,,,,,,,,,,,,,,,,,0.939393939,0.616161616,0.303030303,0.04040404,0.424242424,0.01010101,0.03030303,0.01010101,0.01010101,0.111111111,0.090909091,0.696969697,0.828282828,0.313131313,0.97979798,0.646464646,0.676767677,0.181818182,0.313131313,0.787878788,0.161616162,0.222222222,0.101010101,0,0.343434343,0.121212121,0.101010101,0.070707071,0.050505051,0.868686869,,,0.36026936,0.30976431,,,,,,,,,,,,,,,,,,,,,,,,,,,,,,,0,0,0,0,0,0,0,0,0,0,0,0,0,0.535353535,0.808080808,0.525252525,0.424242424,0.222222222,0.252525253,0.606060606,0.232323232,0.313131313,0.111111111,0,0,0.121212121,0,0.03030303,0.01010101,0.808080808,,,0.08956229,0.243771044,,,,,,,,,,,,,,,,,,,,,,,,,,,,,,,0,0,0,0,0,0,0,0,0,0,0,0,0,0.272727273,0.525252525,0,0.050505051,0.080808081,0.050505051,0.02020202,0.060606061,0.050505051,0.02020202,0,0,0.01010101,0,0,0,0.525252525,,,0.053198653,0.057912458,0.36026936,0.08956229,0.30976431,0.243771044,0.053198653,0.057912458,2.416666667,1.9,2.714285714,1.857142857,2.22202381
,,,,100,861,TRUE,15/02/2024 00:57,,,,,,,,anonymous,en,"i consent, begin the study",female,25,chilean,chile,mixed,0,no,bilingual (2),chile,,,,,santiago,3.839,3.839,9.384,1,alexis sánchez,1.479,17.195,18.489,3,gabriel boric,2.76,2.76,18.85,1,costanera center,0.699,10.449,10.48,5,los andes,4.143,4.143,16.677,1,porotos,1.672,1.672,4.402,1,las torres del paine,1.581,1.581,11.001,1,chayanne,1.592,14.255,14.3,2,harry potter,0.592,4.917,4.955,2,tvn,0.846,0.846,4.601,1,valdivia,2.936,6.892,6.928,2,michelle bachelet,0.493,0.493,6.036,1,peso,0.695,0.695,2.826,1,rose,0.66,0.66,7.084,1,football,green,1.156,1.156,6.241,1,,,,,paris,0.712,0.712,5.301,1,lionel messi,0.285,0.285,5.366,1,joe biden,0.48,0.48,7.346,1,eiffel tower,0.547,0.547,8.059,1,mount everest,0.676,0.676,19.1,1,pizza,0.626,0.626,3.739,1,the statue of liberty,0.519,0.519,16.825,1,michael jackson,0.418,0.418,6.387,1,harry potter,0.45,0.45,4.001,1,cnn,0.478,0.478,3.527,1,london,0.304,0.304,3.501,1,angela merkel,0.723,0.723,4.485,1,dollar,0.517,0.517,3.186,1,rose,0.484,2.368,2.939,2,football,100,0.912,0.912,6.201,1,1,1,1,1,1,1,1,1,2,1,1,1,1,1,1,1,1,1,1,1,1,2,3,1,1,1,1,1,3,1,1,1,1,1,1,1,10,,,,,,,,,,,,,,,,,,,,,,,,,,,,,,,0.939393939,0.616161616,0.303030303,0.666666667,0.424242424,0.121212121,0.151515152,0.050505051,0.121212121,0.626262626,0.060606061,0.696969697,0.828282828,0.313131313,0.97979798,0.080808081,0.676767677,0.323232323,0.444444444,0.787878788,0.292929293,0.101010101,0.252525253,0.242424242,0.343434343,0.02020202,0.272727273,0.878787879,0.656565657,0.868686869,,,0.45993266,0.416161616,,,,,,,,,,,,,,,,,,,,,,,,,,,,,,,0,0,0,0,0,0,0,0,0.141414141,0,0,0,0,0.535353535,0.808080808,0.060606061,0.424242424,0.252525253,0.171717172,0.606060606,0.090909091,0.161616162,0.131313131,0.141414141,0,0.02020202,0.142857143,0.838383838,0.535353535,0.808080808,,,0.098989899,0.292352092,,,,,,,,,,,,,,,,,,,,,,,,,,,,,,,0,0,0,0,0,0,0,0,0.060606061,0,0,0,0,0.272727273,0.525252525,0,0.050505051,0.080808081,0.02020202,0.02020202,0,0.01010101,0,0.060606061,0,0,0.030612245,0.060606061,0.272727273,0.525252525,,,0.057239057,0.07544149,0.45993266,0.098989899,0.416161616,0.292352092,0.057239057,0.07544149,1.083333333,1.1,1.571428571,1,1.188690476
,,,,100,701,TRUE,15/02/2024 01:05,,,,,,,,anonymous,en,"i consent, begin the study",female,24,chilean,chile,latin american,0,no,bilingual (2),chile,,,,,santiago,0.801,0.801,5.925,1,alexis sanchez,0.925,1.263,6.342,2,donald trump,0.504,0.504,7.914,1,costanera center,0.551,0.551,5.214,1,everest,0.235,13.556,13.852,2,porotos granados,1.866,1.866,9.254,1,santiago,1.401,5.747,7.913,4,leo rey,0.559,9.077,9.339,3,la casa de los espíritus,0.447,0.447,19.1,1,chv,0.328,0.328,5.208,1,viña del mar,0.377,8.748,8.975,2,michelle bachelet,0.128,5.818,6.053,2,clp,0.171,20.787,21.05,12,copihue,0.485,0.485,4.277,1,fútbol,verde,0.575,0.575,5.145,1,,,,,new york,1.248,5.311,5.564,2,leo messi,0.323,0.572,4.327,2,donald trump,0.53,0.53,10.41,1,empire state,0.22,0.22,4.054,1,everest,0.53,0.53,9.259,1,ramen,0.345,0.345,6.555,1,rome,0.237,0.237,6.121,1,michael jackson,0.186,0.186,8.14,1,harry potter,0.159,0.159,5.722,1,bbc,0.286,0.286,3.157,1,venice,0.177,6.446,6.75,2,queen elizabeth,0.114,0.43,10.842,2,usd,0.164,3.902,4.293,2,sunflower,0.155,0.155,3.908,1,football,100°c,0.552,0.552,7.185,1,2,1,1,1,3,2,3,1,1,1,3,2,1,1,1,1,1,1,2,1,1,1,3,4,4,2,4,3,2,2,2,1,2,2,2,1,10,,,,,,,,,,,,,,,,,,,,,,,,,,,,,,,0.939393939,0.616161616,0.101010101,0.666666667,0.181818182,0.121212121,0.02020202,0,0.121212121,0.111111111,0.333333333,0.696969697,0.828282828,0.525252525,0.97979798,0.646464646,0.676767677,0.212121212,0.313131313,0.787878788,0.02020202,0,0.252525253,0.242424242,0.353535354,0.02020202,0.070707071,0.878787879,0.141414141,0.868686869,,,0.416161616,0.365656566,,,,,,,,,,,,,,,,,,,,,,,,,,,,,,,0,0,0.131313131,0,0.606060606,0,0,0,0,0,0,0,0,0,0.808080808,0.525252525,0.424242424,0.131313131,0.252525253,0.606060606,0.02020202,0,0.131313131,0.141414141,0,0,0.091836735,0.838383838,0.212121212,0.808080808,,,0.103030303,0.278849722,,,,,,,,,,,,,,,,,,,,,,,,,,,,,,,0,0,0.03030303,0,0.02020202,0,0,0,0,0,0,0,0,0,0.525252525,0,0.050505051,0.03030303,0.050505051,0.02020202,0,0,0,0.060606061,0,0,0.06122449,0.060606061,0.131313131,0.525252525,,,0.038383838,0.066034495,0.416161616,0.103030303,0.365656566,0.278849722,0.038383838,0.066034495,1.75,1.1,3.142857143,1.714285714,1.926785714
,,,,100,834,TRUE,15/02/2024 01:05,,,,,,,,anonymous,en,"i consent, begin the study",female,31,chile,chile,latin american,0,no,bilingual (2),chile,,,,,santiago,0.931,0.931,6.201,1,vidal,0.901,0.901,5.327,1,piñera,0.99,0.99,6.601,1,costanera center,1,1,11.679,1,los andes,0.603,0.603,6.358,1,completo,1.165,1.165,12.9,1,aconcagua,0.401,0.401,18.566,1,pailita,0.735,0.735,8.497,1,harry potter,2.261,2.261,6.146,1,tvn,0.782,0.782,3.184,1,valparaíso,0.815,0.815,4.601,1,bachelet,1.239,1.239,9.76,1,peso chileno,0.401,0.401,6.678,1,rosa,0.521,0.521,4.401,1,fútbol,green,2.273,5.391,5.866,2,,,,,new york,3.275,13.223,13.663,3,mesi,4.958,4.958,8.938,1,biden,5.292,5.292,12.2,1,eiffel tower,3.57,3.57,10.194,1,everest,1.304,1.304,6.5,1,fries,1.386,1.386,7.128,1,wall of china,1.66,39.602,43.801,2,michael jackson,1.273,1.273,20.774,1,harry potter,1.063,1.063,8.193,1,bbc,2.343,2.343,5.002,1,paris,10.202,10.202,15.001,1,merckel,1.501,1.501,10.594,1,usd,1.108,1.108,3.551,1,sunflower,1.502,1.502,5.7,1,football,100 c,2.696,12.628,13.766,2,3,2,1,2,2,2,2,3,2,2,2,1,1,1,1,2,2,1,2,2,1,2,4,3,4,2,4,4,4,4,4,3,4,4,4,4,10,,,,,,,,,,,,,,,,,,,,,,,,,,,,,,,0.939393939,0.171717172,0.101010101,0.666666667,0.424242424,0.161616162,0,0.03030303,0.121212121,0.626262626,0.181818182,0.696969697,0.828282828,0.313131313,0.97979798,0.646464646,0.676767677,0.323232323,0.444444444,0.787878788,0.060606061,0.050505051,0.252525253,0.242424242,0.353535354,0.454545455,0.272727273,0.878787879,0.141414141,0.868686869,,,0.416161616,0.43030303,,,,,,,,,,,,,,,,,,,,,,,,,,,,,,,0,0,0,0,0,0,0,0,0.141414141,0,0,0,0,0.535353535,0.808080808,0.525252525,0.424242424,0.252525253,0.171717172,0.606060606,0,0.03030303,0.131313131,0.141414141,0,0.363636364,0.142857143,0.838383838,0.212121212,0.808080808,,,0.098989899,0.30986051,,,,,,,,,,,,,,,,,,,,,,,,,,,,,,,0,0,0,0,0,0,0,0,0.060606061,0,0,0,0,0.272727273,0.525252525,0,0.050505051,0.080808081,0.02020202,0.02020202,0,0,0,0.060606061,0,0.01010101,0.030612245,0.060606061,0.131313131,0.525252525,,,0.057239057,0.06601388,0.416161616,0.098989899,0.43030303,0.30986051,0.057239057,0.06601388,2,1.5,3.571428571,3.857142857,2.732142857
,,,,100,2622,TRUE,15/02/2024 01:12,,,,,,,,anonymous,en,"i consent, begin the study",female,27,chilean,chile,latin american-white,0,no,bilingual (2),chile,,,,,concepcion,2.738,2.738,11.616,1,futbol,1.788,1.788,6.118,1,trump,1.345,12.838,20.771,4,costanera,1.446,1.446,6.486,1,san cristobal,1.713,1.713,14.794,1,cazuela,1.573,1.573,21.328,1,mcdonald,1.915,13.559,21.488,2,americo,1.435,1.435,5.292,1,papelucho,1.286,1.286,5.978,1,tvn,1.721,1.721,5.096,1,pucon,1.752,1.752,7.311,1,michelle,1.988,1.988,11.43,1,peso,2.446,2.446,5.359,1,margarita,2.142,2.142,6.317,1,futbol,green,3.158,3.158,17.559,1,,,,,canada,4.304,4.304,30.911,1,messi,2.729,15.35,18.773,2,putin,4.624,4.624,12.049,1,eiffel tower,3.008,28.899,30.485,3,everest,11.894,11.894,13.652,1,sushi,1.805,1.805,7.57,1,equatorial line,2.469,2.469,25.782,1,michael,2.668,2.668,22.42,1,harry potter,1.984,1.984,7.778,1,hbo,10.272,10.272,17.571,1,corea,12.542,12.542,24.24,1,michelle,2.72,23.619,26.539,2,usd,3.994,5.137,10.189,2,lilium,2.214,2.214,15.386,1,tenis,100 degrees celsius,8.563,56.341,64.588,10,2,1,1,2,1,1,2,2,1,2,3,2,1,2,2,2,1,2,2,2,1,2,3,2,3,2,3,3,4,3,3,4,4,4,4,3,10,,,,,,,,,,,,,,,,,,,,,,,,,,,,,,,0.01010101,0,0.101010101,0.666666667,0.101010101,0.151515152,0,0.060606061,0.151515152,0.626262626,0.090909091,0,0.828282828,0.04040404,0.97979798,0,0.676767677,0.181818182,0.444444444,0.787878788,0.060606061,0.04040404,0.252525253,0.242424242,0.01010101,0,0,0.878787879,0.03030303,0.03030303,,,0.253872054,0.242424242,,,,,,,,,,,,,,,,,,,,,,,,,,,,,,,0,0,0.131313131,0,0,0,0,0,0,0,0,0,0,0.01010101,0.808080808,0,0.424242424,0.222222222,0.171717172,0.606060606,0.161616162,0,0.131313131,0.141414141,0,0,0,0.838383838,0.090909091,0.01010101,,,0.063299663,0.186531987,,,,,,,,,,,,,,,,,,,,,,,,,,,,,,,0,0,0.03030303,0,0,0,0,0,0,0,0,0,0,0,0.525252525,0,0.050505051,0.080808081,0.02020202,0.02020202,0.03030303,0,0,0.060606061,0,0,0,0.060606061,0.01010101,0,,,0.037037037,0.022222222,0.253872054,0.063299663,0.242424242,0.186531987,0.037037037,0.022222222,1.666666667,1.7,2.857142857,3.571428571,2.448809524
,,,,100,852,TRUE,15/02/2024 02:06,,,,,,,,anonymous,en,"i consent, begin the study",female,26,chilena,chile,latinoamericana,0,no,monolingual (1),chile,,,,,santiago,2.273,2.273,10.348,1,alexis sanchez,1.841,9.194,14.338,4,putin,1.193,1.193,7.315,1,costanera,1.733,1.733,7.219,1,cordillera de los andes,1.484,1.484,12.459,1,porotos,1.455,1.455,6.742,1,terremoto 27 de febrero,1.08,1.08,22.92,1,justin bieber,1.29,1.29,7.269,1,el principito,1.148,1.148,7.7,1,tvn,1.414,1.414,9.689,1,viña del mar,1.634,1.634,5.368,1,kamala harris,1.833,24.338,69.97,2,dolar,2.075,2.075,10.441,1,copihue,1.367,1.367,5.314,1,futbol,menta,1.629,1.629,7.88,1,,,,,londres,2.219,2.219,8.693,1,lewis hamilton,0.709,0.709,6.435,1,vladímir putin,0.934,30.763,33.256,4,torres gemelas,1.721,1.721,7.769,1,everest,0.667,0.667,4.169,1,lasagna,0.782,0.782,9.634,1,muro de berlin,0.988,27.867,35.569,2,justin bieber,1.123,1.123,5.554,1,harry potter,0.767,0.767,14.255,1,bbc,1.642,1.642,4.269,1,new york,1.041,1.041,13.312,1,kamala harris,1.581,1.581,6.13,1,dolar,1.143,1.143,3.575,1,rosa,1.695,1.695,9.786,1,tenis,ebullicion,2.799,43.282,47.166,7,1,2,2,1,2,1,2,3,2,2,4,3,1,4,1,2,2,1,2,2,1,2,4,4,4,3,4,4,2,2,3,3,3,3,3,4,9,,,,,,,,,,,,,,,,,,,,,,,,,,,,,,,0.939393939,0.616161616,0.070707071,0.666666667,0.424242424,0.121212121,0,0.04040404,0.080808081,0.626262626,0.333333333,0.02020202,0.141414141,0.525252525,0.97979798,0.080808081,0,0.181818182,0.04040404,0.787878788,0.060606061,0,0.101010101,0.242424242,0.353535354,0.121212121,0.070707071,0.878787879,0.656565657,0.03030303,,,0.372390572,0.24040404,,,,,,,,,,,,,,,,,,,,,,,,,,,,,,,0,0,0.222222222,0,0,0,0,0.111111111,0,0,0,0.040816327,0.838383838,0,0.808080808,0.080808081,0,0.222222222,0.02020202,0.606060606,0.04040404,0,0.111111111,0.141414141,0,0.121212121,0.040816327,0.838383838,0.535353535,0.01010101,,,0.13470762,0.18453927,,,,,,,,,,,,,,,,,,,,,,,,,,,,,,,0,0,0.080808081,0,0,0,0,0.02020202,0,0,0,0.020408163,0.060606061,0,0.525252525,0,0,0.080808081,0,0.02020202,0,0,0.02020202,0.060606061,0,0.01010101,0.020408163,0.060606061,0.272727273,0,,,0.04715179,0.036377379,0.372390572,0.13470762,0.24040404,0.18453927,0.04715179,0.036377379,2.083333333,1.8,3.571428571,3,2.613690476
,,,,100,819,TRUE,15/02/2024 02:36,,,,,,,,anonymous,en,"i consent, begin the study",female,28,chilean,chile,latin american,0,no,bilingual (2),chile,,,,,santiago,3.1,3.1,9.078,1,alexis sanchez,1.214,1.214,9.949,1,gabriel boric,1.379,1.379,10.333,1,costanera center,2.257,2.257,7.756,1,los andes,1.267,1.267,12.052,1,cazuela,1.166,1.166,6.924,1,la moneda,1.358,13.846,18.825,4,peso pluma,1.329,1.329,8.019,1,papelucho,1.718,5.892,9.247,4,tvn,1.258,1.258,3.401,1,santiago,1.11,10.493,18.086,3,michelle bachelet,0.806,0.806,7.233,1,pesos,0.905,0.905,4.997,1,rosa,0.975,0.975,4.574,1,fútbol,green,1.141,1.141,5.53,1,,,,,paris,1.517,4.811,14.244,3,travis kelce,1.05,1.05,6.736,1,joe biden,0.612,4.725,9.015,2,world trade center,1.475,1.475,25.206,1,mount everest,0.685,0.685,18.454,1,cheese burger,1.179,16.819,17.561,4,eiffel tower,0.856,1.083,6.517,2,ed sheeran,0.538,0.538,7.13,1,harry potter,0.479,14.123,14.587,2,cnn,0.462,0.462,4.88,1,paris,0.996,0.996,5.068,1,margaret thatcher,0.547,0.547,16.947,1,us dollars,0.735,0.735,5.212,1,rose,0.678,0.678,3.545,1,football,100 c°,1.186,1.186,6.492,1,2,2,1,2,2,2,2,2,2,1,2,2,1,1,1,2,1,1,1,1,1,1,2,1,4,1,1,2,1,1,1,1,1,1,1,1,10,,,,,,,,,,,,,,,,,,,,,,,,,,,,,,,0.939393939,0.616161616,0.303030303,0.666666667,0.424242424,0.151515152,0.121212121,0.03030303,0.151515152,0.626262626,0.090909091,0.696969697,0.828282828,0.313131313,0.97979798,0.080808081,0.01010101,0.323232323,0.04040404,0.787878788,0.090909091,0.222222222,0.01010101,0.242424242,0.343434343,0.454545455,0.050505051,0.878787879,0.656565657,0.868686869,,,0.462626263,0.337373737,,,,,,,,,,,,,,,,,,,,,,,,,,,,,,,0,0,0,0,0,0,0,0,0,0,0,0,0,0.535353535,0.808080808,0.060606061,0,0.252525253,0.02020202,0.606060606,0,0.313131313,0.02020202,0.141414141,0,0.363636364,0,0.838383838,0.535353535,0.808080808,,,0.08956229,0.263973064,,,,,,,,,,,,,,,,,,,,,,,,,,,,,,,0,0,0,0,0,0,0,0,0,0,0,0,0,0.272727273,0.525252525,0,0,0.080808081,0,0.02020202,0,0.050505051,0,0.060606061,0,0.01010101,0,0.060606061,0.272727273,0.525252525,,,0.053198653,0.072053872,0.462626263,0.08956229,0.337373737,0.263973064,0.053198653,0.072053872,1.833333333,1.1,1.714285714,1,1.411904762
,,,,100,1018,TRUE,15/02/2024 02:37,,,,,,,,anonymous,en,"i consent, begin the study",female,27,chilean,chile,latin american,0,no,bilingual (2),chile,,,,,santiago,2.666,2.666,7.779,1,ronaldo,3.13,3.13,20.49,1,obama,4.031,4.031,12.863,1,costanera,1.051,1.051,8.634,1,everest,1.376,1.376,21.348,1,empanada,0.879,0.879,7.778,1,reloj de viña,0.829,0.829,47.847,1,bad bunny,0.77,0.77,32.545,1,el principito,0.889,0.889,17.869,1,tvn,0.873,0.873,21.145,1,viña,1.005,1.005,9.613,1,bachelet,0.747,0.747,15.778,1,peso chileno,1.51,1.51,7.363,1,copihue,0.694,0.694,6.08,1,futbol,green,2.2,2.2,5.631,1,,,,,los angeles,2.319,2.319,22.063,1,messi,10.109,10.109,13.197,1,obama,7.586,7.586,15.783,1,eiffel tower,5.142,5.142,60.663,1,everest,0.881,0.881,4.069,1,pizza,0.928,1.88,5.624,2,white house,0.653,0.653,9.744,1,michael jackson,0.747,0.747,42.967,1,harry potter,0.595,0.595,8.868,1,cnn,0.743,0.743,7.372,1,miami,0.578,0.578,7.163,1,michelle obama,0.711,0.711,13.486,1,usd,0.647,0.647,3.604,1,rose,0.492,0.492,12.889,1,football,100c,0.958,0.958,12.033,1,2,2,2,2,2,2,2,2,2,2,3,2,1,1,1,1,2,1,1,2,1,2,3,3,3,2,3,3,3,2,2,2,2,2,2,2,10,,,,,,,,,,,,,,,,,,,,,,,,,,,,,,,0.939393939,0.01010101,0.131313131,0.666666667,0.181818182,0.232323232,0.01010101,0.070707071,0.080808081,0.626262626,0.333333333,0.696969697,0.828282828,0.525252525,0.97979798,0,0.676767677,0.131313131,0.444444444,0.787878788,0.292929293,0,0.252525253,0.242424242,0.343434343,0.060606061,0.050505051,0.878787879,0.656565657,0.868686869,,,0.420875421,0.379124579,,,,,,,,,,,,,,,,,,,,,,,,,,,,,,,0,0.282828283,0.111111111,0,0.606060606,0,0,0,0,0,0,0,0,0,0.808080808,0.02020202,0.424242424,0.111111111,0.171717172,0.606060606,0.090909091,0,0.131313131,0.141414141,0,0.02020202,0.12244898,0.838383838,0.535353535,0.808080808,,,0.120538721,0.268095925,,,,,,,,,,,,,,,,,,,,,,,,,,,,,,,0,0.04040404,0,0,0.02020202,0,0,0,0,0,0,0,0,0,0.525252525,0,0.050505051,0,0.02020202,0.02020202,0,0,0,0.060606061,0,0,0.051020408,0.060606061,0.272727273,0.525252525,,,0.039057239,0.070741428,0.420875421,0.120538721,0.379124579,0.268095925,0.039057239,0.070741428,2.083333333,1.3,2.857142857,2,2.060119048
,,,,100,941,TRUE,15/02/2024 02:38,,,,,,,,anonymous,en,"i consent, begin the study",female,26,chilean,chile,mixed,-1,no,bilingual (2),chile,,,,,santiago,0.802,4.198,4.807,2,alexis sánchez,0.401,7.575,8.101,2,gabriel boric,0.302,15.658,16.18,2,costanera center,0.301,5.398,6.768,2,los andes,0.301,7.014,7.421,2,empanadas,0.301,4.723,5.203,2,reloj de flores de viña,0.301,13.942,14.689,3,jorge gonzález,0.301,28.377,30.501,3,cómo agua para chocolate,0.4,10.6,11.053,2,tvn,0.401,3.191,3.63,2,pucón,0.401,8.577,9.834,2,michelle bachelet,0.4,8.025,8.401,2,peso chileno,0.3,4.653,5.142,2,copihue,0.201,3.825,4.256,2,fútbol,green,0.601,0.601,4.04,1,,,,,london,5.8,39.934,40.3,5,messi,5.202,5.202,21.452,1,papa francisco,1.1,1.1,55.401,1,costanera,0.601,0.601,31.695,1,everest,3.302,3.302,7.8,1,pasta,1.001,1.001,4.898,1,eiffel tower,0.4,25.812,40.98,2,usher,0.502,0.502,6.731,1,1984,0.401,0.401,12.187,1,abc,0.501,7.236,7.501,2,paris,0.501,0.501,19.8,1,kamala harris,0.401,0.401,9.621,1,usd dollar,0.4,11.479,17.747,4,roses,0.301,0.301,24.043,1,football,100 c,1.527,23.208,33.077,2,1,2,1,1,1,1,1,2,2,2,1,1,1,3,1,1,1,1,1,1,1,2,3,1,4,2,2,2,1,2,2,1,3,3,1,1,9,,,,,,,,,,,,,,,,,,,,,,,,,,,,,,,0.939393939,0.616161616,0.303030303,0.666666667,0.424242424,0.232323232,0.01010101,0.090909091,0,0.626262626,0.090909091,0.696969697,0.828282828,0.525252525,0.97979798,0.080808081,0.676767677,0,0.01010101,0.787878788,0.161616162,0.222222222,0.04040404,0.050505051,0.02020202,0.454545455,0.070707071,0.878787879,0.656565657,0.868686869,,,0.468686869,0.331986532,,,,,,,,,,,,,,,,,,,,,,,,,,,,,,,0,0,0,0,0,0,0,0,0,0,0,0,0,0,0.808080808,0.080808081,0.424242424,0,0,0.606060606,0.232323232,0.313131313,0.090909091,0,0,0.363636364,0.040816327,0.838383838,0.535353535,0.808080808,,,0.053872054,0.288916375,,,,,,,,,,,,,,,,,,,,,,,,,,,,,,,0,0,0,0,0,0,0,0,0,0,0,0,0,0,0.525252525,0,0.050505051,0,0,0.02020202,0.060606061,0.050505051,0.070707071,0,0,0.01010101,0.020408163,0.060606061,0.272727273,0.525252525,,,0.035016835,0.076108019,0.468686869,0.053872054,0.331986532,0.288916375,0.035016835,0.076108019,1.333333333,1.3,2.142857143,1.857142857,1.658333333
,,,,100,805,TRUE,15/02/2024 02:45,,,,,,,,anonymous,en,"i consent, begin the study",female,24,chilean,chile,white latin american,-1,no,bilingual (2),chile,,,,,santiago,0.881,0.881,4.406,1,alexis sanchez,0.56,0.896,7.026,2,donald trump,0.307,0.307,6.358,1,costanera center,0.466,0.466,5.878,1,mount everest,0.303,0.303,12.422,1,porotos con riendas,0.459,0.459,7.062,1,easter island,0.311,0.311,19.676,1,bad bunny,0.355,0.355,12.655,1,harry potter,0.226,0.226,6.134,1,canal 13,0.437,0.437,5.964,1,valparaíso,0.33,0.33,9.428,1,michelle bachelet,0.695,0.695,9.125,1,chilean peso,1.445,1.445,10.175,1,rose,2.041,2.041,6.237,1,football,green,0.836,0.836,3.096,1,,,,,paris,1.895,1.895,10.929,1,lionel messi,1.013,1.013,9.451,1,donald trump,1.03,1.03,7.139,1,eiffel tower,0.932,0.932,11.982,1,mount everest,1.099,1.099,7.303,1,sushi,1.695,16.504,19.606,2,eiffel tower,0.876,0.876,43.131,1,justin bieber,0.516,0.516,12.477,1,harry potter,0.527,0.527,7.707,1,bbc,0.29,0.29,5.711,1,new york,0.516,0.516,5.175,1,kamala harris,0.546,29.479,33.659,2,us dollar,1.15,1.15,4.841,1,rose,4.651,4.651,7.868,1,football,100 degrees celsius,1.005,1.005,17.963,1,1,1,2,1,2,3,2,1,1,1,4,4,1,1,4,1,1,1,1,1,1,1,4,4,4,3,4,4,3,1,2,1,1,1,1,1,9,,,,,,,,,,,,,,,,,,,,,,,,,,,,,,,0.939393939,0.616161616,0.101010101,0.666666667,0.181818182,0.121212121,0.060606061,0.070707071,0.121212121,0.080808081,0.181818182,0.696969697,0.828282828,0.313131313,0.97979798,0.080808081,0.676767677,0.212121212,0.444444444,0.787878788,0.060606061,0.222222222,0.101010101,0.242424242,0.353535354,0.121212121,0.070707071,0.878787879,0.656565657,0.868686869,,,0.397306397,0.385185185,,,,,,,,,,,,,,,,,,,,,,,,,,,,,,,0,0,0.131313131,0,0.606060606,0,0,0,0.141414141,0,0,0,0,0.535353535,0.808080808,0.060606061,0.424242424,0.131313131,0.171717172,0.606060606,0.161616162,0.313131313,0.111111111,0.141414141,0,0.121212121,0.040816327,0.838383838,0.535353535,0.808080808,,,0.148148148,0.297670583,,,,,,,,,,,,,,,,,,,,,,,,,,,,,,,0,0,0.03030303,0,0.02020202,0,0,0,0.060606061,0,0,0,0,0.272727273,0.525252525,0,0.050505051,0.03030303,0.02020202,0.02020202,0.03030303,0.050505051,0.02020202,0.060606061,0,0.01010101,0.020408163,0.060606061,0.272727273,0.525252525,,,0.060606061,0.078128221,0.397306397,0.148148148,0.385185185,0.297670583,0.060606061,0.078128221,1.916666667,1.3,3.714285714,1.142857143,2.018452381
,,,,100,758,TRUE,15/02/2024 03:09,,,,,,,,anonymous,en,"i consent, begin the study",female,31,chilean,chile,latin american,1,no,bilingual (2),chile,,,,,santiago,8.297,8.297,14.189,1,claudio bravo,9.388,9.388,19.9,1,michelle bachelet,1.461,1.461,18.716,1,costanera center,3.5,3.5,9.098,1,los andes,1.186,1.186,4.9,1,cazuela,1.179,1.179,14.138,1,isla de pascua,1.102,51.142,58.357,2,gustavo ceratti,1.868,1.868,14.726,1,harry potter,14.378,14.378,17.912,1,canal 13,1.914,1.914,9.173,1,punta arenas,1.263,1.263,11.864,1,michelle bachelette,1.393,1.393,10.983,1,peso,2.011,2.011,5.619,1,copihue,0.857,0.857,5.339,1,fútbol,green,4,4,7.882,1,,,,,new york,1.704,5.714,6.588,2,messi,0.736,0.736,7.869,1,barack obama,0.738,0.738,6.486,1,eiffel tower,0.748,0.748,9.722,1,everest,0.781,0.781,5.332,1,fish and chips,0.836,0.836,9.728,1,great wall of china,0.936,0.936,7.343,1,michael jackson,0.728,0.728,8.3,1,harry potter,0.756,0.756,7.581,1,fox news,3.92,3.92,8.488,1,paris,0.93,0.93,4.023,1,queen elizabeth ii,1.27,50.684,58.304,2,dollar,1.049,1.049,3.881,1,sunflower,0.838,0.838,4.678,1,football,100 degrees celsius,3.506,3.506,22.045,1,2,2,2,2,2,2,3,2,2,2,3,2,2,1,1,1,1,1,1,1,1,1,3,3,2,2,3,2,1,2,3,2,2,3,3,3,11,,,,,,,,,,,,,,,,,,,,,,,,,,,,,,,0.939393939,0,0.03030303,0.666666667,0.424242424,0.151515152,0.060606061,0,0.121212121,0.080808081,0.02020202,0.696969697,0.828282828,0.525252525,0.97979798,0.646464646,0.676767677,0.131313131,0.444444444,0.787878788,0.04040404,0.050505051,0.252525253,0.242424242,0.070707071,0.454545455,0.070707071,0.878787879,0.141414141,0.868686869,,,0.368350168,0.383838384,,,,,,,,,,,,,,,,,,,,,,,,,,,,,,,0,0,0,0,0,0,0,0,0.141414141,0,0,0,0,0,0.808080808,0.525252525,0.424242424,0.111111111,0.171717172,0.606060606,0.01010101,0.03030303,0.131313131,0.141414141,0,0.363636364,0.091836735,0.838383838,0.212121212,0.808080808,,,0.063299663,0.297704941,,,,,,,,,,,,,,,,,,,,,,,,,,,,,,,0,0,0,0,0,0,0,0,0.060606061,0,0,0,0,0,0.525252525,0,0.050505051,0,0.02020202,0.02020202,0.01010101,0,0,0.060606061,0,0.01010101,0.06122449,0.060606061,0.131313131,0.525252525,,,0.039057239,0.063340892,0.368350168,0.063299663,0.383838384,0.297704941,0.039057239,0.063340892,2.166666667,1.1,2.285714286,2.571428571,2.030952381
,,,,100,815,TRUE,15/02/2024 03:17,,,,,,,,anonymous,en,"i consent, begin the study",female,18,chilean,chile,latin american,-1,no,multilingual (more than 2),chile,,,,,santiago,1.196,1.196,5.58,1,alexis sanchez,1.112,1.112,7.201,1,boric,1.033,1.033,4.893,1,costanera center,0.685,0.685,7.452,1,los andes,1.009,1.009,4.8,1,completos,1.206,1.206,6.678,1,torres del paine,0.585,0.585,11.601,1,marcianeke,0.624,0.624,13.125,1,papelucho,0.569,0.569,19.64,1,meganoticias,0.713,0.713,8.602,1,pucon,1.433,1.433,7.601,1,michelle bachelet,0.722,0.722,7.282,1,peso,0.593,0.593,2.471,1,copihue,0.528,0.528,3.321,1,futbol,green,1.408,1.408,3.628,1,,,,,new york,1.025,1.025,4.401,1,cristiano ronaldo,0.814,0.814,9.701,1,joe biden,1.356,1.356,11.501,1,empire state,0.476,0.476,15.792,1,everest,1.496,1.496,4.031,1,pizza,0.768,0.768,6.677,1,i cant think of any im so sorry,0.548,0.548,39.48,1,michael jackson,0.786,0.786,9.073,1,the bible,0.574,4.144,5.675,2,fox news,0.509,0.509,9.66,1,rome,0.578,0.578,5.519,1,angela merkel,0.662,59.895,64.357,2,dollar,0.574,0.574,3.431,1,lily,0.601,5.261,5.3,2,football,100ºc,0.865,0.865,11.648,1,3,2,2,2,2,3,2,1,2,3,2,3,1,1,3,2,2,1,2,2,1,1,3,3,4,1,3,2,2,1,1,1,2,1,1,2,10,,,,,,,,,,,,,,,,,,,,,,,,,,,,,,,0.939393939,0.616161616,0.303030303,0.666666667,0.424242424,0.161616162,0.151515152,0.04040404,0.151515152,0.04040404,0.090909091,0.696969697,0.828282828,0.525252525,0.97979798,0.646464646,0.080808081,0.323232323,0.313131313,0.787878788,0.292929293,0,0.252525253,0.212121212,0.070707071,0.080808081,0.272727273,0.878787879,0.03030303,0.868686869,,,0.441077441,0.340740741,,,,,,,,,,,,,,,,,,,,,,,,,,,,,,,0,0,0,0,0,0,0,0,0,0,0,0,0,0,0.808080808,0.525252525,0.282828283,0.252525253,0.252525253,0.606060606,0.090909091,0,0.131313131,0.171717172,0,0.03030303,0.142857143,0.838383838,0.090909091,0.808080808,,,0.053872054,0.281577682,,,,,,,,,,,,,,,,,,,,,,,,,,,,,,,0,0,0,0,0,0,0,0,0,0,0,0,0,0,0.525252525,0,0.04040404,0.080808081,0.050505051,0.02020202,0,0,0,0.080808081,0,0,0.030612245,0.060606061,0.01010101,0.525252525,,,0.035016835,0.059953274,0.441077441,0.053872054,0.340740741,0.281577682,0.035016835,0.059953274,2.25,1.6,2.571428571,1.285714286,1.926785714
,,,,100,738,TRUE,15/02/2024 03:52,,,,,,,,anonymous,en,"i consent, begin the study",female,24,chilean,chile,latin american,0,no,bilingual (2),chile,,,,,santiago,2.814,2.814,9.971,1,alexis sanchez,1.827,1.827,14.131,1,putin,2.49,2.49,10.788,1,costanera center,1.501,1.501,6.826,1,cordillera de los andes,1.505,1.505,9.272,1,pastel de choclo,1.548,1.548,9.038,1,valparaíso,1.247,1.247,10.353,1,bad bunny,1.349,1.349,7.717,1,la casa de los espíritus,1.369,1.369,25.747,1,tvn,1.22,1.22,4.459,1,viña del mar,0.831,6.257,6.954,2,michel bachelet,1.101,1.101,11.053,1,peso chileno,1.488,1.488,5.705,1,rosa,0.882,1.555,4.469,2,football,green,1.174,1.174,10.66,1,,,,,new york,1.437,1.437,5.311,1,messi,1.152,1.152,6.482,1,joe biden,1.149,1.149,5.31,1,eiffel tower,0.825,0.825,12.81,1,alps,1.035,14.395,17.028,2,pasta,1.325,1.325,4.038,1,stonehenge,1.067,1.067,16.924,1,justin bieber,1.53,1.53,9.461,1,romeo and juliet,0.952,0.952,6.249,1,cnn,1.428,1.428,4.738,1,roma,1.376,1.376,4.609,1,queen elizabeth ii,1.507,1.507,24.562,1,dollar,1.183,1.183,4.48,1,roses,1.162,1.162,3.637,1,football,100°c,1.928,1.928,9.498,1,2,2,1,2,2,1,1,1,2,2,1,1,2,1,1,2,4,1,1,2,1,1,2,2,3,1,3,3,2,2,2,1,2,2,2,2,10,,,,,,,,,,,,,,,,,,,,,,,,,,,,,,,0.939393939,0.616161616,0.070707071,0.666666667,0.424242424,0.131313131,0.01010101,0.070707071,0.121212121,0.626262626,0.333333333,0.696969697,0.828282828,0.313131313,0.97979798,0.646464646,0.676767677,0.323232323,0.444444444,0.01010101,0.161616162,0.02020202,0.101010101,0.01010101,0.343434343,0.080808081,0.070707071,0.878787879,0.656565657,0.868686869,,,0.455218855,0.352861953,,,,,,,,,,,,,,,,,,,,,,,,,,,,,,,0,0,0.222222222,0,0,0,0,0,0,0,0,0,0,0.535353535,0.808080808,0.525252525,0.424242424,0.252525253,0.171717172,0,0.232323232,0.02020202,0.111111111,0,0,0.03030303,0.091836735,0.838383838,0.535353535,0.808080808,,,0.104377104,0.269422112,,,,,,,,,,,,,,,,,,,,,,,,,,,,,,,0,0,0.080808081,0,0,0,0,0,0,0,0,0,0,0.272727273,0.525252525,0,0.050505051,0.080808081,0.02020202,0,0.060606061,0,0.02020202,0.01010101,0,0,0.06122449,0.060606061,0.272727273,0.525252525,,,0.058585859,0.077482306,0.455218855,0.104377104,0.352861953,0.269422112,0.058585859,0.077482306,1.5,1.6,2.285714286,1.857142857,1.810714286
,,,,100,917,TRUE,15/02/2024 04:55,,,,,,,,anonymous,en,"i consent, begin the study",female,29,chilean,chile,latin american,0,no,multilingual (more than 2),chile,,,,,santiago,3.799,3.799,8.778,1,alexis sanchez,2.901,9.661,10.694,2,biden,3.001,11.715,14.441,2,costanera center,7.375,7.375,15.267,1,cordillera de los andes,3.786,11.349,14.801,2,completo,3.817,9.382,11.073,2,valparaíso,0.901,15.973,17.454,3,jorge gonzález,0.592,48,52.1,4,papelucho,0.5,0.5,25.8,1,mega,0.6,6.801,10.19,2,valparaíso,0.664,0.664,4.797,1,michelle bachelet,0.357,9.751,10.001,5,peso,1.444,5.514,6.799,2,copihue,0.4,0.4,4.1,1,soccer,green,2.8,7.689,9.348,2,,,,,new york,1,1,7.068,1,messi,0.4,5.171,5.5,2,joe biden,0.33,0.33,4.471,1,empire state,0.322,0.322,7.844,1,mount everest,0.34,0.34,9.2,1,sushi,0.535,0.535,5.065,1,eiffel tower,0.2,0.2,18.501,1,harry styles,0.986,0.986,13.642,1,harry potter,0.564,0.564,4.486,1,cnn,0.382,0.382,10.361,1,paris,0.641,0.641,4.96,1,greta thunberg,0.393,0.393,35.863,1,dollar,0.484,0.484,3.081,1,rose,0.316,0.316,3.042,1,soccer,100 degrees celsius,1.501,16.178,18.542,3,1,2,2,1,1,1,1,1,2,1,1,1,3,2,3,1,1,1,1,1,1,1,1,2,3,1,3,3,2,1,1,1,1,1,1,1,11,,,,,,,,,,,,,,,,,,,,,,,,,,,,,,,0.939393939,0.616161616,0.141414141,0.666666667,0.424242424,0.161616162,0.01010101,0.090909091,0.151515152,0.04040404,0.181818182,0.696969697,0.828282828,0.525252525,0.97979798,0.646464646,0.676767677,0.323232323,0.313131313,0.787878788,0.060606061,0.222222222,0.101010101,0.242424242,0.343434343,0.454545455,0.04040404,0.878787879,0.656565657,0.868686869,,,0.43030303,0.441077441,,,,,,,,,,,,,,,,,,,,,,,,,,,,,,,0,0,0.252525253,0,0,0,0,0,0,0,0,0,0,0,0.808080808,0.525252525,0.424242424,0.252525253,0.252525253,0.606060606,0.161616162,0.313131313,0,0.141414141,0,0.363636364,0,0.838383838,0.535353535,0.808080808,,,0.070707071,0.348148148,,,,,,,,,,,,,,,,,,,,,,,,,,,,,,,0,0,0.080808081,0,0,0,0,0,0,0,0,0,0,0,0.525252525,0,0.050505051,0.080808081,0.050505051,0.02020202,0.03030303,0.050505051,0,0.060606061,0,0.01010101,0.010204082,0.060606061,0.272727273,0.525252525,,,0.04040404,0.081488353,0.43030303,0.070707071,0.441077441,0.348148148,0.04040404,0.081488353,1.25,1.5,2.142857143,1,1.473214286
,,,,100,1242,TRUE,15/02/2024 06:13,,,,,,,,anonymous,en,"i consent, begin the study",female,26,chilean,chile,latino,-1,no,bilingual (2),chile,,,,,santiago,1.602,1.602,5.192,1,vidal,0.667,0.667,12.501,1,gabriel boric,0.401,42.194,48.498,2,costanera center,0.278,0.278,6.896,1,fuji,0.401,0.401,21.4,1,cazuela,0.501,0.501,3.701,1,torres del paine,0.792,21.308,25.809,2,víctor jara,37.133,37.133,41.866,1,harry potter,0.601,0.601,4.882,1,tvn,1.201,1.201,19.2,1,santiago,0.701,0.701,9.302,1,michelle bachelet,1.6,1.6,6.198,1,usd,0.582,0.582,8.902,1,rose,0.601,0.601,5.901,1,football,green,0.96,0.96,4.958,1,,,,,new york,6.893,6.893,15.558,1,messi,3.549,3.549,12.373,1,obama,0.886,0.886,10.895,1,taj mahal,0.501,32.101,39.204,2,fuji,0.701,0.701,14.154,1,lasagna,0.202,0.202,20.893,1,obelisk,0.601,0.601,10.876,1,the weeknd,0.581,2.102,12.189,2,harry potter,0.629,0.629,5.298,1,fox,0.675,0.675,4.756,1,tokyo,0.302,0.302,6.475,1,michelle bachelet,0.502,24.209,73.823,6,usd,0.201,0.201,16.3,1,rose,0.601,0.601,3.591,1,basketball,celsius,1.302,34.772,38.375,3,1,1,1,1,1,1,2,1,2,1,4,3,3,3,1,2,2,1,2,1,1,1,2,4,3,1,4,3,1,2,3,3,4,4,4,2,9,,,,,,,,,,,,,,,,,,,,,,,,,,,,,,,0.939393939,0.171717172,0.303030303,0.666666667,0.01010101,0.151515152,0.151515152,0.03030303,0.121212121,0.626262626,0.090909091,0.696969697,0.141414141,0.313131313,0.97979798,0.646464646,0.676767677,0.131313131,0,0.03030303,0.060606061,0,0.04040404,0.242424242,0.070707071,0.02020202,0.101010101,0.878787879,0.656565657,0.02020202,,,0.35959596,0.238383838,,,,,,,,,,,,,,,,,,,,,,,,,,,,,,,0,0,0,0,0.03030303,0,0,0,0.141414141,0,0,0,0.838383838,0.535353535,0.808080808,0.525252525,0.424242424,0.111111111,0.050505051,0.03030303,0.04040404,0,0.02020202,0.141414141,0,0.02020202,0,0.838383838,0.535353535,0.03030303,,,0.156902357,0.184511785,,,,,,,,,,,,,,,,,,,,,,,,,,,,,,,0,0,0,0,0,0,0,0,0.060606061,0,0,0,0.060606061,0.272727273,0.525252525,0,0.050505051,0,0,0,0,0,0,0.060606061,0,0,0,0.060606061,0.272727273,0,,,0.061279461,0.02962963,0.35959596,0.156902357,0.238383838,0.184511785,0.061279461,0.02962963,1.583333333,1.7,2.571428571,3.142857143,2.249404762
,,,,100,1281,TRUE,15/02/2024 06:46,,,,,,,,anonymous,en,"i consent, begin the study",female,26,chilean,chile,latin american,0,no,bilingual (2),chile,,,,,santiago,2.204,2.204,7.942,1,alexis sanchez,1.696,1.696,11.007,1,obama,3.623,10.536,23.099,2,costanera,2,2,6.858,1,santa lucia,1.034,1.034,9.571,1,pastel de choclo,2.909,7.433,16.576,2,la moneda,2.455,7.414,20.468,2,luis jara,1.768,1.768,6.816,1,la casa de los espiritus,1.948,15.57,22.667,2,tvn,2.759,10.55,13.581,2,viña,3.28,8.088,11.671,2,bachellet,1.946,1.946,10.899,1,chilean peso clp,1.446,6.757,20.206,2,copihue,1.249,1.249,5.71,1,futbol,green,2.688,10.016,14.788,2,,,,,new york,1.07,1.07,12.069,1,michael jordan,1.075,1.075,10.923,1,obama,1.485,1.485,9.353,1,empire state,1.007,1.007,8.629,1,rushmore,1.082,23.074,24.886,2,hamburguers,1.435,1.435,9.443,1,liberty statue,1.227,1.227,11.946,1,michael  jackson,1.663,1.663,18.19,1,1984,0.977,14.064,16.946,2,cnn,3.524,3.524,9.637,1,new york,1.156,1.156,6.062,1,ursula von der leyen,1.478,73.446,75.1,2,dolar,2.205,8.18,10.611,3,daisy,3.069,3.069,6.884,1,rugby,100°c,2.672,9.896,15.411,2,2,2,2,1,2,2,2,2,2,2,3,2,1,1,1,2,2,2,3,2,2,2,2,3,3,1,3,3,3,3,3,2,4,3,3,4,10,,,,,,,,,,,,,,,,,,,,,,,,,,,,,,,0.939393939,0.616161616,0.131313131,0.666666667,0.01010101,0.131313131,0.121212121,0.121212121,0.121212121,0.626262626,0.333333333,0.696969697,0.828282828,0.525252525,0.97979798,0.646464646,0.02020202,0.131313131,0.313131313,0.01010101,0.090909091,0.101010101,0.252525253,0.050505051,0.343434343,0.121212121,0,0.878787879,0.050505051,0.01010101,,,0.456565657,0.201346801,,,,,,,,,,,,,,,,,,,,,,,,,,,,,,,0,0,0.111111111,0,0,0,0,0,0,0,0,0,0,0,0.808080808,0.525252525,0.02020202,0.111111111,0.252525253,0,0,0.161616162,0.131313131,0,0,0.121212121,0,0.838383838,0.01010101,0.050505051,,,0.061279461,0.148148148,,,,,,,,,,,,,,,,,,,,,,,,,,,,,,,0,0,0,0,0,0,0,0,0,0,0,0,0,0,0.525252525,0,0,0,0.050505051,0,0,0.01010101,0,0,0,0.01010101,0,0.060606061,0,0.434343434,,,0.035016835,0.037710438,0.456565657,0.061279461,0.201346801,0.148148148,0.035016835,0.037710438,2,1.8,2.571428571,3.142857143,2.378571429
,,,,100,1592,TRUE,15/02/2024 08:50,,,,,,,,anonymous,en,"i consent, begin the study",female,61,swiss,chile,white,1,no,multilingual (more than 2),chile,,,,,santiago,25.079,32.202,35.476,2,vidal,7.028,7.028,17.976,1,joe biden,3.728,3.728,18.001,1,la moneda,5.144,5.144,25.702,1,los andes,3.407,3.407,11.202,1,empanadas,2.201,2.201,29.905,1,statue of liberty,4.386,54.201,86.819,2,justin bieber,8.4,45.898,84.078,2,the house of spirits,2.878,70.093,71.256,2,mega 13,4.382,4.382,9.807,1,valparaiso,2.206,2.206,11.189,1,bachelet,3.202,3.202,25.168,1,pesos,1.2,12.775,13.769,3,copihue,2.169,11.712,12.588,2,soccer,green,3.505,3.505,7.6,1,,,,,new york,2.044,14.364,15.001,2,roger federer,2.089,2.089,15.101,1,putin,2.101,2.101,7.482,1,empire state building,1.874,1.874,24.9,1,everest,1.752,1.752,9.601,1,hamburger,1.713,14.785,15.403,2,eiffel tower,1.401,12.774,13.501,2,elvis presley,3.301,3.301,19.101,1,the bible,1.769,1.769,9.697,1,disney channel,2.811,2.811,13.802,1,paris,2.103,2.103,9.965,1,angela merkel,2.431,2.431,13.589,1,dollars,3.124,17.4,18.002,2,rose,1.791,1.791,6.102,1,soccer,100 degrees,3.121,3.121,23.679,1,1,2,2,2,2,2,2,2,2,2,2,2,1,1,2,2,2,1,1,2,2,2,3,3,4,1,3,4,3,2,2,2,2,2,2,2,12,,,,,,,,,,,,,,,,,,,,,,,,,,,,,,,0.939393939,0.171717172,0.141414141,0.131313131,0.424242424,0.232323232,0.02020202,0.04040404,0.121212121,0,0.181818182,0.696969697,0.828282828,0.525252525,0.97979798,0.646464646,0,0.181818182,0.313131313,0.787878788,0.090909091,0.222222222,0.04040404,0.212121212,0,0.454545455,0.272727273,0.878787879,0.656565657,0.868686869,,,0.362289562,0.375084175,,,,,,,,,,,,,,,,,,,,,,,,,,,,,,,0,0,0.252525253,0,0,0,0.161616162,0.111111111,0,0,0,0,0,0,0.808080808,0.525252525,0,0.222222222,0.252525253,0.606060606,0,0.313131313,0,0.171717172,0,0.363636364,0.142857143,0.838383838,0.535353535,0.808080808,,,0.088888889,0.318614719,,,,,,,,,,,,,,,,,,,,,,,,,,,,,,,0,0,0.080808081,0,0,0,0.01010101,0.02020202,0,0,0,0,0,0,0.525252525,0,0,0.080808081,0.050505051,0.02020202,0,0.050505051,0,0.080808081,0,0.01010101,0.030612245,0.060606061,0.272727273,0.525252525,,,0.042424242,0.078808493,0.362289562,0.088888889,0.375084175,0.318614719,0.042424242,0.078808493,1.916666667,1.6,3,2,2.129166667
,,,,100,1219,TRUE,17/02/2024 14:56,,,,,,,,anonymous,en,"i consent, begin the study",male,27,chile,chile,latino,0,no,bilingual (2),chile,,,,,rancagua,1.087,26.963,37.177,4,alexis sanchez,0.299,0.299,24.186,1,trump,1.571,10.763,20.547,2,eiffel tower,0.726,0.726,22.487,1,mt everest,0.726,0.726,6.941,1,completo,0.196,0.196,10.072,1,statue of liberty,0.367,0.367,11.609,1,harry styles,0.572,0.572,67.175,1,harry potter,0.345,0.345,19.124,1,cnn,0.343,0.343,12.206,1,paris,0.458,0.458,11.51,1,greta thunberg,0.172,0.172,8.864,1,dollar,0.444,0.444,6.059,1,rose,0.263,0.263,32.519,1,football,green,0.917,0.917,4.887,1,,,,,london,1.234,1.234,12.335,1,messi,0.946,1.189,10.541,2,trump,0.58,0.58,19.325,1,eiffel tower,0.732,0.732,34.794,1,mt. everest,1.168,1.168,11.346,1,pizza,0.786,0.786,22.766,1,statue of liberty,0.587,0.587,29.275,1,harry styles,0.452,18.58,25.656,2,harry potter,0.421,0.421,44.535,1,bbc,0.457,0.457,16.197,1,paris,1.204,1.204,13.491,1,greta thunberg,0.419,0.419,94.312,1,dollar,0.458,0.458,5.326,1,rose,0.31,0.31,17.161,1,football,100°c,0.936,0.936,11.749,1,3,2,2,3,3,2,3,1,2,2,3,2,1,1,2,2,1,1,2,3,1,2,1,2,4,2,3,3,2,2,2,1,1,1,1,1,9,,,,,,,,,,,,,,,,,,,,,,,,,,,,,,,0,0.616161616,0.101010101,0.03030303,0.181818182,0.161616162,0.02020202,0.01010101,0.121212121,0.04040404,0.01010101,0.01010101,0.141414141,0.313131313,0.97979798,0.080808081,0.676767677,0.212121212,0.444444444,0.787878788,0.292929293,0.101010101,0.101010101,0.242424242,0.353535354,0.454545455,0.04040404,0.878787879,0.656565657,0.868686869,,,0.182491582,0.412794613,,,,,,,,,,,,,,,,,,,,,,,,,,,,,,,0,0,0.131313131,0.171717172,0.606060606,0,0.161616162,0,0.141414141,0,0.363636364,0,0.838383838,0.535353535,0.808080808,0.080808081,0.424242424,0.131313131,0.171717172,0.606060606,0.090909091,0.161616162,0,0.141414141,0,0.363636364,0,0.838383838,0.535353535,0.808080808,,,0.250505051,0.29023569,,,,,,,,,,,,,,,,,,,,,,,,,,,,,,,0,0,0.03030303,0.02020202,0.02020202,0,0.01010101,0,0.060606061,0,0.01010101,0.010204082,0.060606061,0.272727273,0.525252525,0,0.050505051,0.03030303,0.02020202,0.02020202,0,0.01010101,0,0.060606061,0,0.01010101,0.010204082,0.060606061,0.272727273,0.525252525,,,0.068020339,0.071387343,0.182491582,0.250505051,0.412794613,0.29023569,0.068020339,0.071387343,2.333333333,1.6,2.428571429,1.285714286,1.911904762
,,,,100,1173,TRUE,17/02/2024 14:57,,,,,,,,anonymous,en,"i consent, begin the study",male,25,chilean,chile,latin american,-1,no,bilingual (2),chile,,,,,santiago,0.869,0.869,4.379,1,alexis sanchez,0.427,0.427,7.704,1,gabriel boric,0.219,9.6,11.5,2,la moneda palace,0.205,39.957,42.122,4,san cristobal hill,0.226,8.105,15.793,2,cazuela,0.701,0.701,7.549,1,la moneda palace,0.102,31.378,39.943,4,jorge gonzalez,0.62,5.46,11.049,2,the house of the spirits,0.441,27.313,27.67,4,tvn,1.568,1.888,4.821,2,valparaiso,0.474,0.474,5.326,1,michelle bachelet,0.575,0.575,11.773,1,chilean peso,0.177,11.265,11.534,4,copihue,0.342,0.342,4.102,1,soccer,green,0.849,0.849,4.662,1,,,,,new york,1.326,1.326,10.452,1,lionel messi,0.631,0.631,11.725,1,donald trump,0.355,4.995,12.274,3,eiffel tower,0.123,13.93,25.304,4,mount everest,1.372,12.036,21.913,2,lasagna,1.32,18.032,24.654,4,eiffel tower,6.895,6.895,19.901,1,kanye west,1.991,6.726,14.651,4,the bible,0.394,12.994,16.68,2,fox,1.649,7.161,9.597,2,tokyo,0.827,0.827,5.976,1,angela merkel,0.627,44.293,45.337,3,dollar,0.306,16.258,18.76,3,rose,0.128,7.44,9.709,3,soccer,100° celsius,0.95,10.601,18.556,4,2,2,2,1,4,2,3,2,3,3,4,4,2,3,2,1,3,1,3,1,2,2,2,4,4,2,4,4,4,3,4,2,4,3,2,2,8,,,,,,,,,,,,,,,,,,,,,,,,,,,,,,,0.939393939,0.616161616,0.303030303,0,0.101010101,0.151515152,0.121212121,0.090909091,0.121212121,0.626262626,0.181818182,0.696969697,0.828282828,0.525252525,0.97979798,0.646464646,0.676767677,0.212121212,0.444444444,0.787878788,0.060606061,0.222222222,0.01010101,0.212121212,0.070707071,0.02020202,0.272727273,0.878787879,0.656565657,0.868686869,,,0.418855219,0.402693603,,,,,,,,,,,,,,,,,,,,,,,,,,,,,,,0,0,0,0,0,0,0,0,0,0,0,0,0,0,0.808080808,0.525252525,0.424242424,0.131313131,0.171717172,0.606060606,0.04040404,0.313131313,0,0.171717172,0,0.02020202,0.142857143,0.838383838,0.535353535,0.808080808,,,0.053872054,0.315247715,,,,,,,,,,,,,,,,,,,,,,,,,,,,,,,0,0,0,0,0,0,0,0,0,0,0,0,0,0,0.525252525,0,0.050505051,0.03030303,0.02020202,0.02020202,0,0.050505051,0,0.080808081,0,0,0.030612245,0.060606061,0.272727273,0.525252525,,,0.035016835,0.07611489,0.418855219,0.053872054,0.402693603,0.315247715,0.035016835,0.07611489,2.666666667,2,3.428571429,2.857142857,2.738095238
,,,,100,1438,TRUE,17/02/2024 14:59,,,,,,,,anonymous,en,"i consent, begin the study",male,26,chilean,chile,latin american,1,no,bilingual (2),chile,,,,,santiago,2.826,5.783,6.042,2,alexis sanchez,0.545,7.78,22.795,3,biden,0.794,12.748,13.016,3,quinta vergara,0.817,24.407,24.672,2,cordillera los andes,1.053,1.053,25.272,1,cazuela,0.641,0.641,20.671,1,estatua rapa nui,0.585,0.585,16.273,1,bad bunny,1.202,8.412,11.129,2,el princesito,0.696,5.335,8.801,3,tvn,0.935,3.586,7.136,6,arauco,1.938,22.857,48.576,11,michelle ¿bachelet,0.981,13.436,17.549,4,pesos,0.201,1.096,5.166,3,copihue,1.365,18.844,19.324,2,futbol,green,1.043,5.527,7.319,2,,,,,new york,27.224,52.55,59.865,4,messi,6.282,11.838,14.429,5,biden,5.953,12.648,17.479,26,eiffel tower,2.047,2.047,6.459,1,mount everest,1.227,1.227,6.765,1,pizza,1.956,1.956,12.403,1,statue of liberty,1.245,32.718,36.264,3,bruno mars,1.691,1.691,12.268,1,lord of the rings,0.955,2.565,7.615,4,cnn,0.978,0.978,15.958,1,miami,2.634,9.935,16.048,6,indira,1.437,21.829,24.095,10,dollar,1.036,3.738,4.035,3,rose,2.615,13.109,17.139,3,football,90 celsius,3.029,22.598,24.597,3,2,2,2,1,2,2,2,2,2,2,4,2,1,1,1,1,1,1,1,1,1,1,1,1,1,1,4,4,4,2,2,2,2,2,2,2,10,,,,,,,,,,,,,,,,,,,,,,,,,,,,,,,0.939393939,0.616161616,0.141414141,0,0.424242424,0.151515152,0.060606061,0.070707071,0.080808081,0.626262626,0,0.696969697,0.828282828,0.525252525,0.97979798,0.646464646,0.676767677,0.323232323,0.444444444,0.787878788,0.292929293,0.101010101,0.01010101,0.101010101,0.343434343,0.060606061,0,0.878787879,0.656565657,0.868686869,,,0.409427609,0.412794613,,,,,,,,,,,,,,,,,,,,,,,,,,,,,,,0,0,0.252525253,0,0,0,0,0,0,0,0,0,0,0,0.808080808,0.525252525,0.424242424,0.252525253,0.171717172,0.606060606,0.090909091,0.161616162,0.01010101,0.03030303,0,0.02020202,0,0.838383838,0.535353535,0.808080808,,,0.070707071,0.298316498,,,,,,,,,,,,,,,,,,,,,,,,,,,,,,,0,0,0.080808081,0,0,0,0,0,0,0,0,0,0,0,0.525252525,0,0.050505051,0.080808081,0.02020202,0.02020202,0,0.01010101,0,0.01010101,0,0,0,0.060606061,0.272727273,0.525252525,,,0.04040404,0.07003367,0.409427609,0.070707071,0.412794613,0.298316498,0.04040404,0.07003367,2.083333333,1,2.285714286,2,1.842261905
,,,,100,613,TRUE,17/02/2024 15:02,,,,,,,,anonymous,en,"i consent, begin the study",female,34,chile,chile,latin american,0,no,bilingual (2),chile,,,,,santiago,0.645,0.645,2.882,1,alexis sanchez,0.323,0.323,7.438,1,obama,0.456,0.456,6.771,1,costanera center,0.422,0.422,10,1,andes,0.469,0.469,3.895,1,empanadas,0.376,0.376,6.437,1,pyramids,0.424,0.424,5.443,1,bad bunny,0.542,0.542,24.447,1,the bible,11.964,11.964,16.221,1,t13,1.117,1.117,6.696,1,new york,3.013,3.013,5.682,1,hilary clinton,0.824,0.824,7.968,1,pesos,0.505,0.505,2.983,1,rosa,0.747,0.747,2.521,1,soccer,green,0.918,0.918,3.07,1,,,,,new york,0.664,0.664,2.866,1,messi,0.303,0.303,2.233,1,obama,0.372,0.372,1.899,1,empire state,0.285,0.285,4.223,1,everest,0.953,0.953,4.775,1,burguer,0.397,0.397,10.242,1,pyramids,1.311,1.311,7.491,1,elvis presley,0.288,0.288,4.998,1,the bible,0.346,0.346,2.819,1,fox,0.419,0.419,2.384,1,paris,0.404,0.404,2.462,1,hilary clinton,0.575,0.575,9.479,1,dollar,0.411,0.411,2.074,1,rose,0.253,0.253,1.743,1,soccer,100 celsius,0.457,0.457,6.198,1,2,2,2,2,2,2,2,2,2,2,2,2,1,1,3,2,1,2,2,1,1,2,3,3,3,2,3,2,3,2,2,2,2,2,2,3,10,,,,,,,,,,,,,,,,,,,,,,,,,,,,,,,0.939393939,0.616161616,0.131313131,0.666666667,0.424242424,0.232323232,0,0.070707071,0.080808081,0.080808081,0,0.03030303,0.828282828,0.313131313,0.97979798,0.646464646,0.676767677,0.131313131,0.313131313,0.787878788,0.090909091,0.04040404,0.04040404,0.212121212,0.070707071,0.454545455,0.090909091,0.878787879,0.656565657,0.868686869,,,0.35959596,0.397306397,,,,,,,,,,,,,,,,,,,,,,,,,,,,,,,0,0,0.111111111,0,0,0,0,0,0.171717172,0,0.121212121,0.071428571,0,0.535353535,0.808080808,0.525252525,0.424242424,0.111111111,0.252525253,0.606060606,0,0.070707071,0,0.171717172,0,0.363636364,0.071428571,0.838383838,0.535353535,0.808080808,,,0.121260221,0.318566619,,,,,,,,,,,,,,,,,,,,,,,,,,,,,,,0,0,0,0,0,0,0,0,0.080808081,0,0.01010101,0.020408163,0,0.272727273,0.525252525,0,0.050505051,0,0.050505051,0.02020202,0,0.01010101,0,0.080808081,0,0.01010101,0.020408163,0.060606061,0.272727273,0.525252525,,,0.060619803,0.073414416,0.35959596,0.121260221,0.397306397,0.318566619,0.060619803,0.073414416,2,1.6,2.714285714,2.142857143,2.114285714
,,,,100,1058,TRUE,17/02/2024 15:04,,,,,,,,anonymous,en,"i consent, begin the study",male,31,venezuelan,chile,latin american,0,no,multilingual (more than 2),chile,,,,,santiago,4.297,4.297,16.248,1,valdivia,4.661,4.661,11.072,1,biden,2.84,2.84,9.374,1,costanera center,1.612,1.612,7.528,1,torres del paine,1.739,1.739,10,1,completo,7.398,7.398,11.136,1,plaza baquedano,1.673,18.101,28.221,3,chayanne,1.967,1.967,5.668,1,principito,1.578,1.578,13.579,1,chilevisión,1.874,1.874,20.294,1,puerto montt,1.675,1.675,8.898,1,michelle bachelet,1.826,1.826,8.631,1,peso,1.497,1.497,7.001,1,orquidea,1.875,1.875,7.773,1,futbol,green,2.571,2.571,7.382,1,,,,,new york,2.537,2.537,11.134,1,messi,1.159,1.159,7.922,1,obama,0.995,0.995,5.479,1,empire state,1.391,1.391,6.63,1,everest,0.712,0.712,4.653,1,hot dog,1,1,8.255,1,pacific ocean,1.459,1.459,11.073,1,michael jackson,1.437,1.437,8.488,1,"rich father, poor father.",0.884,0.884,26.681,1,saturday's night show,1.46,1.46,14.429,1,venecia,0.943,0.943,7.617,1,hillary clinton,1.444,1.444,13.352,1,usd,1.146,1.146,3.866,1,roses,1.014,1.014,6.971,1,football,100°c,1.984,59.028,65.87,2,2,2,2,2,2,2,2,2,2,2,2,2,2,2,2,2,2,2,2,2,2,2,3,2,2,3,3,2,2,3,2,2,4,2,3,3,10,,,,,,,,,,,,,,,,,,,,,,,,,,,,,,,0.939393939,0.01010101,0.141414141,0.666666667,0.01010101,0.161616162,0.04040404,0.050505051,0.080808081,0.111111111,0,0.696969697,0.828282828,0,0.97979798,0.646464646,0.676767677,0.131313131,0.313131313,0.787878788,0.01010101,0.01010101,0.252525253,0,0,0.02020202,0.090909091,0.878787879,0.656565657,0.868686869,,,0.314478114,0.356228956,,,,,,,,,,,,,,,,,,,,,,,,,,,,,,,0,0,0.252525253,0,0,0,0,0,0,0,0,0,0,0,0.808080808,0.525252525,0.424242424,0.111111111,0.252525253,0.606060606,0,0,0.131313131,0,0,0,0.071428571,0.838383838,0.535353535,0.808080808,,,0.070707071,0.286916787,,,,,,,,,,,,,,,,,,,,,,,,,,,,,,,0,0,0.080808081,0,0,0,0,0,0,0,0,0,0,0,0.525252525,0,0.050505051,0,0.050505051,0.02020202,0,0,0,0,0,0,0.020408163,0.060606061,0.272727273,0.525252525,,,0.04040404,0.06668041,0.314478114,0.070707071,0.356228956,0.286916787,0.04040404,0.06668041,2,2,2.428571429,2.714285714,2.285714286
,,,,100,1226,TRUE,17/02/2024 15:09,,,,,,,,anonymous,en,"i consent, begin the study",female,21,chilean,chile,white-latin american,-1,no,bilingual (2),chile,,,,,santiago,2.076,2.076,9.996,1,alexis sanchez,2.242,2.242,22.956,1,gabriel boric,3.109,3.109,23.276,1,costanera center,1.723,1.723,40.492,1,volcan villarica,1.193,1.193,30.375,1,pastel de choclo,0.947,0.947,8.9,1,torres del paine,1.522,1.522,10.245,1,polima westcoast,1.494,1.494,67.345,1,papelucho,1.552,1.552,5.211,1,tvn,1.525,1.525,7.744,1,valparaíso,1.074,1.074,20.467,1,michelle bachelet,1.301,1.301,15.101,1,peso,1.371,1.371,3.922,1,copihue,1.022,1.022,5.693,1,futbol,green,4.23,23.824,32.939,3,,,,,paris,2.598,2.598,8.154,1,messi,0.911,0.911,5.995,1,biden,0.979,0.979,32.534,1,eiffel tower,1.392,29.091,32.414,2,everest,1.664,8.52,11.227,2,spaguetti,1.455,1.455,10.816,1,egyptian pyramids,1.703,24.81,58.99,4,michael jackson,1.819,1.819,12.801,1,harry potter,0.778,0.778,10.262,1,bbc,1.232,1.232,6.164,1,paris,0.694,0.694,9.156,1,greta thunberg,0.875,0.875,17.255,1,dolar,1.381,1.381,4.176,1,sunflower,0.892,0.892,9.323,1,futbol,100ºc,2.404,2.404,21.801,1,3,1,1,1,1,1,1,1,1,3,1,1,1,1,1,1,1,1,1,3,1,1,3,4,4,1,2,4,1,1,1,1,1,1,1,1,9,,,,,,,,,,,,,,,,,,,,,,,,,,,,,,,0.939393939,0.616161616,0.303030303,0.666666667,0.02020202,0.131313131,0.151515152,0.01010101,0.151515152,0.626262626,0.181818182,0.696969697,0.828282828,0.525252525,0.97979798,0.080808081,0.676767677,0.323232323,0.444444444,0.787878788,0.161616162,0.04040404,0.252525253,0.242424242,0.353535354,0.454545455,0.04040404,0.878787879,0.141414141,0.868686869,,,0.455218855,0.383164983,,,,,,,,,,,,,,,,,,,,,,,,,,,,,,,0,0,0,0,0,0,0,0,0,0,0,0,0,0,0.808080808,0.060606061,0.424242424,0.252525253,0.171717172,0.606060606,0.232323232,0.070707071,0.131313131,0.141414141,0,0.363636364,0,0.838383838,0.212121212,0.808080808,,,0.053872054,0.287542088,,,,,,,,,,,,,,,,,,,,,,,,,,,,,,,0,0,0,0,0,0,0,0,0,0,0,0,0,0,0.525252525,0,0.050505051,0.080808081,0.02020202,0.02020202,0.060606061,0.01010101,0,0.060606061,0,0.01010101,0.010204082,0.060606061,0.131313131,0.525252525,,,0.035016835,0.069367141,0.455218855,0.053872054,0.383164983,0.287542088,0.035016835,0.069367141,1.333333333,1.2,2.714285714,1,1.561904762
,,,,100,1842,TRUE,17/02/2024 15:12,,,,,,,,anonymous,en,"i consent, begin the study",male,28,chilean,chile,latin american-white middle height,0,no,bilingual (2),chile,,,,,santiago,1.728,1.728,8.113,1,alexis sanchez,0.773,0.773,7.38,1,gabriel boric,0.7,0.7,17.205,1,costanera center,0.639,0.639,6.604,1,ojos del salado,0.716,18.432,25.738,2,empanadas,3.871,3.871,7.556,1,plaza italia,0.932,46.92,54.057,3,victor jara,1.269,32.305,36.041,2,papelucho,0.787,23.139,31.064,2,divina comida,4.735,4.735,24.188,1,valparaiso,0.723,0.723,5.039,1,michelle bachelet,0.977,0.977,6.744,1,peso,0.703,0.703,4.371,1,copihue,0.863,0.863,4.579,1,fútbol,green,5.121,9.993,11.208,2,,,,,tokyo,11.168,11.168,35.105,1,lionel messi,12.967,12.967,26.312,1,putin,5.887,5.887,15.925,1,empire state,3.372,3.372,23.458,1,mount everest,1.885,18.133,19.328,2,pizza,4.983,17.312,20.788,2,ecuator line,3.213,8.268,20.043,2,chayanne,20.656,20.656,24.523,1,diccionary,12.934,31.269,32.775,3,america got's talent,5.212,5.212,17.256,1,miami,1.972,1.972,19.668,1,jacinda ardern,70.524,70.856,72.001,2,dolar,1.816,1.816,4.991,1,rose,5.326,5.326,9.232,1,soccer,100°c,5.373,18.037,24.536,3,2,2,1,3,1,1,2,1,1,1,4,2,1,1,1,1,1,1,1,1,1,1,1,4,2,1,4,2,3,2,2,2,2,2,2,2,9,,,,,,,,,,,,,,,,,,,,,,,,,,,,,,,0.939393939,0.616161616,0.303030303,0.666666667,0.04040404,0.232323232,0.04040404,0.03030303,0.151515152,0,0.181818182,0.696969697,0.828282828,0.525252525,0.97979798,0.02020202,0.676767677,0.181818182,0.313131313,0.787878788,0.292929293,0.04040404,0.02020202,0,0,0.060606061,0.02020202,0.878787879,0.656565657,0.868686869,,,0.415488215,0.321212121,,,,,,,,,,,,,,,,,,,,,,,,,,,,,,,0,0,0,0,0,0,0,0,0,0,0,0,0,0,0.808080808,0,0.424242424,0.222222222,0.252525253,0.606060606,0.090909091,0,0,0,0,0.02020202,0.030612245,0.838383838,0.535353535,0.808080808,,,0.053872054,0.25523947,,,,,,,,,,,,,,,,,,,,,,,,,,,,,,,0,0,0,0,0,0,0,0,0,0,0,0,0,0,0.525252525,0,0.050505051,0.080808081,0.050505051,0.02020202,0,0,0,0,0,0,0.020408163,0.060606061,0.272727273,0.525252525,,,0.035016835,0.072067615,0.415488215,0.053872054,0.321212121,0.25523947,0.035016835,0.072067615,1.75,1,2.428571429,2,1.794642857
,,,,100,1674,TRUE,17/02/2024 15:18,,,,,,,,anonymous,en,"i consent, begin the study",female,20,argentinian,chile,asian,-1,no,multilingual (more than 2),chile,,,,,santiago,2.179,2.179,14.548,1,alexis sánchez,0.756,3.175,10.46,3,gabriel boric,0.276,0.276,15.152,1,costanera center,0.557,0.557,17.685,1,mount everest,0.66,15.741,19.422,2,sopaipillas,1.114,1.114,23.193,1,la moneda,0.687,0.687,7.708,1,peso pluma,0.543,0.543,6.784,1,la amortajada,0.727,0.727,9.106,1,meganoticias,0.678,0.678,7.941,1,viña del mar,0.606,0.606,4.85,1,michelle bachelet,0.453,0.453,5.522,1,pesos,0.305,0.305,3.257,1,copihue,0.614,0.614,12.736,1,fútbol,green,1.161,1.161,9.511,1,,,,,new york,1.145,1.145,11.101,1,lionel messi,0.393,0.393,16.817,1,vladimir putin,0.284,6.395,10.593,2,eiffel tower,0.387,0.387,22.212,1,mount everest,0.475,0.475,10.569,1,pizza,0.476,0.476,9.499,1,eiffel tower,6.479,6.479,12.096,1,michael jackson,1.011,1.011,23.215,1,the bible,1.098,1.098,12.441,1,cnn,0.483,0.483,30.641,1,paris,0.336,0.336,5.07,1,queen elizabeth ii,0.468,0.468,13.892,1,usd,0.318,0.318,4.723,1,rose,0.491,0.491,7.959,1,football,100°c,1.378,1.378,13.261,1,2,3,4,2,4,2,2,1,1,1,2,2,1,1,2,1,1,1,1,1,1,1,1,2,3,1,3,3,2,2,2,2,2,2,2,2,10,,,,,,,,,,,,,,,,,,,,,,,,,,,,,,,0.939393939,0.616161616,0.303030303,0.666666667,0.181818182,0.01010101,0.121212121,0.03030303,0,0.04040404,0.333333333,0.696969697,0.828282828,0.525252525,0.97979798,0.646464646,0.676767677,0.181818182,0.444444444,0.787878788,0.292929293,0.222222222,0.252525253,0.212121212,0.343434343,0.454545455,0.070707071,0.878787879,0.656565657,0.868686869,,,0.418181818,0.465993266,,,,,,,,,,,,,,,,,,,,,,,,,,,,,,,0,0,0,0,0.606060606,0,0,0,0,0,0,0,0,0,0.808080808,0.525252525,0.424242424,0.222222222,0.171717172,0.606060606,0.090909091,0.313131313,0.131313131,0.171717172,0,0.363636364,0.091836735,0.838383838,0.535353535,0.808080808,,,0.094276094,0.352923796,,,,,,,,,,,,,,,,,,,,,,,,,,,,,,,0,0,0,0,0.02020202,0,0,0,0,0,0,0,0,0,0.525252525,0,0.050505051,0.080808081,0.02020202,0.02020202,0,0.050505051,0,0.080808081,0,0.01010101,0.06122449,0.060606061,0.272727273,0.525252525,,,0.036363636,0.082196111,0.418181818,0.094276094,0.465993266,0.352923796,0.036363636,0.082196111,2.166666667,1.1,2.142857143,2,1.852380952
,,,,100,3869,TRUE,17/02/2024 15:41,,,,,,,,anonymous,en,"i consent, begin the study",female,26,chilena,chile,white,0,no,monolingual (1),chile,,,,,santiago,0.719,0.719,4.899,1,alexis sanchez,0.741,0.741,12.18,1,sebastian piñera,1.008,1.008,8.539,1,costanera center,0.759,5.486,9.768,2,cordillera de los andes,0.538,23.042,23.936,4,cazuela,2.137,2.137,6.559,1,plaza de armas,1.354,21.154,36.392,2,jorge gonzalez,1.465,1.465,21.216,1,papelucho,0.821,0.821,8.702,1,tvn,1.635,1.635,4.712,1,valparaiso,0.842,0.842,4.787,1,michelle bachelet,1.153,1.153,5.903,1,dolar,0.943,19.128,22.047,4,copihue,0.643,0.643,7.644,1,futbol,verde,2.007,2.007,7.654,1,,,,,new york,4.765,11.173,17.844,4,messi,1.77,1.77,5.802,1,putín,2.26,2.26,8.907,1,eiffel tower,1.121,1.121,11.951,1,everest,1.069,1.069,15.54,1,lasagna,3.016,25.598,30.58,2,the golden gate bridge,8.071,106.655,108.656,3,justin bieber,1.17,1.17,5.113,1,the holy bible,1.023,30.592,34.048,4,cnn,18.632,38.513,41.247,2,"paris, france",1.753,1.753,8.262,1,michelle obama,8.371,8.371,14.33,1,dolar,4.328,26.752,29.807,4,rose,1.053,1.053,6.437,1,futbol,100° celsius,9.352,17.745,27.512,2,2,1,1,1,1,1,4,1,1,2,2,2,1,2,1,1,2,1,1,1,2,1,2,3,2,1,3,2,1,2,2,1,1,1,1,2,9,,,,,,,,,,,,,,,,,,,,,,,,,,,,,,,0.939393939,0.616161616,0.101010101,0.666666667,0.424242424,0.151515152,0.03030303,0.090909091,0.151515152,0.626262626,0.181818182,0.696969697,0.141414141,0.525252525,0.97979798,0.646464646,0.676767677,0.181818182,0.444444444,0.787878788,0.060606061,0,0.101010101,0.212121212,0.343434343,0.454545455,0.050505051,0.878787879,0.656565657,0.868686869,,,0.421548822,0.424242424,,,,,,,,,,,,,,,,,,,,,,,,,,,,,,,0,0,0,0,0,0,0,0,0,0,0,0,0.838383838,0,0.808080808,0.525252525,0.424242424,0.222222222,0.171717172,0.606060606,0.04040404,0,0.111111111,0.171717172,0,0.363636364,0.12244898,0.838383838,0.535353535,0.808080808,,,0.10976431,0.329375387,,,,,,,,,,,,,,,,,,,,,,,,,,,,,,,0,0,0,0,0,0,0,0,0,0,0,0,0.060606061,0,0.525252525,0,0.050505051,0.080808081,0.02020202,0.02020202,0,0,0.02020202,0.080808081,0,0.01010101,0.051020408,0.060606061,0.272727273,0.525252525,,,0.039057239,0.079495637,0.421548822,0.10976431,0.424242424,0.329375387,0.039057239,0.079495637,1.583333333,1.3,2,1.428571429,1.57797619
,,,,100,1554,TRUE,17/02/2024 16:37,,,,,,,,anonymous,en,"i consent, begin the study",female,25,chilean,chile,latin american,-1,no,bilingual (2),chile,,,,,santiago,7.149,7.149,12.649,1,arturo vidal,19.505,19.505,34.002,1,joe biden,4.302,4.302,53.46,1,costanera center,2.992,2.992,12.477,1,aconcagua,2.914,15.122,30.75,2,humitas,3.422,3.422,15.125,1,palacio de la moneda,4.385,32.435,86.264,2,polimá westcoast,3.297,3.297,120.52,1,en la sombra del príncipe harry,2.953,177.395,179.835,3,tvn,41.936,42.119,46.735,2,valparaíso,2.879,11.157,17.461,2,michelle bachelet,2.264,2.264,8.2,1,peso,2.095,2.095,6.4,1,copihue,1.212,8.5,9.27,2,futbol,verde,1.739,1.739,6.354,1,,,,,londres,29.056,29.056,33.302,1,cristiano ronaldo,4.85,4.85,13.333,1,donald trump,0.92,0.92,23.076,1,torre eiffel,0.801,5.894,22.916,2,everest,3.026,3.026,7.314,1,sushi,10.428,12.046,58.38,2,coliseo romano,20.929,32.581,50.324,4,michael jackson,3.299,33.543,36.516,2,the bible,1.001,1.001,9.775,1,bbc,1.33,1.33,6.991,1,paris,1.501,1.501,6.151,1,angela merkel,1.16,1.16,55.702,1,dolar,1.195,1.195,6.541,1,rosa,1.223,1.223,10.782,1,futbol/soccer,100 °c a 1 atm,2.332,20.14,60.226,2,2,1,2,2,2,2,2,1,2,2,3,2,1,1,1,1,1,1,1,2,1,1,2,3,3,1,3,3,2,2,2,1,1,1,2,1,9,,,,,,,,,,,,,,,,,,,,,,,,,,,,,,,0.939393939,0.171717172,0.141414141,0.666666667,0.101010101,0.02020202,0.121212121,0.01010101,0,0.626262626,0.181818182,0.696969697,0.828282828,0.525252525,0.97979798,0.080808081,0.080808081,0.212121212,0.444444444,0.787878788,0.060606061,0,0.252525253,0.212121212,0.353535354,0.454545455,0.272727273,0.878787879,0.656565657,0.868686869,,,0.400673401,0.374410774,,,,,,,,,,,,,,,,,,,,,,,,,,,,,,,0,0,0.252525253,0,0,0,0,0,0,0,0,0,0,0,0.808080808,0.080808081,0.282828283,0.131313131,0.171717172,0.606060606,0.161616162,0,0.131313131,0.171717172,0,0.363636364,0.142857143,0.838383838,0.535353535,0.808080808,,,0.070707071,0.295045695,,,,,,,,,,,,,,,,,,,,,,,,,,,,,,,0,0,0.080808081,0,0,0,0,0,0,0,0,0,0,0,0.525252525,0,0.04040404,0.03030303,0.02020202,0.02020202,0.03030303,0,0,0.080808081,0,0.01010101,0.030612245,0.060606061,0.272727273,0.525252525,,,0.04040404,0.074768089,0.400673401,0.070707071,0.374410774,0.295045695,0.04040404,0.074768089,1.916666667,1.1,2.428571429,1.428571429,1.718452381
,,,,99,621,FALSE,,,,,,,,,anonymous,en,"i consent, begin the study",female,30,chilean,chile,latin american,0,no,bilingual (2),chile,,,,,santiago,1.469,1.469,6.594,1,alexis sánchez,1.05,1.05,7.676,1,joe biden,0.764,0.764,10.575,1,costanera center,0.449,0.449,8.506,1,everest,0.47,6.373,6.31,2,empanada,1.376,1.376,6.786,1,costa,0.565,0.565,6.223,1,americo,0.695,0.695,5.707,1,pulgarcito,0.535,33.109,33.165,5,tvn,1.166,1.166,4.785,1,santiago,0.607,0.607,4.958,1,hilary clinton,0.802,0.802,14.969,1,dólar,0.472,0.472,6.002,1,rosa,0.405,0.405,3.884,1,fútbol,verde,3.692,4.977,11.562,2,,,,,ny,1.772,1.772,9.911,1,ibraimovich,0.785,0.785,11.664,1,trump,0.547,0.547,6.144,1,empire state,0.237,0.237,9.369,1,everest,0.267,0.267,3.409,1,ceviche,0.398,0.398,6.307,1,walmart,0.594,5.258,5.304,2,usher,0.243,0.243,4.12,1,harry potter,0.525,0.525,12.22,1,bbc,0.804,5.326,5.379,2,ny,0.315,4.103,4.155,2,hilary clinton,0.499,0.499,8.194,1,usd,0.344,0.344,9.01,1,rose,0.521,0.521,3.303,1,soccer,100 degrees,1.734,3.019,9.215,3,2,2,2,1,3,1,1,2,2,2,2,2,1,1,1,2,1,1,1,2,1,2,4,3,4,2,3,3,3,3,3,2,2,3,2,2,10,,,,,,,,,,,,,,,,,,,,,,,,,,,,,,,0.939393939,0.616161616,0.141414141,0.666666667,0.181818182,0.232323232,0,0.060606061,0,0.626262626,0.090909091,0.03030303,0.141414141,0.313131313,0.97979798,0.646464646,0,0.212121212,0.313131313,0.787878788,0,0,0.04040404,0.242424242,0.353535354,0.121212121,0.090909091,0.878787879,0.656565657,0.868686869,,,0.334680135,0.347474747,,,,,,,,,,,,,,,,,,,,,,,,,,,,,,,0,0,0.252525253,0,0.606060606,0,0,0,0,0,0,0.071428571,0.838383838,0.535353535,0.808080808,0.525252525,0,0.131313131,0.252525253,0.606060606,0,0,0.090909091,0.141414141,0,0.121212121,0.071428571,0.838383838,0.535353535,0.808080808,,,0.207455507,0.274795575,,,,,,,,,,,,,,,,,,,,,,,,,,,,,,,0,0,0.080808081,0,0.02020202,0,0,0,0,0,0,0.020408163,0.060606061,0.272727273,0.525252525,0,0,0.03030303,0.050505051,0.02020202,0,0,0.070707071,0.060606061,0,0.01010101,0.020408163,0.060606061,0.272727273,0.525252525,,,0.065333608,0.074761218,0.334680135,0.207455507,0.347474747,0.274795575,0.065333608,0.074761218,1.833333333,1.3,3.142857143,2.428571429,2.176190476
,,,,99,874,FALSE,,,,,,,,,anonymous,en,"i consent, begin the study",i describe my gender in a different way (describe if you wish),25,chile,chile,latin american,0,no,bilingual (2),chile,,,,,santiago,0.702,0.702,6.54,1,alexis sanchez,0.022,0.794,10.312,2,biden,0.481,0.481,5.87,1,white house,0.144,0.144,8.424,1,everest,0.013,0.405,3.569,2,empanada,0.101,0.555,7.833,2,eiffel tower,0.045,0.468,8.401,2,freddy mercury,0.445,6.12,6.401,2,the bible,4.172,6.707,6.931,2,tvn,0.172,6.374,6.942,3,san pedro de atacama,0.128,0.128,7.003,1,michelle bachelet,0.167,0.167,5.865,1,peso chileno,185.856,191.347,191.617,2,copihue,0.252,0.252,4.994,1,soccer,most common color in nature,22.159,36.664,36.875,2,,,,,new york,1.71,1.71,7.401,1,messi,0.968,10.595,11.033,3,joe biden,0.377,11.255,13.921,3,white house,0.797,0.797,7.016,1,everest,0.203,5.755,6.038,2,pizza,1.028,14.976,15.208,2,eiffel tower,1.154,23.346,23.658,2,freddy mercury,2.316,10.939,15.41,4,the bible,7.677,10.951,11.191,3,bbc,1.301,8.626,11.935,5,paris,0.287,13.386,15.818,2,jacinda ardern,27.299,28.059,28.327,2,dollar,0.992,5.403,8.755,2,rose,6.07,6.07,8.184,1,soccer,temperature of common boiling liquids,1.56,74.339,77.206,11,3,2,2,2,3,2,2,1,2,2,2,3,1,1,1,2,1,2,1,1,2,1,4,3,2,1,2,3,2,4,3,2,3,3,2,3,11,,,,,,,,,,,,,,,,,,,,,,,,,,,,,,,0.939393939,0.616161616,0.141414141,0,0.181818182,0.232323232,0.02020202,0.01010101,0.080808081,0.626262626,0.04040404,0.696969697,0.828282828,0.525252525,0.97979798,0.646464646,0.676767677,0.323232323,0,0.787878788,0.292929293,0.222222222,0.02020202,0.212121212,0.353535354,0.454545455,0.02020202,0.878787879,0.656565657,0.868686869,,,0.394612795,0.427609428,,,,,,,,,,,,,,,,,,,,,,,,,,,,,,,0,0,0.252525253,0.090909091,0.606060606,0,0.313131313,0,0.171717172,0,0,0,0,0,0.808080808,0.525252525,0.424242424,0.252525253,0.090909091,0.606060606,0.090909091,0.313131313,0,0.171717172,0,0.363636364,0.030612245,0.838383838,0.535353535,0.808080808,,,0.149494949,0.336720951,,,,,,,,,,,,,,,,,,,,,,,,,,,,,,,0,0,0.080808081,0,0.02020202,0,0.050505051,0,0.080808081,0,0,0,0,0,0.525252525,0,0.050505051,0.080808081,0,0.02020202,0,0.050505051,0,0.080808081,0,0.01010101,0.020408163,0.060606061,0.272727273,0.525252525,,,0.050505051,0.078128221,0.394612795,0.149494949,0.427609428,0.336720951,0.050505051,0.078128221,2.166666667,1.3,2.428571429,2.857142857,2.188095238
